ano,sexo,gr_et,poblacion,conteo_defunciones,tasa_x100k
1979,1,1,1139607,97.0,8.51170622855072
1979,1,2,1086625,23.0,2.116645576900955
1979,1,3,1392373,15.0,1.0772975344968625
1979,1,4,1284247,24.0,1.8687993820503377
1979,1,5,1319364,51.0,3.865498831255059
1979,1,6,1083295,54.0,4.984791769554923
1979,1,7,737372,44.0,5.967137347227722
1979,1,8,609934,67.0,10.984795076188572
1979,1,9,515365,56.0,10.866085201750217
1979,1,10,548165,61.0,11.12803626645262
1979,1,11,368430,87.0,23.61371223841707
1979,1,12,292102,78.0,26.70300100649773
1979,1,13,283896,85.0,29.940541606785583
1979,1,14,218785,94.0,42.964554242749735
1979,1,15,154104,70.0,45.42386959455952
1979,1,16,104854,53.0,50.546474145001625
1979,1,17,107161,67.0,62.52274614831888
1979,2,1,1773746,78.0,4.397472918895941
1979,2,2,1694843,18.0,1.0620452749900728
1979,2,3,1397024,16.0,1.1452917057974668
1979,2,4,1292259,24.0,1.8572128342692913
1979,2,5,1125534,39.0,3.465021936254258
1979,2,6,1116875,48.0,4.29770565193061
1979,2,7,539342,44.0,8.158088930585787
1979,2,8,721030,50.0,6.934524222293108
1979,2,9,591506,44.0,7.438639675675311
1979,2,10,418218,50.0,11.955487329574527
1979,2,11,419586,56.0,13.34648915836086
1979,2,12,324837,43.0,13.237408300162851
1979,2,13,257252,51.0,19.82491875670549
1979,2,14,196985,39.0,19.798461811813084
1979,2,15,140469,48.0,34.17124062960511
1979,2,16,69151,26.0,37.5988778181082
1979,2,17,132294,38.0,28.723902822501397
1980,1,1,1480050,96.0,6.486267355832574
1980,1,2,1387522,17.0,1.22520579853869
1980,1,3,1698306,6.0,0.3532932227761075
1980,1,4,1301187,25.0,1.9213226077420078
1980,1,5,1357916,47.0,3.4611861116593365
1980,1,6,1113219,59.0,5.299945473442333
1980,1,7,926567,48.0,5.180413289055189
1980,1,8,628291,67.0,10.663848439656146
1980,1,9,405829,76.0,18.72709934479793
1980,1,10,559496,72.0,12.868724709381299
1980,1,11,463701,86.0,18.546434016747863
1980,1,12,363466,85.0,23.38595632053617
1980,1,13,240007,101.0,42.082105938576795
1980,1,14,224639,88.0,39.173963559310714
1980,1,15,156577,95.0,60.67302349642668
1980,1,16,105719,74.0,69.99687851757963
1980,1,17,123523,61.0,49.38351562057268
1980,2,1,1802720,58.0,3.21736043312328
1980,2,2,1689398,21.0,1.2430463395836862
1980,2,3,1397494,13.0,0.9302365519995076
1980,2,4,1622932,18.0,1.1091037702134163
1980,2,5,1405431,59.0,4.198000471029884
1980,2,6,949550,50.0,5.265652151018903
1980,2,7,936863,51.0,5.443698811886049
1980,2,8,608749,42.0,6.899395317281836
1980,2,9,489705,45.0,9.18920574631666
1980,2,10,525387,55.0,10.468473715565858
1980,2,11,434883,62.0,14.256708126093686
1980,2,12,337274,50.0,14.824741901243499
1980,2,13,265255,57.0,21.488756102618236
1980,2,14,128002,42.0,32.811987312698236
1980,2,15,142242,41.0,28.824116646278878
1980,2,16,107626,43.0,39.95317116681842
1980,2,17,135724,41.0,30.208364032890277
1981,1,1,1852757,84.0,4.533783977067689
1981,1,2,1690651,20.0,1.1829762618068425
1981,1,3,1691626,21.0,1.24140915308703
1981,1,4,1623643,31.0,1.9092867089624999
1981,1,5,1395984,45.0,3.223532647938658
1981,1,6,709100,64.0,9.02552531377803
1981,1,7,951712,60.0,6.304428230389026
1981,1,8,630754,72.0,11.414909774650656
1981,1,9,651996,76.0,11.656513230142517
1981,1,10,570183,85.0,14.907494611379155
1981,1,11,388023,85.0,21.905917948162866
1981,1,12,304524,88.0,28.897558156335787
1981,1,13,243203,102.0,41.9402721183538
1981,1,14,184089,101.0,54.864766498813076
1981,1,15,133241,105.0,78.80457216622511
1981,1,16,106985,70.0,65.42973314015983
1981,1,17,132224,91.0,68.82260406582769
1981,2,1,1504446,79.0,5.251102399155569
1981,2,2,1690263,24.0,1.4198973769170833
1981,2,3,1701017,14.0,0.8230370419578406
1981,2,4,1648370,25.0,1.5166497812991016
1981,2,5,1448622,45.0,3.1064004274406987
1981,2,6,1198895,52.0,4.337327288878509
1981,2,7,973004,40.0,4.11098001652614
1981,2,8,780255,52.0,6.66448789177897
1981,2,9,626296,47.0,7.504438795713209
1981,2,10,441188,37.0,8.386447500838644
1981,2,11,449599,52.0,11.565862023714466
1981,2,12,350856,49.0,13.965843536949631
1981,2,13,273983,59.0,21.534182777763586
1981,2,14,212693,43.0,20.2169323861152
1981,2,15,145717,41.0,28.13673078638731
1981,2,16,89097,34.0,38.16065636328945
1981,2,17,138141,59.0,42.70998472575123
1982,1,1,1881669,70.0,3.720101675693228
1982,1,2,1696792,16.0,0.942955883808976
1982,1,3,1377674,13.0,0.9436194629498706
1982,1,4,1644034,16.0,0.9732158823965927
1982,1,5,1432720,42.0,2.9314869618627504
1982,1,6,1183324,53.0,4.478908566039394
1982,1,7,807618,65.0,8.048359496692743
1982,1,8,808161,78.0,9.651542205080423
1982,1,9,667338,80.0,11.987928156346559
1982,1,10,373543,62.0,16.59782140208758
1982,1,11,491033,108.0,21.994448438292334
1982,1,12,389017,99.0,25.448759308719158
1982,1,13,246307,109.0,44.253715891143976
1982,1,14,150785,106.0,70.29876977152901
1982,1,15,96849,105.0,108.41619428182015
1982,1,16,108168,57.0,52.69580652318616
1982,1,17,132166,58.0,43.88420622550429
1982,2,1,818179,78.0,9.533366170483475
1982,2,2,1699232,19.0,1.1181522005235307
1982,2,3,1693214,16.0,0.9449484825899148
1982,2,4,1336014,29.0,2.170635936449768
1982,2,5,1490086,50.0,3.355511024195919
1982,2,6,1241670,39.0,3.1409311652854623
1982,2,7,1010064,40.0,3.9601450997164536
1982,2,8,811820,45.0,5.543100687344485
1982,2,9,647703,49.0,7.565195776459272
1982,2,10,441750,51.0,11.544991511035654
1982,2,11,463866,67.0,14.443826449879923
1982,2,12,292529,51.0,17.434168920004513
1982,2,13,183912,37.0,20.118317456174694
1982,2,14,178611,38.0,21.27528539675608
1982,2,15,151080,41.0,27.13794016415144
1982,2,16,86956,37.0,42.550255301531806
1982,2,17,143357,39.0,27.204810368520548
1983,1,1,1906298,59.0,3.095004033996783
1983,1,2,1711871,13.0,0.7594030157646224
1983,1,3,1669268,10.0,0.5990649793801834
1983,1,4,1352523,20.0,1.4787179219872786
1983,1,5,1207314,36.0,2.9818257719201466
1983,1,6,1220133,53.0,4.343788750898468
1983,1,7,650008,73.0,11.230631007618367
1983,1,8,834021,53.0,6.354756055303164
1983,1,9,685199,76.0,11.091668259877787
1983,1,10,588176,83.0,14.111422431381085
1983,1,11,413272,98.0,23.713196151687022
1983,1,12,403325,89.0,22.06657162338065
1983,1,13,311492,91.0,29.21423343135618
1983,1,14,240605,94.0,39.068182290476095
1983,1,15,168758,105.0,62.21927256781901
1983,1,16,69757,55.0,78.84513382169531
1983,1,17,141153,87.0,61.63524685979044
1983,2,1,1553481,47.0,3.0254634591604272
1983,2,2,1717802,9.0,0.5239253418030716
1983,2,3,1683697,10.0,0.5939310933024172
1983,2,4,1679907,21.0,1.2500692002593
1983,2,5,1262141,44.0,3.4861398211451813
1983,2,6,1285548,36.0,2.800362180175303
1983,2,7,1048131,44.0,4.197948538875389
1983,2,8,685765,49.0,7.145304878493362
1983,2,9,407052,49.0,12.037774043611135
1983,2,10,555839,46.0,8.27577769821837
1983,2,11,477301,53.0,11.104104118784583
1983,2,12,381012,62.0,16.272453361048996
1983,2,13,188092,59.0,31.367628607277286
1983,2,14,136516,39.0,28.568079932022616
1983,2,15,127428,52.0,40.80735788052861
1983,2,16,87784,28.0,31.896473161396155
1983,2,17,152139,56.0,36.80844490893196
1984,1,1,1576707,47.0,2.980896260370506
1984,1,2,1735377,14.0,0.8067411288728615
1984,1,3,1657763,11.0,0.6635447889716443
1984,1,4,1356055,27.0,1.9910696837517652
1984,1,5,1508337,52.0,3.447505431478509
1984,1,6,1257935,54.0,4.2927496253781
1984,1,7,858792,63.0,7.33588575580583
1984,1,8,860814,57.0,6.621639517944644
1984,1,9,573464,61.0,10.637110612000056
1984,1,10,597695,56.0,9.36932716519295
1984,1,11,515898,92.0,17.83298248878654
1984,1,12,417697,77.0,18.434415377654137
1984,1,13,320798,96.0,29.92537359958603
1984,1,14,206844,102.0,49.31252538144689
1984,1,15,142994,103.0,72.03099430745347
1984,1,16,110454,58.0,52.51054737718869
1984,1,17,110048,48.0,43.61733061936609
1984,2,1,1923927,38.0,1.9751269148985382
1984,2,2,1438882,19.0,1.3204696424029212
1984,2,3,1373996,11.0,0.8005845722986094
1984,2,4,1685764,19.0,1.1270854045999321
1984,2,5,1566022,28.0,1.7879697730938644
1984,2,6,1090730,43.0,3.942313863192541
1984,2,7,892119,49.0,5.4925407933246575
1984,2,8,733460,35.0,4.77190303493033
1984,2,9,553667,25.0,4.515349479018977
1984,2,10,568424,42.0,7.388850576330345
1984,2,11,489471,46.0,9.397900999242038
1984,2,12,396358,46.0,11.605669621907468
1984,2,13,243622,45.0,18.471238229716526
1984,2,14,233688,39.0,16.688918558077436
1984,2,15,111790,50.0,44.726719742374094
1984,2,16,69400,26.0,37.46397694524496
1984,2,17,156578,42.0,26.823691706369985
1985,1,1,1961984,53.0,2.701347207724426
1985,1,2,1445624,19.0,1.3143113285335606
1985,1,3,1641067,10.0,0.6093596422327668
1985,1,4,1641944,25.0,1.5225854231325795
1985,1,5,1224688,30.0,2.4496034908482813
1985,1,6,1305265,44.0,3.370962984528046
1985,1,7,1069588,77.0,7.199033646600373
1985,1,8,733071,62.0,8.457570958338279
1985,1,9,595169,75.0,12.601462777799247
1985,1,10,389167,51.0,13.104913828767598
1985,1,11,521086,90.0,17.27162119112776
1985,1,12,426845,93.0,21.787768393679205
1985,1,13,327445,119.0,36.34198109606193
1985,1,14,150856,114.0,75.56875430874476
1985,1,15,176340,116.0,65.7820120222298
1985,1,16,111163,87.0,78.26345096839776
1985,1,17,173488,83.0,47.84192566632851
1985,2,1,1948498,41.0,2.104184864444305
1985,2,2,1781399,14.0,0.785899172504307
1985,2,3,1660227,4.0,0.24093090884559765
1985,2,4,1677119,26.0,1.5502775891275455
1985,2,5,1297056,30.0,2.3129302050181333
1985,2,6,1128782,37.0,3.2778694203132224
1985,2,7,1116989,44.0,3.9391614420553824
1985,2,8,755029,49.0,6.48981694742851
1985,2,9,590653,47.0,7.9572947229591655
1985,2,10,578560,39.0,6.740873893805309
1985,2,11,495560,40.0,8.071676487206393
1985,2,12,407258,56.0,13.75049722780154
1985,2,13,313276,60.0,19.152440659354692
1985,2,14,238642,68.0,28.49456508074857
1985,2,15,139842,45.0,32.179173638820956
1985,2,16,73942,22.0,29.753049687592977
1985,2,17,205317,37.0,18.020914001276076
1986,1,1,1975634,36.0,1.8221998609054104
1986,1,2,1815449,15.0,0.8262418828620358
1986,1,3,1647328,7.0,0.42493055420656967
1986,1,4,1314050,10.0,0.7610060499980974
1986,1,5,1246616,28.0,2.2460805893715468
1986,1,6,1346256,58.0,4.308244494360657
1986,1,7,1105525,73.0,6.603197575812397
1986,1,8,580726,68.0,11.709480891160375
1986,1,9,620071,69.0,11.12775795029924
1986,1,10,614584,59.0,9.599989586451974
1986,1,11,531579,77.0,14.485147080678507
1986,1,12,440405,83.0,18.846289211067088
1986,1,13,339617,95.0,27.972686879632057
1986,1,14,255264,98.0,38.39162592453303
1986,1,15,181556,94.0,51.774659058362154
1986,1,16,113017,78.0,69.0161657095835
1986,1,17,147907,79.0,53.411941287430615
1986,2,1,1959513,36.0,1.8371911796451466
1986,2,2,1819442,10.0,0.5496190590301863
1986,2,3,1665333,9.0,0.5404324540497306
1986,2,4,1673284,18.0,1.075728925872715
1986,2,5,1616613,31.0,1.9175894292573423
1986,2,6,1410571,52.0,3.686450380732342
1986,2,7,960329,43.0,4.477632144817036
1986,2,8,939516,38.0,4.044635748619502
1986,2,9,750429,38.0,5.063770190117919
1986,2,10,480499,32.0,6.659743308518852
1986,2,11,412212,42.0,10.188931908823616
1986,2,12,421518,39.0,9.252273924245229
1986,2,13,208691,43.0,20.60462597812076
1986,2,14,158635,46.0,28.99738393166703
1986,2,15,178043,27.0,15.164875900765544
1986,2,16,112040,28.0,24.991074616208497
1986,2,17,160736,42.0,26.129802906629504
1987,1,1,1620853,37.0,2.282748651481658
1987,1,2,1854951,11.0,0.5930075780977503
1987,1,3,1662563,5.0,0.30074048321777885
1987,1,4,1633978,23.0,1.4076076911684245
1987,1,5,1301388,35.0,2.6894362019628275
1987,1,6,887494,30.0,3.3803045429039518
1987,1,7,1142656,69.0,6.0385627870505205
1987,1,8,421307,79.0,18.751171948246764
1987,1,9,768035,60.0,7.812143977813511
1987,1,10,507836,78.0,15.35928921935428
1987,1,11,540581,97.0,17.943656917279743
1987,1,12,453241,99.0,21.842684134930426
1987,1,13,285645,95.0,33.25806508078209
1987,1,14,170710,92.0,53.89256634057758
1987,1,15,186495,94.0,50.40349607228076
1987,1,16,99934,69.0,69.04557007625033
1987,1,17,134396,63.0,46.87639513080747
1987,2,1,1970212,23.0,1.167387062915057
1987,2,2,1855328,14.0,0.7545835561151452
1987,2,3,1679128,4.0,0.23821888504033045
1987,2,4,1666263,14.0,0.8402034972870428
1987,2,5,1337396,39.0,2.9161145988174035
1987,2,6,1453884,45.0,3.095157522883531
1987,2,7,1204941,42.0,3.48564784499822
1987,2,8,976610,40.0,4.095800780250048
1987,2,9,634801,44.0,6.931306031338956
1987,2,10,618682,41.0,6.626990925871449
1987,2,11,515374,44.0,8.53748927962994
1987,2,12,435114,31.0,7.124569653010475
1987,2,13,283315,37.0,13.059668566789615
1987,2,14,257303,44.0,17.100461323808894
1987,2,15,119743,42.0,35.07511921364923
1987,2,16,116852,29.0,24.817718139184606
1987,2,17,175928,39.0,22.16815970169615
1988,1,1,2004495,34.0,1.6961878178793162
1988,1,2,1888504,8.0,0.4236157296992752
1988,1,3,1687517,9.0,0.533327960547953
1988,1,4,1627024,19.0,1.167776258985731
1988,1,5,1594702,30.0,1.8812292202555712
1988,1,6,1422927,47.0,3.303050683555797
1988,1,7,780954,69.0,8.83534753647462
1988,1,8,627045,71.0,11.322951303335486
1988,1,9,793725,57.0,7.1813285457809695
1988,1,10,521378,55.0,10.548968310899195
1988,1,11,549084,67.0,12.202140291831487
1988,1,12,465066,94.0,20.21218493719171
1988,1,13,366539,92.0,25.099648332101083
1988,1,14,176512,109.0,61.75217548948514
1988,1,15,191185,81.0,42.36734053403771
1988,1,16,120894,69.0,57.074792793687024
1988,1,17,131909,66.0,50.03449347656339
1988,2,1,1982460,22.0,1.1097323527334726
1988,2,2,1539878,9.0,0.5844618859416135
1988,2,3,1397280,7.0,0.5009733195923509
1988,2,4,1358127,18.0,1.325354698051066
1988,2,5,1358596,30.0,2.2081619554304592
1988,2,6,1494453,35.0,2.341994027246089
1988,2,7,1034326,34.0,3.287164781703254
1988,2,8,832503,37.0,4.444428428486144
1988,2,9,814609,36.0,4.419298092704598
1988,2,10,527409,46.0,8.721883775210511
1988,2,11,526017,40.0,7.604316970744291
1988,2,12,447660,41.0,9.158736541124961
1988,2,13,355730,37.0,10.401146937283896
1988,2,14,267805,37.0,13.816022852448612
1988,2,15,191191,39.0,20.398449717821446
1988,2,16,123202,36.0,29.22030486518076
1988,2,17,159495,44.0,27.587071695037462
1989,1,1,2023107,20.0,0.9885784587765255
1989,1,2,1914083,7.0,0.36571036888160025
1989,1,3,1078208,5.0,0.46373241526681314
1989,1,4,1621179,13.0,0.8018855413251714
1989,1,5,1600193,33.0,2.0622512409440614
1989,1,6,1455822,52.0,3.571865241767194
1989,1,7,586872,53.0,9.030930083561662
1989,1,8,999736,66.0,6.6017428601150705
1989,1,9,819870,51.0,6.220498371693074
1989,1,10,547133,66.0,12.062880506202331
1989,1,11,558131,73.0,13.079366671982026
1989,1,12,475589,75.0,15.769918984669536
1989,1,13,307511,78.0,25.364946294604092
1989,1,14,279896,90.0,32.154800354417354
1989,1,15,197091,78.0,39.575627502016836
1989,1,16,125320,53.0,42.29173316310246
1989,1,17,133272,61.0,45.77105468515517
1989,2,1,1626789,26.0,1.5982404601948994
1989,2,2,1573787,3.0,0.1906230004441516
1989,2,3,1733489,2.0,0.11537425388912188
1989,2,4,1650136,12.0,0.727212787309652
1989,2,5,1654587,16.0,0.9670086855511375
1989,2,6,1530612,27.0,1.7640002822400453
1989,2,7,1295393,31.0,2.3930961491995095
1989,2,8,1054165,35.0,3.3201633520369205
1989,2,9,847706,35.0,4.128789934246071
1989,2,10,668602,45.0,6.73046147035157
1989,2,11,445354,40.0,8.981619116478129
1989,2,12,458709,39.0,8.502122260518107
1989,2,13,306525,31.0,10.113367588288067
1989,2,14,223183,29.0,12.993821213981352
1989,2,15,199485,36.0,18.046469659372885
1989,2,16,129690,28.0,21.58994525406739
1989,2,17,161823,39.0,24.100405999147217
1990,1,1,2044657,25.0,1.2226989661346621
1990,1,2,1592448,13.0,0.8163531870428423
1990,1,3,1111130,11.0,0.989983170286105
1990,1,4,1037282,13.0,1.25327538702108
1990,1,5,1309631,24.0,1.8325772679479944
1990,1,6,928911,33.0,3.552547014730152
1990,1,7,1013049,40.0,3.9484763323393044
1990,1,8,653530,56.0,8.568849172953039
1990,1,9,846269,44.0,5.199292423567447
1990,1,10,574120,53.0,9.231519542952693
1990,1,11,568344,51.0,8.973438621679827
1990,1,12,484780,65.0,13.408143900325921
1990,1,13,391561,66.0,16.855611258526768
1990,1,14,289645,81.0,27.96526782785824
1990,1,15,163474,68.0,41.59682885351799
1990,1,16,129446,64.0,49.441465939465104
1990,1,17,139471,63.0,45.17068064328785
1990,2,1,1648318,17.0,1.031354386714214
1990,2,2,1923541,3.0,0.1559623631625216
1990,2,3,1769530,2.0,0.1130243624013156
1990,2,4,1646442,7.0,0.4251592221286872
1990,2,5,1356105,20.0,1.4748120536389144
1990,2,6,1561107,25.0,1.601427704827408
1990,2,7,1339865,29.0,2.1643971594153144
1990,2,8,1094664,23.0,2.1011013425124054
1990,2,9,881339,24.0,2.723129238579026
1990,2,10,696213,26.0,3.7344893014063225
1990,2,11,452265,31.0,6.854388466938632
1990,2,12,468211,28.0,5.980209777215828
1990,2,13,382437,34.0,8.890353182354218
1990,2,14,288893,40.0,13.845956807537739
1990,2,15,208338,24.0,11.519741957780147
1990,2,16,113826,32.0,28.11308488394567
1990,2,17,150676,45.0,29.865406567734745
1991,1,1,1697910,17.0,1.001230925078479
1991,1,2,1590784,11.0,0.691482941744448
1991,1,3,1484604,4.0,0.2694321179250494
1991,1,4,1623870,9.0,0.5542315579449094
1991,1,5,1593976,25.0,1.5684050449944038
1991,1,6,1504262,33.0,2.193766777330013
1991,1,7,1060476,52.0,4.903458446961554
1991,1,8,1064573,44.0,4.133112524927835
1991,1,9,873155,53.0,6.069941762917237
1991,1,10,709706,44.0,6.199750319146238
1991,1,11,475672,51.0,10.721673758388132
1991,1,12,493209,67.0,13.5845047434252
1991,1,13,402586,76.0,18.877954027214063
1991,1,14,300411,80.0,26.6301833155244
1991,1,15,210517,78.0,37.051639535049425
1991,1,16,133344,50.0,37.4970002399808
1991,1,17,137635,69.0,50.1325970864969
1991,2,1,2038322,21.0,1.0302592034035838
1991,2,2,1934091,6.0,0.3102232521634194
1991,2,3,1480510,7.0,0.47281004518713143
1991,2,4,1347002,16.0,1.1878230321855499
1991,2,5,1648793,19.0,1.152358118939127
1991,2,6,1585491,20.0,1.261438885493516
1991,2,7,1383288,29.0,2.096454245247555
1991,2,8,1136744,40.0,3.5188221798399644
1991,2,9,915949,30.0,3.275291528240109
1991,2,10,725453,20.0,2.7568981036676394
1991,2,11,571322,26.0,4.550848733288759
1991,2,12,385161,25.0,6.490792162238649
1991,2,13,394315,35.0,8.876152314773721
1991,2,14,300876,30.0,9.970885015753998
1991,2,15,177292,35.0,19.741443494348307
1991,2,16,83709,31.0,37.033054988113584
1991,2,17,151165,42.0,27.784209307710118
1992,1,1,2096476,20.0,0.9539818247382751
1992,1,2,1959025,1.0,0.051045800844808004
1992,1,3,1523550,5.0,0.32818089330839156
1992,1,4,1348494,11.0,0.8157248011485406
1992,1,5,1585747,21.0,1.3242970032420052
1992,1,6,1256057,30.0,2.3884266398738276
1992,1,7,1328541,47.0,3.5377154336975676
1992,1,8,901250,52.0,5.769764216366158
1992,1,9,725640,52.0,7.166087867262003
1992,1,10,606716,46.0,7.58180104035496
1992,1,11,593508,53.0,8.929955451316578
1992,1,12,500616,67.0,13.38351151381498
1992,1,13,412777,71.0,17.200570768235632
1992,1,14,312177,70.0,22.423176595328933
1992,1,15,217651,97.0,44.56676054784954
1992,1,16,137077,66.0,48.14812112900049
1992,1,17,122662,76.0,61.95887887039181
1992,2,1,1702666,19.0,1.1158970696542951
1992,2,2,1943396,6.0,0.308737900047134
1992,2,3,1841052,4.0,0.21726708425400262
1992,2,4,1663462,14.0,0.8416182635972449
1992,2,5,1050593,25.0,2.3796084687409875
1992,2,6,1318464,26.0,1.9719916508907334
1992,2,7,913054,30.0,3.2856764222050394
1992,2,8,950047,36.0,3.789286214260979
1992,2,9,781140,27.0,3.456486673323604
1992,2,10,756273,25.0,3.305684587443952
1992,2,11,591821,21.0,3.5483701997732426
1992,2,12,486137,32.0,6.582506577363994
1992,2,13,405653,31.0,7.641999442873589
1992,2,14,313822,36.0,11.471471088706338
1992,2,15,227364,35.0,15.39381784275435
1992,2,16,147283,30.0,20.368949573270505
1992,2,17,158320,30.0,18.948964123294594
1993,1,1,2128731,18.0,0.8455741942030252
1993,1,2,902517,7.0,0.7756086588950679
1993,1,3,1871010,5.0,0.267235343477587
1993,1,4,1356236,11.0,0.8110682801518321
1993,1,5,1291229,20.0,1.5489119280933126
1993,1,6,1527422,23.0,1.5058052064197058
1993,1,7,1108925,47.0,4.2383389318484115
1993,1,8,1134948,60.0,5.28658581714757
1993,1,9,930455,64.0,6.878355213309617
1993,1,10,632767,63.0,9.956271423762617
1993,1,11,610112,82.0,13.440155250183574
1993,1,12,508220,65.0,12.78973672818858
1993,1,13,273717,76.0,27.765904200323693
1993,1,14,324154,89.0,27.456085687666974
1993,1,15,226145,72.0,31.837980057043048
1993,1,16,140984,72.0,51.06962492197697
1993,1,17,101276,75.0,74.05505746672459
1993,2,1,2085846,17.0,0.8150170242673717
1993,2,2,1952823,7.0,0.35845542581176076
1993,2,3,1186701,3.0,0.2528016745582923
1993,2,4,1686243,11.0,0.6523377710092793
1993,2,5,1337767,22.0,1.6445315215579392
1993,2,6,1327198,26.0,1.959014404783612
1993,2,7,1465145,33.0,2.2523367994294077
1993,2,8,811146,32.0,3.945035788871547
1993,2,9,642049,29.0,4.516789217022377
1993,2,10,788453,27.0,3.424427327944722
1993,2,11,615227,34.0,5.52641545315794
1993,2,12,496519,41.0,8.257488635883018
1993,2,13,416271,44.0,10.570037307427132
1993,2,14,326691,49.0,14.998882736285971
1993,2,15,238233,32.0,13.432228112813924
1993,2,16,152932,31.0,20.270446996050534
1993,2,17,147309,44.0,29.869186539858394
1994,1,1,2152710,17.0,0.7897022822395956
1994,1,2,1623078,7.0,0.431279334696176
1994,1,3,1895875,4.0,0.21098437396980285
1994,1,4,1371697,12.0,0.8748287704937753
1994,1,5,1569134,27.0,1.7206943447787122
1994,1,6,1249960,41.0,3.2801049633588275
1994,1,7,1391362,49.0,3.52172906835173
1994,1,8,1170936,62.0,5.2949093716479805
1994,1,9,794668,60.0,7.550322902142781
1994,1,10,360013,52.0,14.443922858341226
1994,1,11,628585,67.0,10.658860774596914
1994,1,12,516524,60.0,11.616110771232314
1994,1,13,430761,72.0,16.71460508263283
1994,1,14,335113,58.0,17.307594751621092
1994,1,15,191966,71.0,36.98571622058073
1994,1,16,118388,58.0,48.99145183633476
1994,1,17,123400,67.0,54.29497568881686
1994,2,1,2106310,10.0,0.4747639236389705
1994,2,2,897665,5.0,0.5570006628307888
1994,2,3,1892717,3.0,0.15850230118924274
1994,2,4,1717244,13.0,0.7570269571476156
1994,2,5,1625026,23.0,1.415361969593102
1994,2,6,1327585,23.0,1.7324691074394483
1994,2,7,1500989,27.0,1.7988139819812135
1994,2,8,1270491,31.0,2.440001542710653
1994,2,9,860249,24.0,2.7898899039696645
1994,2,10,666626,21.0,3.1501921617218653
1994,2,11,519756,29.0,5.579541169317911
1994,2,12,508899,39.0,7.663603190416959
1994,2,13,425811,33.0,7.749917216793366
1994,2,14,338720,32.0,9.447331128956069
1994,2,15,205023,43.0,20.97325665900899
1994,2,16,162238,23.0,14.176703361727832
1994,2,17,181166,40.0,22.079198083525604
1995,1,1,2172682,14.0,0.6443648909504474
1995,1,2,2015133,8.0,0.39699612879149915
1995,1,3,1566076,5.0,0.3192693074921013
1995,1,4,1402444,10.0,0.7130409485155913
1995,1,5,1567066,25.0,1.5953380393678376
1995,1,6,1257187,41.0,3.2612491220478734
1995,1,7,1416428,43.0,3.035805561595789
1995,1,8,1207038,72.0,5.965015185934495
1995,1,9,992015,64.0,6.451515350070312
1995,1,10,669677,56.0,8.362240303907706
1995,1,11,649011,67.0,10.323399757477146
1995,1,12,435379,73.0,16.76700070513277
1995,1,13,353580,72.0,20.363142711691836
1995,1,14,345194,78.0,22.59598950155565
1995,1,15,242000,70.0,28.925619834710744
1995,1,16,153547,59.0,38.42471686193804
1995,1,17,150862,79.0,52.36573822433747
1995,2,1,1733950,13.0,0.7497332679719715
1995,2,2,1987230,,
1995,2,3,1907750,3.0,0.15725330887170752
1995,2,4,1753268,10.0,0.5703634584102373
1995,2,5,1621839,17.0,1.0481928230853987
1995,2,6,1331755,22.0,1.6519555023258783
1995,2,7,933973,34.0,3.64036219462447
1995,2,8,1315230,40.0,3.0412931578507183
1995,2,9,684607,16.0,2.3371072746846
1995,2,10,855295,28.0,3.273724270573311
1995,2,11,542082,28.0,5.165270198973587
1995,2,12,425953,29.0,6.8082628834636685
1995,2,13,434609,37.0,8.513399400380573
1995,2,14,349690,33.0,9.436929852154766
1995,2,15,216426,27.0,12.475395747276206
1995,2,16,171388,33.0,19.25455691180246
1995,2,17,180973,39.0,21.55017599310394
1996,1,1,1401455,12.0,0.8562529656678237
1996,1,2,2042336,6.0,0.29378123873838585
1996,1,3,1585712,2.0,0.12612630792981325
1996,1,4,1772571,18.0,1.0154741333351387
1996,1,5,1293604,21.0,1.623371603674695
1996,1,6,1522631,33.0,2.167301204297036
1996,1,7,1436663,45.0,3.1322585742098177
1996,1,8,1242716,52.0,4.184383238004499
1996,1,9,648767,64.0,9.864866739522817
1996,1,10,836074,61.0,7.29600489908788
1996,1,11,671108,70.0,10.430511929525501
1996,1,12,537856,56.0,10.41170871013803
1996,1,13,372197,82.0,22.031343616418187
1996,1,14,354654,86.0,24.248986335978163
1996,1,15,251935,75.0,29.76958342429595
1996,1,16,105590,74.0,70.08239416611421
1996,1,17,151195,86.0,56.880187836899374
1996,2,1,2134433,10.0,0.4685084985099087
1996,2,2,2010799,3.0,0.14919442470381178
1996,2,3,1536537,5.0,0.3254070679716792
1996,2,4,1466953,14.0,0.9543591376138159
1996,2,5,1626162,16.0,0.9839118119842919
1996,2,6,1617178,23.0,1.422230576968027
1996,2,7,1556757,26.0,1.6701386279297283
1996,2,8,1122918,20.0,1.7810739519715597
1996,2,9,1112775,24.0,2.1567702365707353
1996,2,10,737294,24.0,3.255146522282834
1996,2,11,552692,34.0,6.151708365599647
1996,2,12,453159,24.0,5.296154329937174
1996,2,13,283700,40.0,14.099400775467045
1996,2,14,360033,26.0,7.221560245866351
1996,2,15,267430,27.0,10.096099913996186
1996,2,16,180913,29.0,16.029804381111365
1996,2,17,165523,36.0,21.74924330757659
1997,1,1,1798557,11.0,0.6116014115760579
1997,1,2,2071330,4.0,0.19311263777379753
1997,1,3,1592955,3.0,0.18832923717242483
1997,1,4,1810037,7.0,0.3867324259117355
1997,1,5,1309954,16.0,1.2214169352511615
1997,1,6,1240859,21.0,1.6923760072659342
1997,1,7,1451305,35.0,2.4116226430695136
1997,1,8,1277206,49.0,3.836499358756536
1997,1,9,667273,58.0,8.692094540015855
1997,1,10,863784,59.0,6.830411306530337
1997,1,11,544030,63.0,11.580243736558646
1997,1,12,551848,59.0,10.691349791971703
1997,1,13,453554,62.0,13.669816603976594
1997,1,14,363513,70.0,19.25653277874519
1997,1,15,160502,69.0,42.99011850319622
1997,1,16,136650,63.0,46.103183315038414
1997,1,17,149777,80.0,53.41274027387382
1997,2,1,1367622,6.0,0.4387177158600842
1997,2,2,2036312,6.0,0.2946503286333332
1997,2,3,1926204,3.0,0.15574674333559685
1997,2,4,1487981,11.0,0.7392567512622809
1997,2,5,1638844,19.0,1.1593537884020686
1997,2,6,1609520,12.0,0.7455638948257866
1997,2,7,1575247,23.0,1.4600884813619706
1997,2,8,1400596,25.0,1.7849544051246757
1997,2,9,956972,25.0,2.6124066325869513
1997,2,10,926178,22.0,2.3753533338084036
1997,2,11,486124,28.0,5.7598472817635
1997,2,12,450740,22.0,4.880862581532591
1997,2,13,452555,30.0,6.629028515870999
1997,2,14,369825,36.0,9.734333806530115
1997,2,15,279291,32.0,11.457583667214482
1997,2,16,190385,35.0,18.38380124484597
1997,2,17,190311,40.0,21.018228058283547
1998,1,1,1801554,12.0,0.6660916075787904
1998,1,2,2100743,4.0,0.1904088220215419
1998,1,3,1953070,1.0,0.051201441832602
1998,1,4,1525049,9.0,0.590144972391051
1998,1,5,1332994,22.0,1.650420031898118
1998,1,6,1235392,15.0,1.2141895042221418
1998,1,7,1200133,45.0,3.7495844210599993
1998,1,8,1081060,63.0,5.82761363846595
1998,1,9,1092953,68.0,6.221676503930178
1998,1,10,892261,79.0,8.853911579683523
1998,1,11,718348,79.0,10.99745527237495
1998,1,12,568181,68.0,11.968017233944817
1998,1,13,374989,78.0,20.800610151231105
1998,1,14,371706,74.0,19.908207023830663
1998,1,15,273541,74.0,27.052617340727714
1998,1,16,175483,74.0,42.16932694335064
1998,1,17,168228,95.0,56.47097986066529
1998,2,1,2140287,15.0,0.7008405882014889
1998,2,2,2062025,4.0,0.1939840690583286
1998,2,3,1935428,8.0,0.41334526523332304
1998,2,4,1852037,12.0,0.6479352194367607
1998,2,5,1660542,18.0,1.0839834222801952
1998,2,6,1600252,23.0,1.437273629403369
1998,2,7,1586754,29.0,1.8276304959684992
1998,2,8,885826,25.0,2.8222246806934996
1998,2,9,1199870,16.0,1.3334777934276212
1998,2,10,600779,31.0,5.159967309110339
1998,2,11,760020,28.0,3.6841135759585275
1998,2,12,585461,26.0,4.440944828092734
1998,2,13,463082,39.0,8.421834577893332
1998,2,14,379040,41.0,10.816800337695229
1998,2,15,238152,38.0,15.956196042863382
1998,2,16,200948,46.0,22.891494316937717
1998,2,17,202094,32.0,15.834215760982513
1999,1,1,2195093,18.0,0.8200108150315272
1999,1,2,2125915,2.0,0.09407713854975387
1999,1,3,1971004,5.0,0.25367782104957676
1999,1,4,1865034,12.0,0.6434199054816159
1999,1,5,1641191,20.0,1.2186272042681199
1999,1,6,1227243,40.0,3.259338207673623
1999,1,7,1199574,44.0,3.667968795589101
1999,1,8,1065543,45.0,4.223198876066006
1999,1,9,710655,85.0,11.960796729777458
1999,1,10,921580,64.0,6.94459515180451
1999,1,11,603385,62.0,10.27536315950844
1999,1,12,586438,66.0,11.254386652979514
1999,1,13,469645,84.0,17.88584995049452
1999,1,14,317764,88.0,27.693508389874246
1999,1,15,236012,93.0,39.404776028337544
1999,1,16,152426,75.0,49.20420400719038
1999,1,17,121975,100.0,81.9840131174421
1999,2,1,1712616,9.0,0.5255118485404784
1999,2,2,2083159,3.0,0.1440120509284217
1999,2,3,1949038,5.0,0.25653681457211197
1999,2,4,1872652,10.0,0.5340020462958414
1999,2,5,1399865,20.0,1.4287091969582781
1999,2,6,1591984,26.0,1.6331822430376186
1999,2,7,1304115,23.0,1.7636481445271313
1999,2,8,1201469,26.0,2.16401754851769
1999,2,9,1019925,34.0,3.333578449395789
1999,2,10,1001621,23.0,2.2962777337935205
1999,2,11,792322,27.0,3.4077054530859927
1999,2,12,610728,35.0,5.730865458927705
1999,2,13,308051,41.0,13.30948446848087
1999,2,14,387556,39.0,10.063061854286865
1999,2,15,197402,34.0,17.22373633499154
1999,2,16,207675,33.0,15.890213073311665
1999,2,17,159289,58.0,36.411804958283376
2000,1,1,1791488,15.0,0.8372927979422692
2000,1,2,2147016,1.0,0.046576271439057744
2000,1,3,1993398,4.0,0.2006623865379618
2000,1,4,1881575,11.0,0.5846166110837995
2000,1,5,1678118,16.0,0.9534490423200276
2000,1,6,1499265,29.0,1.934281131087566
2000,1,7,1462455,31.0,2.119723341914794
2000,1,8,890609,44.0,4.940439631757595
2000,1,9,1163099,64.0,5.502541056264342
2000,1,10,951964,74.0,7.773403195919173
2000,1,11,768516,55.0,7.156649959142034
2000,1,12,606402,67.0,11.048776224352823
2000,1,13,479775,72.0,15.007034547444114
2000,1,14,319964,80.0,25.00281281644185
2000,1,15,292205,69.0,23.613558974007976
2000,1,16,189960,62.0,32.638450200042115
2000,1,17,186755,95.0,50.86878530695296
2000,2,1,1741329,13.0,0.7465562222876895
2000,2,2,2099716,6.0,0.2857529303963012
2000,2,3,1967556,3.0,0.15247342388221732
2000,2,4,835411,10.0,1.197015600704324
2000,2,5,1429467,21.0,1.469079034353364
2000,2,6,1587450,25.0,1.5748527512677564
2000,2,7,1590593,18.0,1.1316534147956139
2000,2,8,676249,22.0,3.253239561167558
2000,2,9,1287272,24.0,1.8644078329987757
2000,2,10,825960,26.0,3.147852196232263
2000,2,11,825364,20.0,2.423173290814719
2000,2,12,511790,29.0,5.666386603880498
2000,2,13,402901,28.0,6.949598040213353
2000,2,14,395575,36.0,9.100676230803261
2000,2,15,260812,29.0,11.119120285876416
2000,2,16,216503,47.0,21.708706114926812
2000,2,17,217520,56.0,25.744759102611255
2001,1,1,2170488,9.0,0.414653294558643
2001,1,2,1768513,7.0,0.39581275342618344
2001,1,3,2019396,4.0,0.19807902957121834
2001,1,4,1218640,9.0,0.7385281953653252
2001,1,5,1107678,24.0,2.1666946531392695
2001,1,6,954441,28.0,2.933654358938897
2001,1,7,1457335,37.0,2.5388809024692334
2001,1,8,1382584,45.0,3.254775116737934
2001,1,9,1197355,64.0,5.345114857331368
2001,1,10,983244,83.0,8.441444849905007
2001,1,11,365309,86.0,23.54171400102379
2001,1,12,503379,65.0,12.91273573192366
2001,1,13,491139,91.0,18.528359588629698
2001,1,14,393514,78.0,19.821404066945522
2001,1,15,253231,82.0,32.381501474937906
2001,1,16,198945,56.0,28.14848324913921
2001,1,17,160596,99.0,61.64537099305089
2001,2,1,2107153,13.0,0.6169461828353233
2001,2,2,1353817,5.0,0.3693261349207463
2001,2,3,1989777,7.0,0.35179821658406946
2001,2,4,1553301,12.0,0.7725482697815813
2001,2,5,1433791,16.0,1.115922753037228
2001,2,6,1589970,22.0,1.3836739057969647
2001,2,7,1299775,21.0,1.6156642495816582
2001,2,8,1263781,20.0,1.5825526732875397
2001,2,9,1089832,32.0,2.9362323734300335
2001,2,10,1082228,27.0,2.4948532102292678
2001,2,11,859207,37.0,4.306296387250104
2001,2,12,666383,32.0,4.802043269411135
2001,2,13,508406,44.0,8.65450053697242
2001,2,14,337097,34.0,10.08611764566282
2001,2,15,261325,47.0,17.985267387352913
2001,2,16,226025,40.0,17.697157394093573
2001,2,17,219234,45.0,20.52601330085662
2002,1,1,1724265,18.0,1.0439230628702665
2002,1,2,2172716,7.0,0.3221774037656095
2002,1,3,1666194,1.0,0.06001702082710657
2002,1,4,1534439,15.0,0.977555966708354
2002,1,5,1752104,27.0,1.5410044152630207
2002,1,6,1516345,15.0,0.9892207907831001
2002,1,7,1187682,41.0,3.4521024988170237
2002,1,8,1396274,42.0,3.008005592025634
2002,1,9,1230264,59.0,4.795718642502748
2002,1,10,847594,93.0,10.972234348048712
2002,1,11,686165,74.0,10.784578053383662
2002,1,12,650185,64.0,9.843352276659719
2002,1,13,327472,88.0,26.87252650608296
2002,1,14,324932,70.0,21.54296899043492
2002,1,15,307771,89.0,28.91760432269447
2002,1,16,167348,70.0,41.8290030355905
2002,1,17,150500,96.0,63.78737541528239
2002,2,1,2085092,18.0,0.8632712609323714
2002,2,2,1733562,5.0,0.28842348874744606
2002,2,3,1272036,2.0,0.15722825454625497
2002,2,4,1901217,14.0,0.7363704406177728
2002,2,5,1791048,24.0,1.3399975880043415
2002,2,6,986298,13.0,1.3180600589274236
2002,2,7,1575711,28.0,1.7769756002211063
2002,2,8,972587,29.0,2.981738394611485
2002,2,9,1106897,35.0,3.1619924889126994
2002,2,10,1124129,32.0,2.846648382881324
2002,2,11,894216,27.0,3.0194047075874284
2002,2,12,696161,18.0,2.585608788771563
2002,2,13,528283,37.0,7.003821815201321
2002,2,14,412912,47.0,11.382570620374317
2002,2,15,326861,29.0,8.87227292335274
2002,2,16,200911,37.0,18.416114598006082
2002,2,17,253659,53.0,20.89419259714814
2003,1,1,1319156,15.0,1.1370906852563307
2003,1,2,1784406,2.0,0.11208211584135001
2003,1,3,1714445,5.0,0.2916395684900945
2003,1,4,1916599,9.0,0.46958179567035147
2003,1,5,1782115,24.0,1.3467144376204678
2003,1,6,1538541,19.0,1.2349362155444672
2003,1,7,1441449,31.0,2.1506137227192914
2003,1,8,1404464,32.0,2.2784492874149853
2003,1,9,792976,71.0,8.95361271967878
2003,1,10,860130,67.0,7.789520188808668
2003,1,11,848619,83.0,9.78059647497876
2003,1,12,673468,67.0,9.948505348435264
2003,1,13,520743,67.0,12.866231519194688
2003,1,14,407875,88.0,21.575237511492492
2003,1,15,314608,92.0,29.242740171896457
2003,1,16,217846,84.0,38.55934926507716
2003,1,17,186309,98.0,52.60078686483208
2003,2,1,1694300,14.0,0.8262999468807177
2003,2,2,1734470,6.0,0.34592699787254894
2003,2,3,1661724,6.0,0.3610707915393892
2003,2,4,1909248,10.0,0.5237664253150979
2003,2,5,1484071,16.0,1.0781155349036535
2003,2,6,1621003,16.0,0.9870432071994931
2003,2,7,1565379,18.0,1.1498812747583813
2003,2,8,1271606,29.0,2.280580620097735
2003,2,9,1145946,31.0,2.7051885516420495
2003,2,10,947810,29.0,3.0596849579557084
2003,2,11,778420,27.0,3.4685645281467585
2003,2,12,582221,19.0,3.263365629202657
2003,2,13,363713,32.0,8.798145790774594
2003,2,14,271497,32.0,11.78650224496035
2003,2,15,334578,39.0,11.656474723382889
2003,2,16,245715,39.0,15.872046883584641
2003,2,17,269465,72.0,26.719611081216488
2004,1,1,2102017,14.0,0.6660269636258889
2004,1,2,1389713,,
2004,1,3,1683996,3.0,0.17814769156221272
2004,1,4,1933772,8.0,0.41369923651805895
2004,1,5,1493481,27.0,1.8078569462885703
2004,1,6,1569492,24.0,1.5291572050064606
2004,1,7,1173936,25.0,2.129587984353491
2004,1,8,1407804,43.0,3.0544024594332733
2004,1,9,1071019,50.0,4.668451259968311
2004,1,10,701146,64.0,9.127913444560763
2004,1,11,561626,79.0,14.0663003493428
2004,1,12,566055,58.0,10.246354152865004
2004,1,13,538596,88.0,16.338777116799978
2004,1,14,342062,94.0,27.480398290368413
2004,1,15,256618,93.0,36.2406378352259
2004,1,16,226099,67.0,29.633036855536737
2004,1,17,229746,104.0,45.267382239516685
2004,2,1,1661496,13.0,0.7824274027743673
2004,2,2,1725393,3.0,0.17387343057494728
2004,2,3,2060062,1.0,0.048542228340700426
2004,2,4,1922289,5.0,0.26010657086421446
2004,2,5,1167753,19.0,1.6270564066202355
2004,2,6,1353972,15.0,1.1078515656158325
2004,2,7,1276557,18.0,1.410042794798822
2004,2,8,1559803,30.0,1.9233198038470243
2004,2,9,1441874,27.0,1.8725630672305624
2004,2,10,983439,25.0,2.5420997133528362
2004,2,11,968436,18.0,1.858666964053381
2004,2,12,759012,24.0,3.1620053437890308
2004,2,13,483653,26.0,5.37575493173825
2004,2,14,436172,38.0,8.712159423346753
2004,2,15,218794,40.0,18.28203698456082
2004,2,16,205173,36.0,17.54616835548537
2004,2,17,240330,54.0,22.469104980651604
2005,1,1,2078745,12.0,0.5772713824928021
2005,1,2,1774240,7.0,0.3945351248985481
2005,1,3,2122562,5.0,0.23556437927372675
2005,1,4,1956284,8.0,0.4089385794700565
2005,1,5,1493181,16.0,1.0715378778594156
2005,1,6,1606354,12.0,0.747033343833302
2005,1,7,1174590,23.0,1.9581300709183629
2005,1,8,1406884,29.0,2.061292899769988
2005,1,9,1082864,53.0,4.894428109162369
2005,1,10,731060,67.0,9.164774437118703
2005,1,11,907326,77.0,8.486475643814902
2005,1,12,722960,63.0,8.7141750580945
2005,1,13,463552,57.0,12.296355101477289
2005,1,14,426937,67.0,15.693181898031794
2005,1,15,327397,75.0,22.907968002150294
2005,1,16,184747,77.0,41.67861995052694
2005,1,17,218327,95.0,43.512712582502395
2005,2,1,1989935,14.0,0.703540567907997
2005,2,2,2090518,7.0,0.33484523931389254
2005,2,3,1710906,2.0,0.11689712935719439
2005,2,4,1941246,5.0,0.2575665320108837
2005,2,5,1851740,12.0,0.6480391415641504
2005,2,6,1053616,15.0,1.4236685851391777
2005,2,7,1552420,17.0,1.095064479973203
2005,2,8,1559153,20.0,1.2827477482966714
2005,2,9,1471943,24.0,1.6304979200960907
2005,2,10,1010578,27.0,2.6717383517155526
2005,2,11,654125,26.0,3.9747754634053125
2005,2,12,642435,12.0,1.867893249900768
2005,2,13,602597,19.0,3.1530193479224087
2005,2,14,367329,31.0,8.439301008088117
2005,2,15,349319,41.0,11.73712280179435
2005,2,16,261658,34.0,12.99406094978942
2005,2,17,295249,53.0,17.950949876206185
2006,1,1,2055109,14.0,0.6812290734943985
2006,1,2,2152166,3.0,0.1393944519149545
2006,1,3,2140684,2.0,0.09342808186542245
2006,1,4,1619992,8.0,0.4938295991585143
2006,1,5,1836455,18.0,0.9801492549504345
2006,1,6,1370157,28.0,2.0435614312812325
2006,1,7,1440389,35.0,2.429899145300332
2006,1,8,1403862,32.0,2.27942632537956
2006,1,9,1334852,38.0,2.8467575431583425
2006,1,10,924253,45.0,4.8687967472109905
2006,1,11,593541,83.0,13.983869690552126
2006,1,12,460170,73.0,15.863702544711735
2006,1,13,579742,58.0,10.004450255458462
2006,1,14,438539,67.0,15.278002640586129
2006,1,15,264444,78.0,29.495847892181327
2006,1,16,240232,81.0,33.717406507043194
2006,1,17,250859,92.0,36.673988176625116
2006,2,1,1965588,17.0,0.864881144980535
2006,2,2,1698258,4.0,0.23553547223095667
2006,2,3,1718029,2.0,0.11641247033664741
2006,2,4,1964164,9.0,0.458210210552683
2006,2,5,1860751,14.0,0.7523843867341734
2006,2,6,1401830,12.0,0.8560239116012641
2006,2,7,1278607,15.0,1.1731517190192138
2006,2,8,1554740,21.0,1.3507081569908794
2006,2,9,916060,20.0,2.183263105036788
2006,2,10,1296905,20.0,1.5421330012606937
2006,2,11,1049754,19.0,1.8099478544497094
2006,2,12,692346,19.0,2.7442925935875992
2006,2,13,504263,23.0,4.561111959433867
2006,2,14,385215,34.0,8.826239892008358
2006,2,15,299827,27.0,9.005192994626903
2006,2,16,268755,27.0,10.046324719540102
2006,2,17,313659,54.0,17.216148747525178
2007,1,1,2032496,12.0,0.5904070659917658
2007,1,2,1749011,3.0,0.17152550784414736
2007,1,3,2153021,3.0,0.13933909608870512
2007,1,4,2013753,8.0,0.39726818532362207
2007,1,5,1507732,21.0,1.3928204747262776
2007,1,6,1685139,27.0,1.602241714185002
2007,1,7,1456149,27.0,1.854205853933904
2007,1,8,1399227,21.0,1.5008286718309467
2007,1,9,1110696,51.0,4.591715464897686
2007,1,10,1186917,62.0,5.223617152673691
2007,1,11,972063,68.0,6.995431366074009
2007,1,12,643035,94.0,14.618177859681042
2007,1,13,602109,86.0,14.283128137928513
2007,1,14,452244,78.0,17.247326664367023
2007,1,15,340868,69.0,20.242439888754593
2007,1,16,246191,83.0,33.713661344240855
2007,1,17,188109,110.0,58.476734233875035
2007,2,1,1942528,8.0,0.41183447548761204
2007,2,2,2050124,5.0,0.24388768679357933
2007,2,3,2093330,6.0,0.28662466023035066
2007,2,4,1989052,14.0,0.7038528907238222
2007,2,5,1867853,13.0,0.6959862473117532
2007,2,6,1452487,17.0,1.170406344428556
2007,2,7,1291503,15.0,1.1614374879500862
2007,2,8,1547586,23.0,1.4861855819321188
2007,2,9,1237925,24.0,1.9387281135771552
2007,2,10,1337886,21.0,1.5696404626403146
2007,2,11,895764,24.0,2.679277131030048
2007,2,12,574224,20.0,3.4829613530608263
2007,2,13,535344,25.0,4.669894497743507
2007,2,14,411286,41.0,9.968732220401375
2007,2,15,367151,34.0,9.260495000694537
2007,2,16,225956,37.0,16.374869443608493
2007,2,17,320293,49.0,15.298492317971357
2008,1,1,2011717,19.0,0.9444668410119317
2008,1,2,2112253,3.0,0.1420284407218264
2008,1,3,2159076,1.0,0.04631610929860737
2008,1,4,1675045,10.0,0.5969988865970766
2008,1,5,1865133,25.0,1.3403869858074464
2008,1,6,1717793,26.0,1.5135700285191522
2008,1,7,1198773,42.0,3.50358241301731
2008,1,8,1394125,38.0,2.72572402044293
2008,1,9,1361040,43.0,3.1593487333215773
2008,1,10,1219065,67.0,5.496015388843089
2008,1,11,633672,72.0,11.362345188046813
2008,1,12,652315,88.0,13.490414906908471
2008,1,13,625180,71.0,11.356729261972552
2008,1,14,373112,66.0,17.689058513261433
2008,1,15,215239,73.0,33.91578663718007
2008,1,16,157673,82.0,52.00636760891212
2008,1,17,206557,97.0,46.96040318168835
2008,2,1,1921443,14.0,0.7286190639014531
2008,2,2,1661162,3.0,0.18059647403444096
2008,2,3,2092494,3.0,0.1433695867228293
2008,2,4,2013803,10.0,0.4965729021160461
2008,2,5,1876269,14.0,0.7461616644521655
2008,2,6,1779964,18.0,1.0112564074329593
2008,2,7,1590221,14.0,0.8803807772630345
2008,2,8,1263221,18.0,1.4249288129313873
2008,2,9,1526548,21.0,1.3756527799977465
2008,2,10,1376029,17.0,1.235439078682208
2008,2,11,930726,17.0,1.826531116569216
2008,2,12,897727,26.0,2.896203411504834
2008,2,13,691659,19.0,2.7470184006858873
2008,2,14,511176,32.0,6.260074807893954
2008,2,15,314111,31.0,9.869122698663848
2008,2,16,281899,27.0,9.577898467181507
2008,2,17,309291,55.0,17.782606024746922
2009,1,1,1993283,10.0,0.501684908766091
2009,1,2,2089341,6.0,0.28717188816952327
2009,1,3,2158990,5.0,0.23158977114298815
2009,1,4,2071649,3.0,0.14481217619394018
2009,1,5,1199945,21.0,1.7500802120097172
2009,1,6,1743506,27.0,1.5486037902938103
2009,1,7,1224086,22.0,1.7972593428893069
2009,1,8,1391210,25.0,1.796996858849491
2009,1,9,1366572,41.0,3.000207819273335
2009,1,10,1037254,59.0,5.688095683410235
2009,1,11,1040267,63.0,6.05613751085058
2009,1,12,831964,82.0,9.856195700775514
2009,1,13,648810,59.0,9.093571307470599
2009,1,14,484937,74.0,15.259714148435776
2009,1,15,284146,61.0,21.467836957057287
2009,1,16,210362,57.0,27.096148543938543
2009,1,17,230802,115.0,49.82625800469667
2009,2,1,1902909,12.0,0.630613444993954
2009,2,2,2001245,3.0,0.14990668308977662
2009,2,3,1709567,3.0,0.17548303166825283
2009,2,4,2036482,9.0,0.441938598033275
2009,2,5,1890349,16.0,0.8464045528100895
2009,2,6,1153974,14.0,1.2131989108940064
2009,2,7,1620325,22.0,1.3577523027787635
2009,2,8,1256908,17.0,1.3525254036094925
2009,2,9,1255729,19.0,1.5130653190298227
2009,2,10,1410751,21.0,1.4885688544612055
2009,2,11,984183,28.0,2.844999354794789
2009,2,12,935274,20.0,2.138410775879582
2009,2,13,607174,26.0,4.282133292927563
2009,2,14,535464,23.0,4.295340116235638
2009,2,15,390443,37.0,9.476415251393929
2009,2,16,229682,39.0,16.97999843261553
2009,2,17,365087,48.0,13.147551131648074
2010,1,1,1976689,10.0,0.5058964763804523
2010,1,2,1702562,5.0,0.2936750614661903
2010,1,3,2153175,5.0,0.23221521706317416
2010,1,4,1724073,9.0,0.5220196592603678
2010,1,5,1578802,12.0,0.7600699771092259
2010,1,6,783709,30.0,3.8279514462638558
2010,1,7,1284553,29.0,2.257594665225958
2010,1,8,1393522,38.0,2.7269034862743466
2010,1,9,1368430,23.0,1.6807582411961155
2010,1,10,1057032,59.0,5.581666401774024
2010,1,11,1074940,58.0,5.395649989766871
2010,1,12,861535,64.0,7.428601275630125
2010,1,13,673077,61.0,9.06285610710216
2010,1,14,503510,60.0,11.916347242358643
2010,1,15,365878,62.0,16.945539223456997
2010,1,16,261323,55.0,21.046750573045617
2010,1,17,266704,80.0,29.995800587917692
2010,2,1,1544626,3.0,0.1942217727786532
2010,2,2,913569,4.0,0.4378432280429831
2010,2,3,2075011,5.0,0.2409625780297068
2010,2,4,1678985,5.0,0.2977989678287775
2010,2,5,1910353,8.0,0.4187707716846049
2010,2,6,1814442,12.0,0.6613603521082515
2010,2,7,1655850,13.0,0.7850952682912099
2010,2,8,1257363,13.0,1.0339098573761119
2010,2,9,1534483,23.0,1.4988761687161083
2010,2,10,1441383,21.0,1.4569340695706832
2010,2,11,992240,21.0,2.116423445940498
2010,2,12,974446,18.0,1.8472034366193715
2010,2,13,755440,23.0,3.044583289208938
2010,2,14,561549,24.0,4.273892394074248
2010,2,15,405327,24.0,5.921145149471908
2010,2,16,234953,37.0,15.747830417147258
2010,2,17,389500,54.0,13.863928112965342
2011,1,1,1961144,8.0,0.4079251702067772
2011,1,2,2045552,2.0,0.09777311943182085
2011,1,3,1761938,2.0,0.11351137213681751
2011,1,4,2116809,8.0,0.3779273425235815
2011,1,5,1938367,19.0,0.980206534675838
2011,1,6,1450388,21.0,1.4478884270967491
2011,1,7,1595918,24.0,1.5038366632872116
2011,1,8,1402527,28.0,1.9963965043097212
2011,1,9,1121725,29.0,2.5853038846419576
2011,1,10,1295251,53.0,4.091870996432352
2011,1,11,1109360,64.0,5.769092089132473
2011,1,12,892342,51.0,5.715297498044472
2011,1,13,559971,53.0,9.464775854463891
2011,1,14,523363,54.0,10.317886438284708
2011,1,15,376350,62.0,16.474026836721137
2011,1,16,266564,51.0,19.132365960894944
2011,1,17,268506,95.0,35.3809598295755
2011,2,1,1201614,6.0,0.4993284032975648
2011,2,2,1954590,3.0,0.15348487406566083
2011,2,3,1684769,1.0,0.05935531814747303
2011,2,4,1694337,7.0,0.4131409512983545
2011,2,5,1933849,11.0,0.5688138008706989
2011,2,6,1823692,11.0,0.603172026855412
2011,2,7,1691582,16.0,0.9458601474832435
2011,2,8,1537499,12.0,0.7804883125127237
2011,2,9,1532088,12.0,0.7832448266679198
2011,2,10,1196642,19.0,1.5877764611303966
2011,2,11,1044763,27.0,2.5843181659381123
2011,2,12,814551,19.0,2.3325734054712353
2011,2,13,788647,21.0,2.662788294382658
2011,2,14,589144,21.0,3.56449357033255
2011,2,15,421789,21.0,4.978792713892491
2011,2,16,185045,29.0,15.671863600745764
2011,2,17,408603,42.0,10.278925999074897
2012,1,1,1599305,7.0,0.43769012164659027
2012,1,2,1652753,1.0,0.06050510874885721
2012,1,3,2125456,1.0,0.04704872742602058
2012,1,4,2130615,5.0,0.2346740260441234
2012,1,5,1968349,17.0,0.8636679775791793
2012,1,6,1466584,17.0,1.159156243351898
2012,1,7,1634325,32.0,1.9579948908570817
2012,1,8,1419444,30.0,2.113503597183122
2012,1,9,1118848,40.0,3.575105823132365
2012,1,10,1311596,46.0,3.507177515027493
2012,1,11,952795,55.0,5.772490409794342
2012,1,12,749920,63.0,8.40089609558353
2012,1,13,723831,63.0,8.70368912080306
2012,1,14,440089,64.0,14.542512991690316
2012,1,15,388683,54.0,13.893069673744414
2012,1,16,226661,72.0,31.765500019853434
2012,1,17,283907,95.0,33.46166174134488
2012,2,1,821637,5.0,0.6085412414484742
2012,2,2,1932584,,
2012,2,3,2038750,1.0,0.049049662783568364
2012,2,4,2074115,7.0,0.3374933405331913
2012,2,5,1612242,10.0,0.620254279444401
2012,2,6,1469212,10.0,0.6806369672994775
2012,2,7,1401862,19.0,1.3553402546042337
2012,2,8,1272974,13.0,1.0212305985825318
2012,2,9,1526328,17.0,1.1137841931747305
2012,2,10,1485409,20.0,1.3464305117311126
2012,2,11,1303861,14.0,1.0737340866856206
2012,2,12,1056435,21.0,1.9878175183518152
2012,2,13,823027,23.0,2.7945620253041517
2012,2,14,506759,28.0,5.525308874632715
2012,2,15,349781,32.0,9.148581541021382
2012,2,16,202603,25.0,12.339402674195346
2012,2,17,380044,58.0,15.261390786330004
2013,1,1,1936719,13.0,0.6712383159353525
2013,1,2,2004310,1.0,0.04989248170193234
2013,1,3,1733661,,
2013,1,4,1715597,6.0,0.349732483794271
2013,1,5,1997331,11.0,0.5507349557985132
2013,1,6,1808342,26.0,1.437781127684918
2013,1,7,1372975,27.0,1.9665325297255958
2013,1,8,1192292,25.0,2.0968017901654963
2013,1,9,1360991,33.0,2.424703763654572
2013,1,10,1322866,45.0,3.401705085775884
2013,1,11,1174762,67.0,5.703282877723318
2013,1,12,777089,62.0,7.978494097844648
2013,1,13,608383,72.0,11.834650212119668
2013,1,14,565632,67.0,11.845157275401675
2013,1,15,335516,82.0,24.439967095458936
2013,1,16,227732,58.0,25.46853318813342
2013,1,17,296252,103.0,34.76769777081674
2013,2,1,1846234,9.0,0.487478835293901
2013,2,2,1227102,1.0,0.08149281803794631
2013,2,3,1285992,2.0,0.15552196281158825
2013,2,4,1699822,8.0,0.4706375138102696
2013,2,5,1619541,12.0,0.7409506767658244
2013,2,6,1839858,17.0,0.9239843509662159
2013,2,7,1750632,10.0,0.5712222785828204
2013,2,8,1289841,11.0,0.852818293107445
2013,2,9,1246703,13.0,1.0427503583451714
2013,2,10,1227306,25.0,2.036981812196795
2013,2,11,1341810,18.0,1.3414715943389899
2013,2,12,1098469,16.0,1.4565727389666892
2013,2,13,858357,26.0,3.029042694356777
2013,2,14,516169,21.0,4.068434950568515
2013,2,15,461395,22.0,4.768148766241507
2013,2,16,320805,37.0,11.533486074094855
2013,2,17,430846,58.0,13.461886613778473
2014,1,1,1579833,6.0,0.37978697748432905
2014,1,2,1986119,2.0,0.10069890072045029
2014,1,3,1700355,4.0,0.23524499295735302
2014,1,4,2137669,9.0,0.4210193439676582
2014,1,5,1652464,18.0,1.0892824291482295
2014,1,6,1504749,21.0,1.3955815886902068
2014,1,7,1692089,29.0,1.713857840810974
2014,1,8,1477971,25.0,1.6915081554374205
2014,1,9,1115697,25.0,2.2407517453215346
2014,1,10,1329611,36.0,2.707558827356272
2014,1,11,1204005,56.0,4.651143475317793
2014,1,12,796613,73.0,9.163797226507727
2014,1,13,777937,72.0,9.255248175623477
2014,1,14,369435,70.0,18.947852802252086
2014,1,15,417989,73.0,17.464574426599743
2014,1,16,284533,91.0,31.982230532135116
2014,1,17,306334,108.0,35.25563600514471
2014,2,1,1503660,5.0,0.33252197970285835
2014,2,2,1893601,1.0,0.05280943556747172
2014,2,3,1992057,,
2014,2,4,2068499,3.0,0.1450327024571924
2014,2,5,2004612,16.0,0.7981594443213949
2014,2,6,1853992,14.0,0.7551273144652189
2014,2,7,1770335,10.0,0.5648648419649388
2014,2,8,1600163,15.0,0.9374045019163674
2014,2,9,1241731,14.0,1.127458362560007
2014,2,10,1504896,24.0,1.594794590456749
2014,2,11,880067,24.0,2.7270650984527314
2014,2,12,1141100,28.0,2.4537726754885636
2014,2,13,895152,19.0,2.1225445510929988
2014,2,14,570243,20.0,3.5072767223797574
2014,2,15,484286,30.0,6.194686610804359
2014,2,16,332234,30.0,9.029780215149565
2014,2,17,256117,59.0,23.03634666968612
2015,1,1,1921792,6.0,0.3122086053017184
2015,1,2,1970239,6.0,0.3045315822090619
2015,1,3,1696788,,
2015,1,4,1367480,2.0,0.14625442419633194
2015,1,5,2048713,12.0,0.5857335800573336
2015,1,6,1851034,26.0,1.404620336525423
2015,1,7,1712124,29.0,1.6938025516843405
2015,1,8,1517063,25.0,1.647921015804881
2015,1,9,873361,32.0,3.664006063930036
2015,1,10,1332894,42.0,3.1510382671090125
2015,1,11,1230194,64.0,5.202431486415963
2015,1,12,648243,71.0,10.952682867381522
2015,1,13,807027,77.0,9.541192549939469
2015,1,14,610850,77.0,12.605385937627895
2015,1,15,434713,62.0,14.26228339157099
2015,1,16,244422,85.0,34.77592033450344
2015,1,17,345573,111.0,32.120564974694204
2015,2,1,1500145,3.0,0.1999806685353749
2015,2,2,1878030,,
2015,2,3,1969057,3.0,0.15235719433210923
2015,2,4,2058690,10.0,0.4857457897983669
2015,2,5,2024082,10.0,0.49405113033958115
2015,2,6,1532511,15.0,0.9787857966435477
2015,2,7,1147523,9.0,0.784298005355884
2015,2,8,1325756,8.0,0.6034292886473831
2015,2,9,1241876,12.0,0.9662800472833036
2015,2,10,1507439,22.0,1.4594288724120843
2015,2,11,1407406,17.0,1.20789594473805
2015,2,12,1183985,23.0,1.9425921781103648
2015,2,13,933793,21.0,2.248892420482912
2015,2,14,708871,22.0,3.103526593696173
2015,2,15,508844,28.0,5.502668794365267
2015,2,16,292800,31.0,10.587431693989071
2015,2,17,396992,62.0,15.61744317265839
2016,1,1,1920431,6.0,0.31242986600403766
2016,1,2,1959446,1.0,0.05103483331513091
2016,1,3,2040381,4.0,0.19604181768012935
2016,1,4,2123403,9.0,0.4238479459622126
2016,1,5,2071517,14.0,0.6758332178784919
2016,1,6,1528198,16.0,1.0469847493583946
2016,1,7,1730980,27.0,1.55981004979838
2016,1,8,1560262,30.0,1.9227539990078588
2016,1,9,1374056,42.0,3.0566439795757963
2016,1,10,1334550,36.0,2.6975384961222884
2016,1,11,1018259,57.0,5.597789953243723
2016,1,12,1060837,70.0,6.5985632099936185
2016,1,13,679364,84.0,12.36450562585006
2016,1,14,520804,88.0,16.896951636316157
2016,1,15,452759,87.0,19.21552084000539
2016,1,16,301436,80.0,26.539630302949877
2016,1,17,294161,97.0,32.97513946444294
2016,2,1,1830415,4.0,0.21852967769604162
2016,2,2,1535988,1.0,0.06510467529694242
2016,2,3,1603211,,
2016,2,4,2048100,8.0,0.390605927444949
2016,2,5,2043719,14.0,0.6850256811234813
2016,2,6,1562748,9.0,0.5759085917883113
2016,2,7,1476277,18.0,1.2192833729713326
2016,2,8,1057135,12.0,1.1351435720130352
2016,2,9,1521107,13.0,0.854640732045806
2016,2,10,1507830,17.0,1.1274480544889012
2016,2,11,1434337,26.0,1.8126841878861104
2016,2,12,997290,19.0,1.9051629917075277
2016,2,13,974674,23.0,2.3597633670334903
2016,2,14,592343,25.0,4.220527633482628
2016,2,15,452715,27.0,5.964017096849011
2016,2,16,225922,32.0,14.164180557891662
2016,2,17,460504,73.0,15.852196723589804
2017,1,1,1925933,6.0,0.31153731723793093
2017,1,2,1955649,1.0,0.051133920248469945
2017,1,3,1656873,4.0,0.24141862411904833
2017,1,4,2112841,7.0,0.3313074670550221
2017,1,5,2092635,15.0,0.7167996329985878
2017,1,6,1209073,39.0,3.225611687631764
2017,1,7,1428804,35.0,2.4496012049238383
2017,1,8,1307089,17.0,1.3006000356517422
2017,1,9,1150603,38.0,3.3026161065111075
2017,1,10,1094296,28.0,2.5587226856353307
2017,1,11,1042701,50.0,4.795238519959221
2017,1,12,914778,61.0,6.66828454554001
2017,1,13,870564,75.0,8.615104690752203
2017,1,14,555717,84.0,15.115607404488255
2017,1,15,373983,84.0,22.46091399876465
2017,1,16,312157,77.0,24.66707458106017
2017,1,17,369227,125.0,33.854512264812705
2017,2,1,1836033,3.0,0.16339575595863473
2017,2,2,1865352,,
2017,2,3,1590730,2.0,0.12572843914429224
2017,2,4,2036682,5.0,0.2454973334079645
2017,2,5,1695220,6.0,0.35393636224206887
2017,2,6,1941596,7.0,0.36052814282682905
2017,2,7,1492350,10.0,0.670084095553992
2017,2,8,1404834,13.0,0.9253762366229747
2017,2,9,987989,15.0,1.518235526913761
2017,2,10,1506732,19.0,1.2610072660566047
2017,2,11,1456819,13.0,0.892355193061046
2017,2,12,1269924,12.0,0.9449384372608124
2017,2,13,1017375,18.0,1.7692591227423518
2017,2,14,644793,33.0,5.1179215655256804
2017,2,15,352806,28.0,7.936372964178614
2017,2,16,315324,26.0,8.245487181438774
2017,2,17,450337,66.0,14.655691182381196
