ano,t,gr_et,poblacion,conteo_defunciones,tasa_x100k,tasa
1979,1,1,2913353,175.0,6.006824439056991,6.00682443905699e-05
1979,1,2,2781468,41.0,1.474041764996038,1.474041764996038e-05
1979,1,3,2789397,31.0,1.1113513063934606,1.1113513063934606e-05
1979,1,4,2576506,48.0,1.8629880931773495,1.8629880931773496e-05
1979,1,5,2444898,90.0,3.6811351639209486,3.681135163920949e-05
1979,1,6,2200170,102.0,4.63600539958276,4.6360053995827595e-05
1979,1,7,1276714,88.0,6.892694840034652,6.892694840034652e-05
1979,1,8,1330964,117.0,8.79062093339865,8.79062093339865e-05
1979,1,9,1106871,100.0,9.03447646564053,9.034476465640531e-05
1979,1,10,966383,111.0,11.486129205501339,0.00011486129205501339
1979,1,11,788016,143.0,18.146839658078008,0.00018146839658078007
1979,1,12,616939,121.0,19.612960114371113,0.00019612960114371114
1979,1,13,541148,136.0,25.13175693156031,0.0002513175693156031
1979,1,14,415770,133.0,31.9888399836448,0.000319888399836448
1979,1,15,294573,118.0,40.05798223190856,0.0004005798223190856
1979,1,16,174005,79.0,45.4009942243039,0.000454009942243039
1979,1,17,239455,105.0,43.849575076736755,0.00043849575076736755
1980,2,1,3282770,154.0,4.691160209213561,4.691160209213561e-05
1980,2,2,3076920,38.0,1.235001235001235,1.235001235001235e-05
1980,2,3,3095800,19.0,0.613734737386136,6.137347373861361e-06
1980,2,4,2924119,43.0,1.470528388208551,1.470528388208551e-05
1980,2,5,2763347,106.0,3.8359279525879306,3.835927952587931e-05
1980,2,6,2062769,109.0,5.284159302374624,5.2841593023746237e-05
1980,2,7,1863430,99.0,5.312783415529427,5.312783415529427e-05
1980,2,8,1237040,109.0,8.811356140464333,8.811356140464334e-05
1980,2,9,895534,121.0,13.511491467660635,0.00013511491467660636
1980,2,10,1084883,127.0,11.706331466158101,0.00011706331466158101
1980,2,11,898584,148.0,16.470357807394745,0.00016470357807394745
1980,2,12,700740,135.0,19.26534806062163,0.0001926534806062163
1980,2,13,505262,158.0,31.270904995823948,0.00031270904995823947
1980,2,14,352641,130.0,36.864686749413714,0.0003686468674941371
1980,2,15,298819,136.0,45.5125008784582,0.00045512500878458197
1980,2,16,213345,117.0,54.84075089643535,0.0005484075089643535
1980,2,17,259247,102.0,39.34471758593156,0.0003934471758593156
1981,3,1,3357203,163.0,4.855232167968396,4.8552321679683953e-05
1981,3,2,3380914,44.0,1.3014232246073103,1.3014232246073102e-05
1981,3,3,3392643,35.0,1.031644060397749,1.031644060397749e-05
1981,3,4,3272013,56.0,1.711484642634366,1.711484642634366e-05
1981,3,5,2844606,90.0,3.1638828013440174,3.163882801344017e-05
1981,3,6,1907995,116.0,6.079680502307395,6.079680502307396e-05
1981,3,7,1924716,100.0,5.19557171031986,5.19557171031986e-05
1981,3,8,1411009,124.0,8.788037496571603,8.788037496571602e-05
1981,3,9,1278292,123.0,9.622214642663804,9.622214642663804e-05
1981,3,10,1011371,122.0,12.062833520043585,0.00012062833520043585
1981,3,11,837622,137.0,16.355826375142964,0.00016355826375142964
1981,3,12,655380,137.0,20.903903079129666,0.00020903903079129665
1981,3,13,517186,161.0,31.129999651962734,0.00031129999651962736
1981,3,14,396782,144.0,36.29196888971778,0.0003629196888971778
1981,3,15,278958,146.0,52.33762788663526,0.0005233762788663526
1981,3,16,196082,104.0,53.03903468956865,0.0005303903468956865
1981,3,17,270365,150.0,55.480554065799936,0.0005548055406579994
1982,4,1,2699848,148.0,5.4817900859603945,5.481790085960395e-05
1982,4,2,3396024,35.0,1.030616980327583,1.0306169803275832e-05
1982,4,3,3070888,29.0,0.9443522525080693,9.443522525080693e-06
1982,4,4,2980048,45.0,1.5100427912570535,1.5100427912570535e-05
1982,4,5,2922806,92.0,3.1476601594495155,3.1476601594495155e-05
1982,4,6,2424994,92.0,3.7938238197702754,3.7938238197702754e-05
1982,4,7,1817682,105.0,5.776587984036811,5.776587984036812e-05
1982,4,8,1619981,123.0,7.592681642562474,7.592681642562474e-05
1982,4,9,1315041,129.0,9.80958008153358,9.80958008153358e-05
1982,4,10,815293,113.0,13.860047860094468,0.0001386004786009447
1982,4,11,954899,175.0,18.3265455299461,0.000183265455299461
1982,4,12,681546,150.0,22.008785907334207,0.00022008785907334208
1982,4,13,430219,146.0,33.9362045841769,0.000339362045841769
1982,4,14,329396,144.0,43.71637785522593,0.0004371637785522593
1982,4,15,247929,146.0,58.88782675685378,0.0005888782675685378
1982,4,16,195124,94.0,48.17449416781124,0.0004817449416781124
1982,4,17,275523,97.0,35.205772294871934,0.00035205772294871936
1983,5,1,3459779,106.0,3.0637795073037903,3.06377950730379e-05
1983,5,2,3429673,22.0,0.6414605707307955,6.414605707307956e-06
1983,5,3,3352965,20.0,0.5964869898731422,5.9648698987314215e-06
1983,5,4,3032430,41.0,1.3520509954063242,1.3520509954063243e-05
1983,5,5,2469455,80.0,3.239581203139964,3.239581203139964e-05
1983,5,6,2505681,89.0,3.551928597455143,3.551928597455143e-05
1983,5,7,1698139,117.0,6.88989535014507,6.88989535014507e-05
1983,5,8,1519786,102.0,6.711471220290226,6.711471220290225e-05
1983,5,9,1092251,125.0,11.444255944833193,0.00011444255944833193
1983,5,10,1144015,129.0,11.2760759255779,0.00011276075925577899
1983,5,11,890573,151.0,16.95537592089587,0.00016955375920895872
1983,5,12,784337,151.0,19.251928699015856,0.00019251928699015857
1983,5,13,499584,150.0,30.024980784012296,0.00030024980784012297
1983,5,14,377121,133.0,35.267195409430926,0.00035267195409430924
1983,5,15,296186,157.0,53.00723194209045,0.0005300723194209045
1983,5,16,157541,83.0,52.68469795164433,0.0005268469795164433
1983,5,17,293292,143.0,48.75687028626761,0.0004875687028626761
1984,6,1,3500634,85.0,2.428131589877719,2.4281315898777192e-05
1984,6,2,3174259,33.0,1.0396127096119125,1.0396127096119126e-05
1984,6,3,3031759,22.0,0.7256513462976444,7.256513462976443e-06
1984,6,4,3041819,46.0,1.5122530301770092,1.5122530301770092e-05
1984,6,5,3074359,80.0,2.6021684520252837,2.602168452025284e-05
1984,6,6,2348665,97.0,4.130005769234863,4.1300057692348634e-05
1984,6,7,1750911,112.0,6.39667007632027,6.39667007632027e-05
1984,6,8,1594274,92.0,5.770651719842386,5.770651719842386e-05
1984,6,9,1127131,86.0,7.629991544904718,7.629991544904718e-05
1984,6,10,1166119,98.0,8.403945051920086,8.403945051920087e-05
1984,6,11,1005369,138.0,13.726303476633952,0.0001372630347663395
1984,6,12,814055,123.0,15.109544195416772,0.00015109544195416772
1984,6,13,564420,141.0,24.98139683214627,0.0002498139683214627
1984,6,14,440532,141.0,32.00675546838822,0.0003200675546838822
1984,6,15,254784,153.0,60.05086661642803,0.0006005086661642803
1984,6,16,179854,84.0,46.70454924549912,0.00046704549245499125
1984,6,17,266626,90.0,33.75514766001815,0.00033755147660018153
1985,7,1,3910482,94.0,2.403795746918155,2.403795746918155e-05
1985,7,2,3227023,33.0,1.0226143414534077,1.0226143414534077e-05
1985,7,3,3301294,14.0,0.4240761349943386,4.240761349943386e-06
1985,7,4,3319063,51.0,1.5365782451252055,1.5365782451252054e-05
1985,7,5,2521744,60.0,2.3793057503061377,2.3793057503061375e-05
1985,7,6,2434047,81.0,3.3277911231788044,3.3277911231788044e-05
1985,7,7,2186577,121.0,5.533763503411953,5.533763503411954e-05
1985,7,8,1488100,111.0,7.459176130636382,7.459176130636382e-05
1985,7,9,1185822,122.0,10.288222009711408,0.00010288222009711407
1985,7,10,967727,90.0,9.30014353221518,9.30014353221518e-05
1985,7,11,1016646,130.0,12.787145181311882,0.00012787145181311882
1985,7,12,834103,149.0,17.863501270226816,0.00017863501270226818
1985,7,13,640721,179.0,27.93727691147941,0.0002793727691147941
1985,7,14,389498,182.0,46.72681246116797,0.00046726812461167966
1985,7,15,316182,161.0,50.92003972395645,0.0005092003972395645
1985,7,16,185105,109.0,58.885497420383025,0.0005888549742038302
1985,7,17,378805,120.0,31.678568128720585,0.00031678568128720583
1986,8,1,3935147,72.0,1.829664813029856,1.829664813029856e-05
1986,8,2,3634891,25.0,0.6877785331114468,6.877785331114468e-06
1986,8,3,3312661,16.0,0.4829953925258274,4.829953925258274e-06
1986,8,4,2987334,28.0,0.9372905741373412,9.372905741373412e-06
1986,8,5,2863229,59.0,2.0606105903509637,2.0606105903509638e-05
1986,8,6,2756827,110.0,3.990094409261082,3.990094409261082e-05
1986,8,7,2065854,116.0,5.615111232449147,5.615111232449147e-05
1986,8,8,1520242,106.0,6.972574103333549,6.972574103333548e-05
1986,8,9,1370500,107.0,7.807369573148486,7.807369573148486e-05
1986,8,10,1095083,91.0,8.309872402365848,8.309872402365847e-05
1986,8,11,943791,119.0,12.608723753458127,0.00012608723753458127
1986,8,12,861923,122.0,14.15439662243611,0.0001415439662243611
1986,8,13,548308,138.0,25.1683360447048,0.000251683360447048
1986,8,14,413899,144.0,34.79109637858512,0.00034791096378585114
1986,8,15,359599,121.0,33.64859190375947,0.00033648591903759464
1986,8,16,225057,106.0,47.09917931901696,0.0004709917931901696
1986,8,17,308643,121.0,39.20386984315212,0.0003920386984315212
1987,9,1,3591065,60.0,1.6708135330326797,1.6708135330326796e-05
1987,9,2,3710279,25.0,0.6738037759424561,6.738037759424561e-06
1987,9,3,3341691,9.0,0.26932472212421793,2.6932472212421794e-06
1987,9,4,3300241,37.0,1.1211302447306122,1.1211302447306122e-05
1987,9,5,2638784,74.0,2.8043219907351267,2.8043219907351266e-05
1987,9,6,2341378,75.0,3.203241851593378,3.2032418515933776e-05
1987,9,7,2347597,111.0,4.7282391313330185,4.728239131333018e-05
1987,9,8,1397917,119.0,8.51266563036289,8.51266563036289e-05
1987,9,9,1402836,104.0,7.413553686959844,7.413553686959844e-05
1987,9,10,1126518,119.0,10.563524062642585,0.00010563524062642585
1987,9,11,1055955,141.0,13.352841740415075,0.00013352841740415074
1987,9,12,888355,130.0,14.63378941977025,0.0001463378941977025
1987,9,13,568960,132.0,23.200224971878516,0.00023200224971878515
1987,9,14,428013,136.0,31.774735814099106,0.00031774735814099104
1987,9,15,306238,136.0,44.40990340846009,0.00044409903408460086
1987,9,16,216786,98.0,45.205871227846814,0.00045205871227846817
1987,9,17,310324,102.0,32.86887253322334,0.0003286887253322334
1988,10,1,3986955,56.0,1.4045806887712553,1.4045806887712553e-05
1988,10,2,3428382,17.0,0.49586072963864586,4.958607296386458e-06
1988,10,3,3084797,16.0,0.5186727035847091,5.186727035847091e-06
1988,10,4,2985151,37.0,1.2394682882038464,1.2394682882038463e-05
1988,10,5,2953298,60.0,2.031627014950743,2.0316270149507433e-05
1988,10,6,2917380,82.0,2.8107411444515287,2.8107411444515286e-05
1988,10,7,1815280,103.0,5.674055793045701,5.674055793045701e-05
1988,10,8,1459548,108.0,7.399551093900303,7.399551093900303e-05
1988,10,9,1608334,93.0,5.782381022847245,5.782381022847245e-05
1988,10,10,1048787,101.0,9.630172761485412,9.630172761485411e-05
1988,10,11,1075101,107.0,9.95255329499275,9.95255329499275e-05
1988,10,12,912726,135.0,14.790857278087838,0.00014790857278087837
1988,10,13,722269,129.0,17.860381658357205,0.00017860381658357205
1988,10,14,444317,146.0,32.859422439384495,0.00032859422439384495
1988,10,15,382376,120.0,31.382722765027093,0.00031382722765027095
1988,10,16,244096,105.0,43.01586261143157,0.0004301586261143157
1988,10,17,291404,110.0,37.748280737395504,0.0003774828073739551
1989,11,1,3649896,46.0,1.26030988280214,1.26030988280214e-05
1989,11,2,3487870,10.0,0.2867079334952278,2.8670793349522775e-06
1989,11,3,2811697,7.0,0.2489599697264677,2.489599697264677e-06
1989,11,4,3271315,25.0,0.7642186704734946,7.642186704734945e-06
1989,11,5,3254780,49.0,1.5054780968298933,1.5054780968298933e-05
1989,11,6,2986434,79.0,2.6452953589464894,2.6452953589464892e-05
1989,11,7,1882265,84.0,4.462708492162368,4.462708492162368e-05
1989,11,8,2053901,101.0,4.917471679501592,4.917471679501592e-05
1989,11,9,1667576,86.0,5.157186239187899,5.157186239187899e-05
1989,11,10,1215735,111.0,9.130279213808931,9.130279213808931e-05
1989,11,11,1003485,113.0,11.260756264418502,0.00011260756264418501
1989,11,12,934298,114.0,12.2016744122325,0.000122016744122325
1989,11,13,614036,109.0,17.751402197916736,0.00017751402197916736
1989,11,14,503079,119.0,23.654336595246473,0.00023654336595246473
1989,11,15,396576,114.0,28.74606632776567,0.0002874606632776567
1989,11,16,255010,81.0,31.763460256460533,0.0003176346025646053
1989,11,17,295095,100.0,33.887392195733575,0.0003388739219573358
1990,12,1,3692975,42.0,1.1372944577204014,1.1372944577204015e-05
1990,12,2,3515989,16.0,0.45506399479634324,4.5506399479634325e-06
1990,12,3,2880660,13.0,0.4512854693021738,4.512854693021738e-06
1990,12,4,2683724,20.0,0.7452331163711321,7.452331163711321e-06
1990,12,5,2665736,44.0,1.6505760510418135,1.6505760510418135e-05
1990,12,6,2490018,58.0,2.3293004307599383,2.3293004307599384e-05
1990,12,7,2352914,69.0,2.9325338707662074,2.9325338707662074e-05
1990,12,8,1748194,79.0,4.518949269932285,4.5189492699322846e-05
1990,12,9,1727608,68.0,3.9360780917893408,3.936078091789341e-05
1990,12,10,1270333,79.0,6.218841831236376,6.218841831236376e-05
1990,12,11,1020609,82.0,8.034418665718214,8.034418665718213e-05
1990,12,12,952991,93.0,9.758749033306716,9.758749033306716e-05
1990,12,13,773998,100.0,12.919930025658982,0.0001291993002565898
1990,12,14,578538,121.0,20.91478865692487,0.0002091478865692487
1990,12,15,371812,92.0,24.743687670112855,0.00024743687670112854
1990,12,16,243272,96.0,39.46200138117005,0.00039462001381170047
1990,12,17,290147,108.0,37.22251134769617,0.00037222511347696167
1991,13,1,3736232,38.0,1.0170674626200942,1.0170674626200942e-05
1991,13,2,3524875,17.0,0.48228660590801087,4.822866059080109e-06
1991,13,3,2965114,11.0,0.3709806773027951,3.709806773027951e-06
1991,13,4,2970872,25.0,0.8415037739761255,8.415037739761255e-06
1991,13,5,3242769,44.0,1.3568650742621506,1.3568650742621506e-05
1991,13,6,3089753,53.0,1.7153474727591493,1.7153474727591493e-05
1991,13,7,2443764,81.0,3.3145590163370935,3.3145590163370933e-05
1991,13,8,2201317,84.0,3.8158974831884733,3.815897483188473e-05
1991,13,9,1789104,83.0,4.639193696956689,4.639193696956689e-05
1991,13,10,1435159,64.0,4.459436201842444,4.459436201842444e-05
1991,13,11,1046994,77.0,7.354387895250594,7.354387895250594e-05
1991,13,12,878370,92.0,10.473946059177795,0.00010473946059177795
1991,13,13,796901,111.0,13.928957298334423,0.00013928957298334422
1991,13,14,601287,110.0,18.2940925049103,0.000182940925049103
1991,13,15,387809,113.0,29.13805507350268,0.0002913805507350268
1991,13,16,217053,81.0,37.31807438736161,0.0003731807438736161
1991,13,17,288800,111.0,38.43490304709141,0.0003843490304709141
1992,14,1,3799142,39.0,1.0265475731099285,1.0265475731099285e-05
1992,14,2,3902421,7.0,0.17937582849210784,1.7937582849210784e-06
1992,14,3,3364602,9.0,0.2674907760264067,2.674907760264067e-06
1992,14,4,3011956,25.0,0.830025405417609,8.30025405417609e-06
1992,14,5,2636340,46.0,1.744843229628955,1.744843229628955e-05
1992,14,6,2574521,56.0,2.175161903903678,2.1751619039036776e-05
1992,14,7,2241595,77.0,3.435054057490314,3.435054057490314e-05
1992,14,8,1851297,88.0,4.753424220965086,4.753424220965086e-05
1992,14,9,1506780,79.0,5.242968449275939,5.242968449275939e-05
1992,14,10,1362989,71.0,5.2091396188817365,5.209139618881737e-05
1992,14,11,1185329,74.0,6.242992451884666,6.242992451884666e-05
1992,14,12,986753,99.0,10.032905904517138,0.00010032905904517139
1992,14,13,818430,102.0,12.462886257835121,0.00012462886257835122
1992,14,14,625999,106.0,16.932934397658784,0.00016932934397658782
1992,14,15,445015,132.0,29.661921508263767,0.00029661921508263765
1992,14,16,284360,96.0,33.76002250668167,0.0003376002250668167
1992,14,17,280982,106.0,37.724836466392865,0.00037724836466392867
1993,15,1,4214577,35.0,0.8304510749240078,8.304510749240079e-06
1993,15,2,2855340,14.0,0.4903093852220751,4.903093852220751e-06
1993,15,3,3057711,8.0,0.2616336207051615,2.616336207051615e-06
1993,15,4,3042479,22.0,0.7230945554595447,7.230945554595447e-06
1993,15,5,2628996,42.0,1.5975680449875163,1.5975680449875162e-05
1993,15,6,2854620,49.0,1.7165156833483968,1.7165156833483967e-05
1993,15,7,2574070,80.0,3.1079185880725855,3.1079185880725856e-05
1993,15,8,1946094,92.0,4.727418100050666,4.727418100050666e-05
1993,15,9,1572504,93.0,5.914134399658125,5.914134399658125e-05
1993,15,10,1421220,90.0,6.33258749525056,6.33258749525056e-05
1993,15,11,1225339,116.0,9.466767971965309,9.466767971965309e-05
1993,15,12,1004739,106.0,10.5500035332559,0.000105500035332559
1993,15,13,689988,120.0,17.391606810553228,0.00017391606810553226
1993,15,14,650845,138.0,21.203205064185788,0.0002120320506418579
1993,15,15,464378,104.0,22.39554845406113,0.00022395548454061132
1993,15,16,293916,103.0,35.04402618435199,0.00035044026184351994
1993,15,17,248585,119.0,47.870949574592196,0.0004787094957459219
1994,16,1,4259020,27.0,0.6339486548548727,6.339486548548727e-06
1994,16,2,2520743,12.0,0.47605011696948085,4.760501169694808e-06
1994,16,3,3788592,7.0,0.18476521092796477,1.8476521092796479e-06
1994,16,4,3088941,25.0,0.8093388640313947,8.093388640313947e-06
1994,16,5,3194160,50.0,1.5653567761164124,1.5653567761164123e-05
1994,16,6,2577545,64.0,2.4829828383209605,2.4829828383209605e-05
1994,16,7,2892351,76.0,2.627620230048151,2.6276202300481512e-05
1994,16,8,2441427,93.0,3.80924762444259,3.80924762444259e-05
1994,16,9,1654917,84.0,5.075783256803815,5.0757832568038155e-05
1994,16,10,1026639,73.0,7.110581226701888,7.110581226701888e-05
1994,16,11,1148341,96.0,8.359886131384318,8.359886131384319e-05
1994,16,12,1025423,99.0,9.654552316458672,9.654552316458672e-05
1994,16,13,856572,105.0,12.258163937182163,0.00012258163937182162
1994,16,14,673833,90.0,13.356425108298348,0.00013356425108298348
1994,16,15,396989,114.0,28.71616090118366,0.0002871616090118366
1994,16,16,280626,81.0,28.86403968270937,0.0002886403968270937
1994,16,17,304566,107.0,35.13195826192024,0.0003513195826192024
1995,17,1,3906632,27.0,0.6911324127790895,6.911324127790895e-06
1995,17,2,4002363,8.0,0.19988191975590422,1.998819197559042e-06
1995,17,3,3473826,8.0,0.23029363013576384,2.3029363013576384e-06
1995,17,4,3155712,20.0,0.6337713961223331,6.337713961223331e-06
1995,17,5,3188905,42.0,1.3170665165628954,1.3170665165628955e-05
1995,17,6,2588942,63.0,2.4334264730534714,2.4334264730534712e-05
1995,17,7,2350401,77.0,3.276036727349929,3.276036727349929e-05
1995,17,8,2522268,112.0,4.4404480412073575,4.440448041207358e-05
1995,17,9,1676622,80.0,4.771498882872824,4.771498882872824e-05
1995,17,10,1524972,84.0,5.508297857272133,5.5082978572721335e-05
1995,17,11,1191093,95.0,7.9758675435083575,7.975867543508357e-05
1995,17,12,861332,102.0,11.842123594618569,0.00011842123594618568
1995,17,13,788189,109.0,13.829170414710179,0.00013829170414710179
1995,17,14,694884,111.0,15.973889167112784,0.00015973889167112784
1995,17,15,458426,97.0,21.15935832609843,0.00021159358326098432
1995,17,16,324935,92.0,28.313354978688043,0.00028313354978688044
1995,17,17,331835,118.0,35.559841487486246,0.0003555984148748625
1996,18,1,3535888,22.0,0.6221916531292846,6.221916531292846e-06
1996,18,2,4053135,9.0,0.22205033881180863,2.2205033881180863e-06
1996,18,3,3122249,7.0,0.2241973654247307,2.241973654247307e-06
1996,18,4,3239524,32.0,0.9877994421402649,9.87799442140265e-06
1996,18,5,2919766,37.0,1.2672248392508165,1.2672248392508166e-05
1996,18,6,3139809,56.0,1.783547980147837,1.783547980147837e-05
1996,18,7,2993420,71.0,2.3718689659319443,2.3718689659319442e-05
1996,18,8,2365634,72.0,3.0435815514995137,3.0435815514995136e-05
1996,18,9,1761542,88.0,4.995623152896724,4.995623152896724e-05
1996,18,10,1573368,85.0,5.40242333643496,5.4024233364349596e-05
1996,18,11,1223800,104.0,8.498120607942475,8.498120607942474e-05
1996,18,12,991015,80.0,8.072531697300242,8.072531697300242e-05
1996,18,13,655897,122.0,18.600481478036947,0.00018600481478036948
1996,18,14,714687,112.0,15.671195922130948,0.00015671195922130948
1996,18,15,519365,102.0,19.639367304304297,0.00019639367304304296
1996,18,16,286503,103.0,35.95075793272671,0.0003595075793272671
1996,18,17,316718,122.0,38.520071483149046,0.0003852007148314905
1997,19,1,3166179,17.0,0.5369247916810768,5.369247916810768e-06
1997,19,2,4107642,10.0,0.2434486744463125,2.434486744463125e-06
1997,19,3,3519159,6.0,0.17049528026440408,1.7049528026440407e-06
1997,19,4,3298018,18.0,0.5457823456391081,5.457823456391081e-06
1997,19,5,2948798,35.0,1.186924299324674,1.186924299324674e-05
1997,19,6,2850379,33.0,1.1577407776299222,1.1577407776299223e-05
1997,19,7,3026552,58.0,1.9163721621171552,1.9163721621171553e-05
1997,19,8,2677802,74.0,2.7634604799010534,2.7634604799010532e-05
1997,19,9,1624245,83.0,5.1100665232154014,5.110066523215402e-05
1997,19,10,1789962,81.0,4.5252357312613345,4.525235731261334e-05
1997,19,11,1030154,91.0,8.833630699875942,8.833630699875941e-05
1997,19,12,1002588,81.0,8.079091311685358,8.079091311685358e-05
1997,19,13,906109,92.0,10.153303851964829,0.00010153303851964829
1997,19,14,733338,106.0,14.454453471659725,0.00014454453471659726
1997,19,15,439793,101.0,22.96534960765633,0.00022965349607656328
1997,19,16,327035,98.0,29.966211567569218,0.0002996621156756922
1997,19,17,340088,120.0,35.28498506268966,0.0003528498506268966
1998,20,1,3941841,27.0,0.6849591345769654,6.849591345769655e-06
1998,20,2,4162768,8.0,0.19217981881286683,1.9217981881286683e-06
1998,20,3,3888498,9.0,0.2314518356445085,2.314518356445085e-06
1998,20,4,3377086,21.0,0.6218378803501007,6.218378803501006e-06
1998,20,5,2993536,40.0,1.336212425706589,1.3362124257065891e-05
1998,20,6,2835644,38.0,1.3400835930039172,1.3400835930039172e-05
1998,20,7,2786887,74.0,2.6552924463747543,2.6552924463747544e-05
1998,20,8,1966886,88.0,4.474077297820005,4.474077297820006e-05
1998,20,9,2292823,84.0,3.663605956499913,3.663605956499913e-05
1998,20,10,1493040,110.0,7.367518619728875,7.367518619728875e-05
1998,20,11,1478368,107.0,7.237710772960454,7.237710772960454e-05
1998,20,12,1153642,94.0,8.148108338635383,8.148108338635383e-05
1998,20,13,838071,117.0,13.96063102052213,0.00013960631020522128
1998,20,14,750746,115.0,15.318096932917392,0.00015318096932917391
1998,20,15,511693,112.0,21.888124324546162,0.00021888124324546162
1998,20,16,376431,120.0,31.87835220797437,0.0003187835220797437
1998,20,17,370322,127.0,34.29447885893898,0.0003429447885893898
1999,21,1,3907709,27.0,0.6909419304252185,6.909419304252185e-06
1999,21,2,4209074,5.0,0.11879097397669891,1.1879097397669891e-06
1999,21,3,3920042,10.0,0.2550993076094593,2.550993076094593e-06
1999,21,4,3737686,22.0,0.5885994703674947,5.885994703674947e-06
1999,21,5,3041056,40.0,1.3153325686866668,1.3153325686866667e-05
1999,21,6,2819227,66.0,2.3410672499944134,2.3410672499944134e-05
1999,21,7,2503689,67.0,2.676051218821507,2.676051218821507e-05
1999,21,8,2267012,71.0,3.1318757906883596,3.1318757906883595e-05
1999,21,9,1730580,119.0,6.876307365160813,6.876307365160813e-05
1999,21,10,1923201,87.0,4.523708130351429,4.5237081303514296e-05
1999,21,11,1395707,89.0,6.376696541609378,6.376696541609377e-05
1999,21,12,1197166,101.0,8.436591082606755,8.436591082606756e-05
1999,21,13,777696,125.0,16.07311854503559,0.00016073118545035592
1999,21,14,705320,127.0,18.006011455793114,0.00018006011455793116
1999,21,15,433414,127.0,29.302237583465235,0.00029302237583465234
1999,21,16,360101,108.0,29.991585694013626,0.00029991585694013625
1999,21,17,281264,158.0,56.174981512031394,0.000561749815120314
2000,22,1,3532817,28.0,0.7925686498904416,7.925686498904416e-06
2000,22,2,4246732,7.0,0.16483262894856562,1.6483262894856562e-06
2000,22,3,3960954,7.0,0.1767251020839929,1.7672510208399289e-06
2000,22,4,2716986,21.0,0.7729152818601199,7.7291528186012e-06
2000,22,5,3107585,37.0,1.190635171684765,1.1906351716847649e-05
2000,22,6,3086715,54.0,1.7494326492727705,1.7494326492727706e-05
2000,22,7,3053048,49.0,1.6049534760016875,1.6049534760016876e-05
2000,22,8,1566858,66.0,4.212251525026518,4.212251525026518e-05
2000,22,9,2450371,88.0,3.5912929103388835,3.5912929103388834e-05
2000,22,10,1777924,100.0,5.624537381800347,5.624537381800347e-05
2000,22,11,1593880,75.0,4.705498531884458,4.705498531884458e-05
2000,22,12,1118192,96.0,8.5852876786813,8.5852876786813e-05
2000,22,13,882676,100.0,11.329185340940503,0.00011329185340940503
2000,22,14,715539,116.0,16.21155520523689,0.0001621155520523689
2000,22,15,553017,98.0,17.720974219599036,0.00017720974219599035
2000,22,16,406463,109.0,26.8167090239456,0.00026816709023945597
2000,22,17,404275,151.0,37.35081318409498,0.0003735081318409498
2001,23,1,4277641,22.0,0.5143021585962918,5.143021585962918e-06
2001,23,2,3122330,12.0,0.38432837015946425,3.843283701594643e-06
2001,23,3,4009173,11.0,0.27437079916481527,2.743707991648153e-06
2001,23,4,2771941,21.0,0.7575918823669047,7.575918823669047e-06
2001,23,5,2541469,40.0,1.5738928942277086,1.5738928942277085e-05
2001,23,6,2544411,50.0,1.9650913315498164,1.9650913315498164e-05
2001,23,7,2757110,58.0,2.103652012433309,2.103652012433309e-05
2001,23,8,2646365,65.0,2.456199352697001,2.4561993526970012e-05
2001,23,9,2287187,96.0,4.197295629959422,4.197295629959422e-05
2001,23,10,2065472,110.0,5.325659219781241,5.3256592197812414e-05
2001,23,11,1224516,123.0,10.04478504160011,0.0001004478504160011
2001,23,12,1169762,97.0,8.292285097310392,8.292285097310393e-05
2001,23,13,999545,135.0,13.50614529610973,0.0001350614529610973
2001,23,14,730611,112.0,15.32963505887538,0.0001532963505887538
2001,23,15,514556,129.0,25.070157572742325,0.00025070157572742324
2001,23,16,424970,96.0,22.589829870343788,0.0002258982987034379
2001,23,17,379830,144.0,37.91169733828292,0.0003791169733828292
2002,24,1,3809357,36.0,0.9450413809994704,9.450413809994704e-06
2002,24,2,3906278,12.0,0.3071977980061839,3.071977980061839e-06
2002,24,3,2938230,3.0,0.10210228607018511,1.021022860701851e-06
2002,24,4,3435656,29.0,0.8440891637579547,8.440891637579548e-06
2002,24,5,3543152,51.0,1.439396334111548,1.439396334111548e-05
2002,24,6,2502643,28.0,1.1188171864704635,1.1188171864704634e-05
2002,24,7,2763393,69.0,2.496930404035908,2.496930404035908e-05
2002,24,8,2368861,71.0,2.997221027320725,2.997221027320725e-05
2002,24,9,2337161,94.0,4.021973668052821,4.0219736680528214e-05
2002,24,10,1971723,125.0,6.33963289975316,6.33963289975316e-05
2002,24,11,1580381,101.0,6.390863975205979,6.390863975205978e-05
2002,24,12,1346346,82.0,6.090559187608535,6.090559187608535e-05
2002,24,13,855755,125.0,14.6069844756969,0.000146069844756969
2002,24,14,737844,117.0,15.857010424967878,0.0001585701042496788
2002,24,15,634632,118.0,18.59345258354448,0.0001859345258354448
2002,24,16,368259,107.0,29.055637472539708,0.00029055637472539706
2002,24,17,404159,149.0,36.8666787081322,0.00036866678708132196
2003,25,1,3013456,29.0,0.9623502052128852,9.623502052128851e-06
2003,25,2,3518876,8.0,0.2273453227678384,2.273453227678384e-06
2003,25,3,3376169,11.0,0.32581307393083697,3.25813073930837e-06
2003,25,4,3825847,19.0,0.4966220551945752,4.966220551945752e-06
2003,25,5,3266186,40.0,1.2246699973608361,1.2246699973608362e-05
2003,25,6,3159544,35.0,1.1077547899317117,1.1077547899317117e-05
2003,25,7,3006828,49.0,1.6296243084073982,1.6296243084073982e-05
2003,25,8,2676070,61.0,2.279462046956918,2.2794620469569182e-05
2003,25,9,1938922,102.0,5.260655147551062,5.260655147551062e-05
2003,25,10,1807940,96.0,5.3099107271259,5.3099107271259e-05
2003,25,11,1627039,110.0,6.760747591176364,6.760747591176364e-05
2003,25,12,1255689,86.0,6.848829606694014,6.848829606694014e-05
2003,25,13,884456,99.0,11.193321092287237,0.00011193321092287236
2003,25,14,679372,120.0,17.663371466589734,0.00017663371466589733
2003,25,15,649186,131.0,20.179116616809356,0.00020179116616809357
2003,25,16,463561,123.0,26.533724795657964,0.0002653372479565796
2003,25,17,455774,170.0,37.299187755334884,0.0003729918775533488
2004,26,1,3763513,27.0,0.7174148196113578,7.174148196113578e-06
2004,26,2,3115106,3.0,0.09630490904643373,9.630490904643372e-07
2004,26,3,3744058,4.0,0.10683595179348183,1.0683595179348184e-06
2004,26,4,3856061,13.0,0.3371315962065953,3.371315962065953e-06
2004,26,5,2661234,46.0,1.7285214302838456,1.7285214302838456e-05
2004,26,6,2923464,39.0,1.3340338721461937,1.3340338721461936e-05
2004,26,7,2450493,43.0,1.754748942355681,1.754748942355681e-05
2004,26,8,2967607,73.0,2.459894453679345,2.459894453679345e-05
2004,26,9,2512893,77.0,3.064197321573183,3.0641973215731826e-05
2004,26,10,1684585,89.0,5.28320031343031,5.2832003134303105e-05
2004,26,11,1530062,97.0,6.339612381720479,6.33961238172048e-05
2004,26,12,1325067,82.0,6.18836632411795,6.18836632411795e-05
2004,26,13,1022249,114.0,11.151881782227226,0.00011151881782227226
2004,26,14,778234,132.0,16.96147945219561,0.00016961479452195613
2004,26,15,475412,133.0,27.975734731138466,0.0002797573473113847
2004,26,16,431272,103.0,23.882839600066777,0.0002388283960006678
2004,26,17,470076,158.0,33.611586211591316,0.00033611586211591317
2005,27,1,4068680,26.0,0.6390278911096473,6.3902789110964735e-06
2005,27,2,3864758,14.0,0.3622477785154983,3.6224777851549827e-06
2005,27,3,3833468,7.0,0.1826022807546587,1.826022807546587e-06
2005,27,4,3897530,13.0,0.3335445782328808,3.335445782328808e-06
2005,27,5,3344921,28.0,0.8370900239497435,8.370900239497436e-06
2005,27,6,2659970,27.0,1.0150490419064877,1.0150490419064877e-05
2005,27,7,2727010,40.0,1.4668079691676965,1.4668079691676964e-05
2005,27,8,2966037,49.0,1.652036033265937,1.652036033265937e-05
2005,27,9,2554807,77.0,3.0139262965852214,3.0139262965852216e-05
2005,27,10,1741638,94.0,5.397218021196139,5.3972180211961386e-05
2005,27,11,1561451,103.0,6.596428578290321,6.596428578290321e-05
2005,27,12,1365395,75.0,5.4929159693715,5.492915969371501e-05
2005,27,13,1066149,76.0,7.128459530515904,7.128459530515904e-05
2005,27,14,794266,98.0,12.338435738153212,0.00012338435738153212
2005,27,15,676716,116.0,17.14160740990312,0.0001714160740990312
2005,27,16,446405,111.0,24.865312888520513,0.0002486531288852051
2005,27,17,513576,148.0,28.817545991245698,0.00028817545991245697
2006,28,1,4020697,31.0,0.771010598411171,7.71010598411171e-06
2006,28,2,3850424,7.0,0.181798160410386,1.8179816041038598e-06
2006,28,3,3858713,4.0,0.10366150579221621,1.036615057922162e-06
2006,28,4,3584156,17.0,0.47430971196566224,4.743097119656622e-06
2006,28,5,3697206,32.0,0.86551844825525,8.655184482552501e-06
2006,28,6,2771987,40.0,1.443008210355965,1.443008210355965e-05
2006,28,7,2718996,50.0,1.8389140697522175,1.8389140697522175e-05
2006,28,8,2958602,53.0,1.7913866075937217,1.7913866075937217e-05
2006,28,9,2250912,58.0,2.5767333418632092,2.5767333418632092e-05
2006,28,10,2221158,65.0,2.926401453656156,2.926401453656156e-05
2006,28,11,1643295,102.0,6.20704134072093,6.20704134072093e-05
2006,28,12,1152516,92.0,7.982535600373445,7.982535600373444e-05
2006,28,13,1084005,81.0,7.47229025696376,7.47229025696376e-05
2006,28,14,823754,101.0,12.260941980251385,0.00012260941980251386
2006,28,15,564271,105.0,18.608080160064933,0.00018608080160064934
2006,28,16,508987,108.0,21.21861658549236,0.0002121861658549236
2006,28,17,564518,146.0,25.86277142624327,0.0002586277142624327
2007,29,1,3975024,20.0,0.5031416162518767,5.031416162518767e-06
2007,29,2,3799135,8.0,0.21057424913829068,2.105742491382907e-06
2007,29,3,4246351,9.0,0.2119466808090052,2.119466808090052e-06
2007,29,4,4002805,22.0,0.5496145827738299,5.496145827738299e-06
2007,29,5,3375585,34.0,1.0072328203852075,1.0072328203852074e-05
2007,29,6,3137626,44.0,1.4023341214026146,1.4023341214026146e-05
2007,29,7,2747652,42.0,1.5285778548375122,1.5285778548375122e-05
2007,29,8,2946813,44.0,1.4931385194785012,1.493138519478501e-05
2007,29,9,2348621,75.0,3.193363254437391,3.193363254437391e-05
2007,29,10,2524803,83.0,3.2873851940131567,3.287385194013157e-05
2007,29,11,1867827,92.0,4.925509696561834,4.925509696561834e-05
2007,29,12,1217259,114.0,9.36530352209349,9.36530352209349e-05
2007,29,13,1137453,111.0,9.758644972583483,9.758644972583483e-05
2007,29,14,863530,119.0,13.780644563593622,0.00013780644563593622
2007,29,15,708019,103.0,14.547632196311117,0.00014547632196311116
2007,29,16,472147,120.0,25.41581329543553,0.0002541581329543553
2007,29,17,508402,159.0,31.27446390848187,0.0003127446390848187
2008,30,1,3933160,33.0,0.8390200246112541,8.390200246112541e-06
2008,30,2,3773415,6.0,0.15900715929734738,1.5900715929734737e-06
2008,30,3,4251570,4.0,0.09408289173176027,9.408289173176027e-07
2008,30,4,3688848,20.0,0.5421746843458988,5.4217468434589876e-06
2008,30,5,3741402,39.0,1.0423899917731374,1.0423899917731375e-05
2008,30,6,3497757,44.0,1.2579490227594428,1.2579490227594427e-05
2008,30,7,2788994,56.0,2.0078924515434595,2.0078924515434596e-05
2008,30,8,2657346,56.0,2.107365770208321,2.1073657702083208e-05
2008,30,9,2887588,64.0,2.216382669549811,2.216382669549811e-05
2008,30,10,2595094,84.0,3.2368769686184775,3.2368769686184775e-05
2008,30,11,1564398,89.0,5.689089349385514,5.689089349385514e-05
2008,30,12,1550042,114.0,7.354639422673709,7.354639422673709e-05
2008,30,13,1316839,90.0,6.834548490741844,6.834548490741844e-05
2008,30,14,884288,98.0,11.0823623073026,0.00011082362307302599
2008,30,15,529350,104.0,19.64673656371021,0.0001964673656371021
2008,30,16,439572,109.0,24.79684784290173,0.0002479684784290173
2008,30,17,515848,152.0,29.46604426110017,0.0002946604426110017
2009,31,1,3896192,22.0,0.5646538979598541,5.6465389795985415e-06
2009,31,2,4090586,9.0,0.22001737648346717,2.2001737648346716e-06
2009,31,3,3868557,8.0,0.206795453705348,2.06795453705348e-06
2009,31,4,4108131,12.0,0.2921036354488209,2.921036354488209e-06
2009,31,5,3090294,37.0,1.197297085649456,1.197297085649456e-05
2009,31,6,2897480,41.0,1.415022709388848,1.4150227093888482e-05
2009,31,7,2844411,44.0,1.546893188080063,1.546893188080063e-05
2009,31,8,2648118,42.0,1.5860320423787762,1.586032042378776e-05
2009,31,9,2622301,60.0,2.2880668542627256,2.2880668542627258e-05
2009,31,10,2448005,80.0,3.2679671814395803,3.2679671814395804e-05
2009,31,11,2024450,91.0,4.495048037738645,4.495048037738645e-05
2009,31,12,1767238,102.0,5.771718353724852,5.771718353724852e-05
2009,31,13,1255984,85.0,6.767602135059045,6.767602135059045e-05
2009,31,14,1020401,97.0,9.506066732588463,9.506066732588463e-05
2009,31,15,674589,98.0,14.527364069085028,0.00014527364069085027
2009,31,16,440044,96.0,21.816000218160003,0.00021816000218160002
2009,31,17,595889,163.0,27.354087757954918,0.0002735408775795492
2010,32,1,3521315,13.0,0.3691802636231067,3.691802636231067e-06
2010,32,2,2616131,9.0,0.34401946997302507,3.4401946997302504e-06
2010,32,3,4228186,10.0,0.23650804387508023,2.3650804387508024e-06
2010,32,4,3403058,14.0,0.4113946926558407,4.113946926558407e-06
2010,32,5,3489155,20.0,0.5732046870947264,5.7320468709472635e-06
2010,32,6,2598151,42.0,1.6165342199125456,1.6165342199125456e-05
2010,32,7,2940403,42.0,1.4283756342242884,1.4283756342242883e-05
2010,32,8,2650885,51.0,1.9238857966301819,1.923885796630182e-05
2010,32,9,2902913,46.0,1.5846151779264483,1.5846151779264484e-05
2010,32,10,2498415,80.0,3.2020300870752054,3.2020300870752054e-05
2010,32,11,2067180,79.0,3.821631401232597,3.821631401232597e-05
2010,32,12,1835981,82.0,4.466277156462948,4.466277156462948e-05
2010,32,13,1428517,84.0,5.880224036535791,5.880224036535792e-05
2010,32,14,1065059,84.0,7.886887017526728,7.886887017526728e-05
2010,32,15,771205,86.0,11.15137998327293,0.0001115137998327293
2010,32,16,496276,92.0,18.538071556956208,0.0001853807155695621
2010,32,17,656204,134.0,20.420478997384958,0.00020420478997384959
2011,33,1,3162758,14.0,0.442651635060286,4.42651635060286e-06
2011,33,2,4000142,5.0,0.12499556265752566,1.2499556265752566e-06
2011,33,3,3446707,3.0,0.08703960040699717,8.703960040699717e-07
2011,33,4,3811146,15.0,0.39358240277333906,3.9358240277333904e-06
2011,33,5,3872216,30.0,0.7747501688955368,7.747501688955369e-06
2011,33,6,3274080,32.0,0.977373796608513,9.77373796608513e-06
2011,33,7,3287500,40.0,1.2167300380228137,1.2167300380228136e-05
2011,33,8,2940026,40.0,1.3605321857697856,1.3605321857697857e-05
2011,33,9,2653813,41.0,1.5449468368720782,1.544946836872078e-05
2011,33,10,2491893,72.0,2.889369647894191,2.8893696478941912e-05
2011,33,11,2154123,91.0,4.224457006401213,4.2244570064012126e-05
2011,33,12,1706893,70.0,4.1010186344428154,4.101018634442815e-05
2011,33,13,1348618,74.0,5.487098644686634,5.4870986446866345e-05
2011,33,14,1112507,75.0,6.741530615088265,6.741530615088264e-05
2011,33,15,798139,83.0,10.399191118339036,0.00010399191118339036
2011,33,16,451609,80.0,17.714438817649782,0.00017714438817649782
2011,33,17,677109,137.0,20.233079164506748,0.00020233079164506747
2012,34,1,2420942,12.0,0.49567482409739677,4.956748240973968e-06
2012,34,2,3585337,1.0,0.027891380921793406,2.7891380921793406e-07
2012,34,3,4164206,2.0,0.048028363630425584,4.802836363042558e-07
2012,34,4,4204730,12.0,0.2853928789720148,2.8539287897201483e-06
2012,34,5,3580591,27.0,0.7540654601433116,7.5406546014331155e-06
2012,34,6,2935796,27.0,0.9196824302506031,9.196824302506032e-06
2012,34,7,3036187,51.0,1.6797384350832145,1.6797384350832145e-05
2012,34,8,2692418,43.0,1.5970774225993143,1.5970774225993142e-05
2012,34,9,2645176,57.0,2.154866065622855,2.1548660656228547e-05
2012,34,10,2797005,66.0,2.3596668579426923,2.3596668579426924e-05
2012,34,11,2256656,69.0,3.0576215426719893,3.057621542671989e-05
2012,34,12,1806355,84.0,4.650248705265576,4.6502487052655764e-05
2012,34,13,1546858,86.0,5.559657059665463,5.5596570596654636e-05
2012,34,14,946848,92.0,9.716448680252796,9.716448680252797e-05
2012,34,15,738464,86.0,11.645794514018286,0.00011645794514018286
2012,34,16,429264,97.0,22.59681687725968,0.0002259681687725968
2012,34,17,663951,153.0,23.04386920119105,0.00023043869201191052
2013,35,1,3782953,22.0,0.5815562604134918,5.815562604134918e-06
2013,35,2,3231412,2.0,0.061892448254818634,6.189244825481864e-07
2013,35,3,3019653,2.0,0.06623277575271065,6.623277575271066e-07
2013,35,4,3415419,14.0,0.40990578315574167,4.099057831557417e-06
2013,35,5,3616872,23.0,0.6359085972630494,6.359085972630494e-06
2013,35,6,3648200,43.0,1.1786634504687243,1.1786634504687242e-05
2013,35,7,3123607,37.0,1.184528015208059,1.1845280152080592e-05
2013,35,8,2482133,36.0,1.450365471954968,1.4503654719549678e-05
2013,35,9,2607694,46.0,1.764010654624354,1.764010654624354e-05
2013,35,10,2550172,70.0,2.7449128921500194,2.7449128921500196e-05
2013,35,11,2516572,85.0,3.377610495547117,3.377610495547117e-05
2013,35,12,1875558,78.0,4.158762352323948,4.158762352323948e-05
2013,35,13,1466740,98.0,6.6814841076128015,6.681484107612802e-05
2013,35,14,1081801,88.0,8.134582977830489,8.134582977830488e-05
2013,35,15,796911,104.0,13.050390821559748,0.00013050390821559748
2013,35,16,548537,95.0,17.318795268140526,0.00017318795268140527
2013,35,17,727098,161.0,22.142819812459944,0.00022142819812459943
2014,36,1,3083493,11.0,0.3567382834986167,3.5673828349861667e-06
2014,36,2,3879720,3.0,0.07732516779561412,7.732516779561412e-07
2014,36,3,3692412,4.0,0.108330273003121,1.08330273003121e-06
2014,36,4,4206168,12.0,0.28529530917452656,2.8529530917452656e-06
2014,36,5,3657076,34.0,0.9297044961603205,9.297044961603204e-06
2014,36,6,3358741,35.0,1.0420571279535993,1.0420571279535993e-05
2014,36,7,3462424,39.0,1.1263785140121487,1.1263785140121487e-05
2014,36,8,3078134,40.0,1.2994885862668748,1.2994885862668747e-05
2014,36,9,2357428,39.0,1.654345328892335,1.654345328892335e-05
2014,36,10,2834507,60.0,2.1167702178897425,2.1167702178897424e-05
2014,36,11,2084072,80.0,3.8386389721660286,3.8386389721660286e-05
2014,36,12,1937713,101.0,5.212330205763186,5.212330205763186e-05
2014,36,13,1673089,91.0,5.439041198645141,5.439041198645141e-05
2014,36,14,939678,90.0,9.57774897358457,9.577748973584568e-05
2014,36,15,902275,103.0,11.415588373832811,0.00011415588373832812
2014,36,16,616767,121.0,19.618429650094768,0.00019618429650094767
2014,36,17,562451,167.0,29.691475346296833,0.00029691475346296835
2015,37,1,3421937,9.0,0.2630089332445337,2.630089332445337e-06
2015,37,2,3848269,6.0,0.1559142565137728,1.5591425651377282e-06
2015,37,3,3665845,3.0,0.08183652063848854,8.183652063848854e-07
2015,37,4,3426170,12.0,0.35024531765790956,3.5024531765790956e-06
2015,37,5,4072795,22.0,0.5401695886976879,5.40169588697688e-06
2015,37,6,3383545,41.0,1.2117468513053617,1.2117468513053617e-05
2015,37,7,2859647,38.0,1.3288353422642725,1.3288353422642725e-05
2015,37,8,2842819,33.0,1.160819594916173,1.160819594916173e-05
2015,37,9,2115237,44.0,2.0801451563110893,2.0801451563110895e-05
2015,37,10,2840333,64.0,2.253256924452168,2.253256924452168e-05
2015,37,11,2637600,81.0,3.0709736123748863,3.0709736123748864e-05
2015,37,12,1832228,94.0,5.130365871496342,5.130365871496342e-05
2015,37,13,1740820,98.0,5.629530910720235,5.6295309107202354e-05
2015,37,14,1319721,99.0,7.501585562402962,7.501585562402962e-05
2015,37,15,943557,90.0,9.538374470222784,9.538374470222784e-05
2015,37,16,537222,116.0,21.592563223397402,0.00021592563223397403
2015,37,17,742565,173.0,23.297623777043086,0.00023297623777043087
2016,38,1,3750846,10.0,0.2666065202357015,2.666065202357015e-06
2016,38,2,3495434,2.0,0.05721750146047672,5.721750146047672e-07
2016,38,3,3643592,4.0,0.10978177578609241,1.0978177578609241e-06
2016,38,4,4171503,17.0,0.4075269752892423,4.075269752892423e-06
2016,38,5,4115236,28.0,0.6803984024245511,6.803984024245511e-06
2016,38,6,3090946,25.0,0.8088138712225965,8.088138712225965e-06
2016,38,7,3207257,45.0,1.403068104614005,1.403068104614005e-05
2016,38,8,2617397,42.0,1.6046476709494204,1.6046476709494204e-05
2016,38,9,2895163,55.0,1.899720326627551,1.899720326627551e-05
2016,38,10,2842380,53.0,1.8646345668066902,1.86463456680669e-05
2016,38,11,2452596,83.0,3.384169263914644,3.384169263914644e-05
2016,38,12,2058127,89.0,4.3243201221304615,4.324320122130461e-05
2016,38,13,1654038,107.0,6.4690170358843035,6.469017035884303e-05
2016,38,14,1113147,113.0,10.151399590530271,0.00010151399590530271
2016,38,15,905474,114.0,12.590090935797162,0.00012590090935797162
2016,38,16,527358,112.0,21.2379446220594,0.00021237944622059398
2016,38,17,754665,170.0,22.52655151623568,0.0002252655151623568
2017,39,1,3761966,9.0,0.23923661192046924,2.3923661192046925e-06
2017,39,2,3821001,1.0,0.026171152533066594,2.6171152533066594e-07
2017,39,3,3247603,6.0,0.18475164606018654,1.8475164606018655e-06
2017,39,4,4149523,12.0,0.28918986591952855,2.8918986591952857e-06
2017,39,5,3787855,21.0,0.5544034816538648,5.544034816538648e-06
2017,39,6,3150669,46.0,1.4600073825590691,1.4600073825590692e-05
2017,39,7,2921154,45.0,1.5404870814753349,1.540487081475335e-05
2017,39,8,2711923,30.0,1.106226098602357,1.1062260986023571e-05
2017,39,9,2138592,53.0,2.4782660741272764,2.4782660741272762e-05
2017,39,10,2601028,47.0,1.8069778564475276,1.8069778564475276e-05
2017,39,11,2499520,63.0,2.5204839329151194,2.5204839329151196e-05
2017,39,12,2184702,73.0,3.3414168156572384,3.341416815657238e-05
2017,39,13,1887939,93.0,4.926006613561137,4.926006613561137e-05
2017,39,14,1200510,117.0,9.745858010345604,9.745858010345604e-05
2017,39,15,726789,112.0,15.410249742359888,0.00015410249742359888
2017,39,16,627481,103.0,16.414839652515376,0.00016414839652515375
2017,39,17,819564,191.0,23.305074405415564,0.00023305074405415564
2018,40,1,3467006,12.0,0.3461199663340646,3.461199663340646e-06
2018,40,2,3337519,2.0,0.05992475248830043,5.992475248830044e-07
2018,40,3,4282156,6.0,0.14011633392151057,1.4011633392151056e-06
2018,40,4,3475626,17.0,0.48912052102268766,4.891205210226877e-06
2018,40,5,3762043,29.0,0.7708577493665011,7.708577493665011e-06
2018,40,6,3442636,40.0,1.1619003577491203,1.1619003577491202e-05
2018,40,7,2854831,51.0,1.7864455023782495,1.7864455023782495e-05
2018,40,8,2989727,54.0,1.8061849794312324,1.8061849794312324e-05
2018,40,9,2918403,61.0,2.090184254881865,2.0901842548818652e-05
2018,40,10,2532258,50.0,1.9745223432999324,1.9745223432999324e-05
2018,40,11,2423451,69.0,2.8471794973366493,2.8471794973366493e-05
2018,40,12,2175087,110.0,5.057268973608871,5.0572689736088715e-05
2018,40,13,1925897,110.0,5.711624245741076,5.7116242457410757e-05
2018,40,14,1512499,130.0,8.595047004989755,8.595047004989755e-05
2018,40,15,1021677,118.0,11.549638486527542,0.00011549638486527543
2018,40,16,810585,112.0,13.817181418358345,0.00013817181418358346
2018,40,17,975116,192.0,19.689965091332724,0.00019689965091332723
2019,41,1,3151226,14.0,0.44427153114375173,4.442715311437517e-06
2019,41,2,3315515,3.0,0.09048368051418859,9.04836805141886e-07
2019,41,3,3516327,6.0,0.17063259475014697,1.7063259475014696e-06
2019,41,4,4317748,15.0,0.34740332228745174,3.474033222874517e-06
2019,41,5,4243153,30.0,0.7070214060157622,7.070214060157623e-06
2019,41,6,3999215,48.0,1.2002355462259469,1.2002355462259468e-05
2019,41,7,3243341,57.0,1.7574470276175094,1.7574470276175093e-05
2019,41,8,3392558,45.0,1.3264327389539101,1.3264327389539102e-05
2019,41,9,3019986,48.0,1.589411341641981,1.589411341641981e-05
2019,41,10,2548752,67.0,2.628737515458546,2.628737515458546e-05
2019,41,11,2488599,74.0,2.973560625878255,2.9735606258782552e-05
2019,41,12,2443550,92.0,3.7650140164923984,3.7650140164923986e-05
2019,41,13,1994586,107.0,5.364521760405418,5.364521760405417e-05
2019,41,14,1296504,135.0,10.412617315488422,0.00010412617315488422
2019,41,15,1161552,107.0,9.211813160323429,9.211813160323429e-05
2019,41,16,823709,119.0,14.446849554879211,0.0001444684955487921
2019,41,17,916620,197.0,21.492003229255307,0.00021492003229255308
2020,42,1,2408514,7.0,0.2906356367453127,2.9063563674531267e-06
2020,42,2,3686680,5.0,0.13562337930061735,1.3562337930061735e-06
2020,42,3,3464485,6.0,0.1731859136350713,1.731859136350713e-06
2020,42,4,3995156,18.0,0.4505456107345996,4.505456107345996e-06
2020,42,5,4364464,29.0,0.6644573079305959,6.644573079305959e-06
2020,42,6,3820201,54.0,1.4135381881738684,1.4135381881738684e-05
2020,42,7,3407764,40.0,1.1737902037817172,1.1737902037817172e-05
2020,42,8,3477604,46.0,1.3227498012999754,1.3227498012999755e-05
2020,42,9,2870244,48.0,1.6723316902674477,1.6723316902674477e-05
2020,42,10,2581442,48.0,1.8594258557813812,1.8594258557813813e-05
2020,42,11,2255810,65.0,2.8814483489300957,2.881448348930096e-05
2020,42,12,1845709,85.0,4.60527634637963,4.60527634637963e-05
2020,42,13,1688563,103.0,6.099861242962211,6.099861242962211e-05
2020,42,14,1629637,112.0,6.87269618939678,6.87269618939678e-05
2020,42,15,1211505,102.0,8.419280151547044,8.419280151547043e-05
2020,42,16,783861,91.0,11.609201121117136,0.00011609201121117137
2020,42,17,1016985,151.0,14.847809948032666,0.00014847809948032666
2021,43,1,3507046,12.0,0.34216830916959745,3.4216830916959743e-06
2021,43,2,4054929,2.0,0.04932268851069896,4.932268851069896e-07
2021,43,3,4283554,4.0,0.09338040328194765,9.338040328194765e-07
2021,43,4,3997521,21.0,0.5253255705223312,5.2532557052233125e-06
2021,43,5,4427766,45.0,1.0163138702451755,1.0163138702451755e-05
2021,43,6,3897470,54.0,1.385514192540289,1.385514192540289e-05
2021,43,7,3498863,76.0,2.172134204740226,2.1721342047402257e-05
2021,43,8,2566744,58.0,2.2596721761110574,2.2596721761110573e-05
2021,43,9,3245218,78.0,2.403536526667854,2.403536526667854e-05
2021,43,10,2856813,51.0,1.7852061020444812,1.7852061020444812e-05
2021,43,11,2262765,72.0,3.1819477497663256,3.181947749766326e-05
2021,43,12,2568971,108.0,4.204017873304137,4.2040178733041365e-05
2021,43,13,2137933,122.0,5.706446366654147,5.706446366654147e-05
2021,43,14,1684634,125.0,7.420009331403735,7.420009331403735e-05
2021,43,15,1255668,108.0,8.600999627290017,8.600999627290017e-05
2021,43,16,785288,85.0,10.824054359674411,0.00010824054359674412
2021,43,17,898094,166.0,18.483588577587646,0.00018483588577587648
2022,44,1,3803367,17.0,0.44697237999909023,4.4697237999909025e-06
2022,44,2,4027825,1.0,0.024827295128264013,2.482729512826401e-07
2022,44,3,4243996,5.0,0.11781349464042849,1.178134946404285e-06
2022,44,4,4002670,25.0,0.6245830907868998,6.245830907868997e-06
2022,44,5,4453470,57.0,1.2799008413663953,1.2799008413663952e-05
2022,44,6,3966290,63.0,1.58838612406052,1.58838612406052e-05
2022,44,7,3948614,73.0,1.848749966443922,1.848749966443922e-05
2022,44,8,3580336,69.0,1.9271934254215246,1.9271934254215246e-05
2022,44,9,2728838,69.0,2.528548781569298,2.528548781569298e-05
2022,44,10,2903778,62.0,2.135149450130141,2.1351494501301407e-05
2022,44,11,2529294,75.0,2.96525433579489,2.96525433579489e-05
2022,44,12,2608126,108.0,4.140904235454882,4.140904235454882e-05
2022,44,13,1850559,149.0,8.051621158795802,8.051621158795802e-05
2022,44,14,1582085,154.0,9.7339902723305,9.7339902723305e-05
2022,44,15,1297741,148.0,11.404432779730316,0.00011404432779730316
2022,44,16,697490,113.0,16.200949117550074,0.00016200949117550073
2022,44,17,938938,214.0,22.791707226675243,0.00022791707226675243
2023,45,1,3766362,12.0,0.3186098415393953,3.186098415393953e-06
2023,45,2,3995889,6.0,0.15015432110351415,1.5015432110351414e-06
2023,45,3,3773595,5.0,0.13249964556344812,1.3249964556344812e-06
2023,45,4,4399768,20.0,0.4545694227513814,4.545694227513814e-06
2023,45,5,4065554,50.0,1.229844690293131,1.2298446902931311e-05
2023,45,6,4407003,94.0,2.1329688225762498,2.1329688225762497e-05
2023,45,7,4056167,85.0,2.0955744672248455,2.0955744672248454e-05
2023,45,8,3267269,78.0,2.387314910403765,2.3873149104037653e-05
2023,45,9,3399909,92.0,2.7059547770249144,2.7059547770249146e-05
2023,45,10,2966127,72.0,2.4274078621717816,2.4274078621717814e-05
2023,45,11,2772337,88.0,3.174217275893948,3.174217275893948e-05
2023,45,12,2636734,127.0,4.816564735009296,4.8165647350092954e-05
2023,45,13,2087463,137.0,6.562990577557542,6.562990577557543e-05
2023,45,14,1796379,141.0,7.849123152742266,7.849123152742266e-05
2023,45,15,1083730,174.0,16.05565962001606,0.00016055659620016057
2023,45,16,737844,143.0,19.38079051940519,0.00019380790519405187
2023,45,17,958012,244.0,25.469409568982435,0.00025469409568982436
