dataset,year,age,cohort,obs_tasa_x100k,pred_tasa_x100k,abs_error_100k,rel_abs_error
train,1980,1,1979,1.207790306392833,0.7492407,0.4585496099626267,0.3796599521747644
train,1980,2,1978,7.931035806068268,6.5848007,1.346235085853424,0.16974265641610273
train,1980,3,1977,28.46405396613421,28.551777,0.08772291985211922,0.0030818842585278467
train,1980,4,1976,0.48299539252582724,0.70366526,0.2206698639744169,0.4568777826636517
train,1980,5,1975,5.7823810228472485,6.2535734,0.4711923948163257,0.08148760743272997
train,1980,6,1974,22.331235329956137,26.949934,4.618698675781168,0.20682683279886577
train,1980,7,1973,0.6572037295714196,0.6978891,0.04068536001293099,0.06190676982219975
train,1980,8,1972,5.046836444647921,6.2176557,1.1708192140740028,0.23199071872348934
train,1980,9,1971,27.400171111272677,23.72343,3.676740477727755,0.13418677068826687
train,1980,10,1970,1.0874481735426205,0.7287156,0.35873257495939903,0.3298847556021108
train,1980,11,1969,5.887997462914358,6.317178,0.4291803096076148,0.07289070899074611
train,1980,12,1968,31.607332901233104,7.625961,23.981372074359324,0.7587281137986488
train,1980,13,1967,1.2798034221943524,0.8412908,0.43851265023314023,0.34264062951240065
train,1980,14,1966,5.771718353724849,6.1020837,0.3303653292890667,0.057238643510004975
train,1980,15,1965,0.31536497582858874,1.4865855,1.1712205220275513,3.713857313883944
train,1980,16,1964,1.1263785140121492,0.99458957,0.13178894682770093,0.11700236216167954
train,1980,17,1963,5.903327766550417,6.3110595,0.40773170839465145,0.0690681128540553
train,1981,1,1980,0.9103304000138602,1.147054,0.2367235569716134,0.2600413618700959
train,1981,2,1979,9.622214642663804,8.940923,0.6812919055422224,0.07080406443246244
train,1981,3,1978,47.96573352438156,34.841915,13.123818393766328,0.27360820797403335
train,1981,4,1977,0.8452199941619447,1.0841317,0.23891172351994006,0.2826621769123481
train,1981,5,1976,7.829645518613234,8.502557,0.6729112822290508,0.08594402909164515
train,1981,6,1975,36.19104347072107,31.596405,4.594638441424195,0.1269551248264278
train,1981,7,1974,1.3089470269138221,1.0767192,0.2322278620654945,0.17741578329021743
train,1981,8,1973,7.210193847959018,8.456204,1.2460105664086578,0.17281235327136063
train,1981,9,1972,34.48731728906694,9.219031,25.268285955143597,0.7326834309363152
train,1981,10,1971,1.7494326492727692,1.1306757,0.618756975787967,0.35369008120708595
train,1981,11,1970,6.09055918760853,8.371934,2.2813747494642236,0.37457558151727527
train,1981,12,1969,0.6390278911096468,1.38465,0.745622100879489,1.166806819000621
train,1981,13,1968,1.388464635805726,1.2521325,0.13633210082495206,0.09818910565607625
train,1981,14,1967,6.195687509931323,7.985851,1.7901633010733153,0.2889369901570245
train,1981,15,1966,0.025271664070845485,0.102929115,0.07765745122456467,3.0729061214089524
train,1981,16,1965,1.2994885862668748,1.444731,0.1452424108186965,0.11176890074566334
train,1981,17,1964,8.208230458055576,8.128236,0.07999464110000964,0.009745662175151645
train,1982,1,1981,1.5202285410239997,1.7521019,0.23187335716935964,0.1525253282069163
train,1982,2,1980,11.034093540171325,11.892757,0.8586638756001594,0.077819158635368
train,1982,3,1979,38.16899206268912,41.86055,3.6915578640686917,0.09671614744255087
train,1982,4,1978,1.8555022876141753,1.6383519,0.21715037034732965,0.11703050532286159
train,1982,5,1977,9.952553294992745,11.317379,1.3648257028099895,0.137133222235194
train,1982,6,1976,33.88150258189599,13.659503,20.221999598802725,0.5968448285291637
train,1982,7,1975,1.5587978550941506,1.6194668,0.06066892652206035,0.03892032974240721
train,1982,8,1974,9.708303550098185,11.224509,1.5162056890985927,0.15617617241511803
train,1982,9,1973,0.6223597253042479,1.579171,0.9568112170022707,1.5373925691174584
train,1982,10,1972,1.6049534760016875,1.6822536,0.07730012316518264,0.04816346661817704
train,1982,11,1971,12.099295530617018,10.774542,1.32475367575862,0.10949014943938253
train,1982,12,1970,0.3288836163102782,0.14080125,0.18808236537567735,0.5718812249913453
train,1982,13,1969,1.4931385194785014,1.8399663,0.3468277776711568,0.23228104636404312
train,1982,14,1968,9.506066732588462,10.191767,0.68570000630314,0.07213288372491307
train,1982,15,1967,0.04802836363042548,0.1722869,0.12425853426729486,2.587190669681512
train,1982,16,1966,1.357422595586914,2.0502245,0.6928019470308839,0.510380443999331
train,1982,17,1965,11.53999163856746,10.204517,1.3354742740655077,0.11572575751286884
train,1983,1,1982,3.357188019315019,2.604929,0.7522590489781051,0.22407414915395996
train,1983,2,1981,14.776688641148647,15.507471,0.7307824434460795,0.04945508842969189
train,1983,3,1980,57.30681991231655,24.293058,33.013761516930806,0.5760878298157811
train,1983,4,1979,3.9900944092610793,2.4534066,1.5366878369191603,0.38512568358084354
train,1983,5,1978,14.79085727808784,14.758013,0.032844506481394475,0.002220595186869276
train,1983,6,1977,0.9250214154629018,2.235945,1.3109235708804818,1.417181860836215
train,1983,7,1976,2.8294436146708053,2.3713715,0.458072107026152,0.16189476427480778
train,1983,8,1975,12.483422244313166,14.511775,2.028352772471502,0.162483711018856
train,1983,9,1974,0.19217981881286667,0.19961837,0.007438550528029941,0.038706200130381306
train,1983,10,1973,2.3017849295863044,2.459352,0.15756708686267018,0.06845430467342618
train,1983,11,1972,14.384721213037722,13.462462,0.922258787805788,0.06411377559196811
train,1983,12,1971,0.1666912337794545,0.23095004,0.06425880882594559,0.38549602980669945
train,1983,13,1970,2.6173442680160552,2.6384819,0.021137587376400813,0.008075967550273778
train,1983,14,1969,13.122885106462741,12.694884,0.4280008062308074,0.032614840620679784
train,1983,15,1968,0.28539287897201476,0.28343016,0.0019627198800653,0.006877255967731713
train,1983,16,1967,2.1167702178897425,2.832598,0.7158277530727819,0.3381697961463522
train,1983,17,1966,16.920090341196644,12.540094,4.379995965586293,0.25886362763216
train,1984,1,1983,4.636005399582755,3.7884328,0.8475725630501625,0.18282389471036034
train,1984,2,1982,18.85969078366833,19.83916,0.9794701355211224,0.051934580834657636
train,1984,3,1981,2.2064843643326197,3.8410268,1.6345424186568822,0.7407903926618262
train,1984,4,1980,5.1194057252609095,3.553609,1.565796830912765,0.30585519393125626
train,1984,5,1979,17.86038165835722,18.869953,1.0095714971603584,0.056525751603292526
train,1984,6,1978,0.438096907035836,0.31055412,0.12754279007149577,0.291129172616532
train,1984,7,1977,3.8978228117537985,3.449756,0.4480669046950827,0.11495312289307556
train,1984,8,1976,15.97388916711279,18.1065,2.1326114584975624,0.13350608835374117
train,1984,9,1975,0.2314518356445084,0.32290027,0.09144842981073756,0.39510781824517455
train,1984,10,1974,3.5912929103388853,3.5257664,0.06552653765822125,0.01824594631909869
train,1984,11,1973,18.593452583544472,16.43619,2.1572629320552146,0.11602271941491457
train,1984,12,1972,0.33354457823288064,0.37207866,0.038534078917387915,0.11552902200187441
train,1984,13,1971,3.287385194013159,3.6617827,0.374397547533472,0.1138891627957668
train,1984,14,1970,17.622471588353733,15.383607,2.2388646776481664,0.12704600863863225
train,1984,15,1969,0.6875696323412385,0.4573958,0.23017384033379218,0.3347644071331279
train,1984,16,1968,3.1001491559262653,3.8206882,0.7205390917543988,0.2324207821990691
train,1984,17,1967,19.58703614729912,8.672305,10.91473104018242,0.557242604654452
train,1985,1,1984,4.8848561687406935,5.3337955,0.44893937874465806,0.09190431882466293
train,1985,2,1983,28.224767320978703,24.925283,3.299483888971867,0.11690030431249414
train,1985,3,1982,0.9479013320886146,0.51848865,0.42941268653502573,0.45301411866190844
train,1985,4,1981,5.737371288029029,5.013988,0.72338326999314,0.1260827012367748
train,1985,5,1980,27.0855402173893,23.680326,3.405213755597309,0.12572072509046683
train,1985,6,1979,0.30500798150431624,0.501886,0.19687802866566667,0.6454848417212162
train,1985,7,1978,4.8419720883738,4.9025073,0.060535216771463674,0.012502182099893563
train,1985,8,1977,19.459663327762918,21.779022,2.319358889033957,0.11918802756082786
train,1985,9,1976,0.5685665543702594,0.51383793,0.05472862082991514,0.09625719347919778
train,1985,10,1975,5.016934662954803,5.000355,0.016579896109099934,0.003304786133956075
train,1985,11,1974,24.045808388616233,19.632784,4.413024498845726,0.18352572837329756
train,1985,12,1973,0.7621071609766292,0.5873106,0.17479654877493855,0.22935954118409013
train,1985,13,1972,4.456859057645594,4.981112,0.5242529456808223,0.1176283429428548
train,1985,14,1971,24.613210196815093,7.5051475,17.10806273969229,0.6950764489024415
train,1985,15,1970,0.7449926149158006,0.7181969,0.02679568641467145,0.03596772085809729
train,1985,16,1969,4.736504947068381,5.0728493,0.3363443266132595,0.07101107892252195
train,1985,17,1968,0.23923661192046916,1.7812963,1.5420596412838765,6.445751044953214
train,1986,1,1985,8.023557714067836,7.344601,0.6789565597404437,0.08462038710707262
train,1986,2,1984,32.512468757549584,30.784163,1.7283062361872794,0.05315825903826216
train,1986,3,1983,0.6601180951272183,0.80839044,0.14827234342945284,0.22461487501058897
train,1986,4,1982,7.164191895892911,6.9219494,0.24224250929623103,0.033812956550629256
train,1986,5,1981,31.38272276502708,29.13605,2.2466734943971964,0.07158950200779962
train,1986,6,1980,0.7635203418616521,0.7864152,0.022894877445293726,0.029985942993267668
train,1986,7,1979,5.821117072366185,6.7883906,0.9672735640779067,0.1661663134503083
train,1986,8,1978,28.31335497868802,25.658804,2.6545510388686857,0.09375614584943116
train,1986,9,1977,1.2232490718597668,0.81744856,0.4058005154365796,0.3317398923665554
train,1986,10,1976,4.705498531884458,6.896996,2.191497489386294,0.46573120245097127
train,1986,11,1975,33.36699891837177,7.8895316,25.47746730597553,0.7635528555715254
train,1986,12,1974,0.8205033453744729,0.89801425,0.07751090204297706,0.09446750275894009
train,1986,13,1973,6.960777848606742,6.656368,0.30441006982866625,0.04373219149488483
train,1986,14,1972,0.336508768124233,1.428395,1.0918862647584575,3.244748334022928
train,1986,15,1971,1.5185820850191574,1.0729215,0.44566057050804897,0.2934715053629342
train,1986,16,1970,5.43904119864514,6.656393,1.217351852502321,0.2238173619286683
train,1986,17,1969,0.026171152533066493,0.08434281,0.058171654998290315,2.222739519116301
train,1987,1,1986,8.19925501568927,9.905849,1.70659444109784,0.20814018320348182
train,1987,2,1985,47.84986939607565,37.41321,10.436657573565881,0.21811256133588555
train,1987,3,1984,1.3762376415355695,1.2358546,0.1403830158336652,0.10200492385670219
train,1987,4,1983,7.508740256171813,9.353125,1.8443843623584604,0.24563166382566262
train,1987,5,1982,43.01586261143159,34.478764,8.537099031109321,0.19846397381882014
train,1987,6,1981,1.356865074262151,1.2083861,0.14847901068640645,0.10942798477368013
train,1987,7,1980,9.4667679719653,9.16054,0.30622834489010486,0.03234771843959111
train,1987,8,1979,35.82314296469903,10.091616,25.731527287819148,0.7182934036015456
train,1987,9,1978,1.222774365629487,1.248022,0.02524759462899695,0.020647795160457737
train,1987,10,1977,7.715683493018516,9.191992,1.4763083130117574,0.19133863051113922
train,1987,11,1976,0.6927447646411601,1.407495,0.7147502571789083,1.0317656569344342
train,1987,12,1975,1.339510710225322,1.3419055,0.002394764437458674,0.001787790436594611
train,1987,13,1974,8.787200136795326,8.670866,0.11633412422208345,0.013239043428057965
train,1987,14,1973,0.22255644155000165,0.112128995,0.11042744619105771,0.4961772637156038
train,1987,15,1972,1.4480459629993951,1.5493537,0.10130775575823425,0.06996169897005307
train,1987,16,1971,7.112493569120402,8.536811,1.4243173058185628,0.20025568979101474
train,1987,17,1970,0.1515172941839581,0.14297953,0.008537761703718227,0.056348430386409416
train,1988,1,1987,10.448622429144695,13.093042,2.6444199445125314,0.25308790344802856
train,1988,2,1986,48.26501204304867,44.787617,3.4773953133123428,0.07204795287755657
train,1988,3,1985,2.602168452025286,1.8744339,0.7277345769413626,0.27966466827875114
train,1988,4,1984,11.474170581383685,12.37707,0.9028998455572328,0.07868977013659424
train,1988,5,1983,32.39715376278217,15.843654,16.553500083888125,0.5109553822257147
train,1988,6,1982,1.7153474727591482,1.8056967,0.09034925308618869,0.05267110863597135
train,1988,7,1981,10.550003533255907,12.09543,1.5454268408896006,0.14648590742343662
train,1988,8,1980,0.5090382047055496,1.7032785,1.1942403368593917,2.346072113679262
train,1988,9,1979,2.428585634390872,1.8487167,0.5798688985510281,0.23876814979852654
train,1988,10,1978,10.302268559536811,11.755368,1.4530996731902395,0.14104657287787006
train,1988,11,1977,0.18650109720926744,0.15500166,0.03149944198828203,0.16889681862176137
train,1988,12,1976,1.6520360332659372,1.995825,0.34378901899541536,0.208100193986426
train,1988,13,1975,12.641378951360437,11.017206,1.6241727593438355,0.12848066382575432
train,1988,14,1974,0.2365080438750802,0.1866575,0.049850540627819157,0.21077735797408498
train,1988,15,1973,1.9716899908368288,2.179158,0.2074679814989866,0.10522342886714527
train,1988,16,1972,11.415588373832817,10.694497,0.7210912653733441,0.0631672448023958
train,1988,17,1971,0.2891898659195287,0.23834048,0.05084938380378318,0.1758339063574134
train,1989,1,1988,16.455734075337343,16.971859,0.5161249029341413,0.03136444114684865
train,1989,2,1987,65.51477139712436,29.266129,36.2486428570853,0.5532896182657795
train,1989,3,1986,3.747908705580521,2.7857242,0.962184542525101,0.2567257150880386
train,1989,4,1985,14.154396622436105,16.052382,1.897984893066825,0.13409154368743625
train,1989,5,1984,1.1439985834313198,2.564157,1.420158425693436,1.241398762429022
train,1989,6,1983,3.026162859118672,2.6518543,0.3743085824615675,0.12369082560561727
train,1989,7,1982,14.309017542855496,15.6392355,1.3302179536654997,0.09296361190986069
train,1989,8,1981,0.2220503388118085,0.22445197,0.002401635222500892,0.010815724197230356
train,1989,9,1980,3.2010755613886266,2.6902544,0.5108211115442662,0.1595779611408212
train,1989,10,1979,14.835220347783615,14.619793,0.215427409551193,0.014521348824007414
train,1989,11,1978,0.2673798091297081,0.25264108,0.014738727319710543,0.055122813377825194
train,1989,12,1977,2.763837944336302,2.8703668,0.10652886741601719,0.03854381825616049
train,1989,13,1976,14.547632196311119,13.640003,0.9076289919654155,0.062390152549739536
train,1989,14,1975,0.337210856744398,0.30533093,0.03187992460404765,0.09454003026989648
train,1989,15,1974,2.359666857942694,2.995374,0.6357071063669983,0.26940544773382896
train,1989,16,1973,19.618429650094765,13.125598,6.492831696298378,0.3309557294901371
train,1989,17,1972,0.505558495284584,0.38313368,0.12242481565621177,0.2421575679131956
train,1990,1,1989,17.857880786100953,21.59417,3.7362888305982658,0.20922352855586676
train,1990,2,1988,3.948396590826324,4.617226,0.6688295329834903,0.16939269336248405
train,1990,3,1987,5.281536549883402,3.989186,1.2923505013757115,0.24469214388074195
train,1990,4,1986,20.70977501380653,20.42248,0.28729538428992996,0.01387245318205464
train,1990,5,1985,0.26164099663241885,0.36039823,0.09875723630444028,0.3774532186284534
train,1990,6,1984,3.8158974831884733,3.831595,0.015697460811770814,0.0041137008740209325
train,1990,7,1983,21.203205064185806,19.652304,1.5509013685070947,0.0731446667526052
train,1990,8,1982,0.18205447433981198,0.36155805,0.1795035755774091,0.9859882665743906
train,1990,9,1981,3.6636059564999166,3.863429,0.19982311301912636,0.05454274160258653
train,1990,10,1980,16.26777420329406,17.77464,1.5068649263446119,0.09262883216312373
train,1990,11,1979,0.49662205519457503,0.40431067,0.09231138171930953,0.18587853832419168
train,1990,12,1978,3.963354988430374,4.0156226,0.05226762738383517,0.013187722910614619
train,1990,13,1977,23.004459030975486,16.446537,6.55792201315322,0.28507177692475616
train,1990,14,1976,0.5235719966470445,0.48988923,0.03368276234261636,0.0643326277154937
train,1990,15,1975,2.8200524529756246,4.059158,1.2391053953825297,0.4393909035538073
train,1990,16,1974,20.569390283857587,8.099822,12.469568239485028,0.6062196335138952
train,1990,17,1973,1.191305849907377,0.59606636,0.5952394942021157,0.4996529600252491
train,1991,1,1990,25.131756931560293,26.994873,1.8631161153147069,0.07413393820369733
train,1991,2,1989,1.0306169803275838,0.60063195,0.42998502804181715,0.417211278534076
train,1991,3,1988,5.291702208307856,5.590036,0.29833370706689966,0.056377644720533575
train,1991,4,1987,28.630336625159288,25.512037,3.118299347937608,0.10891591631504788
train,1991,5,1986,0.20263453847812776,0.57431537,0.3716808306510532,1.8342422443908195
train,1991,6,1985,4.6391936969566885,5.3999734,0.7607796955298838,0.16398963811939807
train,1991,7,1984,22.39554845406113,23.67967,1.284121879801173,0.057338264451757937
train,1991,8,1983,0.8982937751890697,0.58044004,0.31785373078599355,0.3538416268316442
train,1991,9,1982,5.928302037287942,5.4469266,0.48137544350742445,0.0811995476073215
train,1991,10,1981,26.81670902394558,21.149395,5.667314034931909,0.211335180236738
train,1991,11,1980,1.1110956792266773,0.6349543,0.4761414055259632,0.4285332167405503
train,1991,12,1979,5.376902601324595,5.476032,0.09912917891832507,0.01843611206457157
train,1991,13,1978,26.651335164844365,7.4662976,19.185037538349004,0.7198527735921901
train,1991,14,1977,1.1738788478770399,0.76486665,0.4090121977725172,0.3484279476641626
train,1991,15,1976,4.240937772316169,5.4066415,1.1657037109907158,0.2748693269210119
train,1991,16,1975,0.23985404082102582,1.6221626,1.3823085396690864,5.763123835361079
train,1991,17,1974,1.259722961726258,0.8916081,0.3681148427153327,0.29221888772321436
train,1992,1,1991,31.988839983644823,33.1897,1.2008610966774427,0.03754000136583192
train,1992,2,1990,0.8593560163811038,0.9291376,0.06978157116619843,0.08120216747882844
train,1992,3,1989,6.127800262212844,7.6664824,1.5386821863650368,0.25109861949206935
train,1992,4,1988,33.64859190375947,31.324608,2.323984054638373,0.06906630926147764
train,1992,5,1987,0.7642186704734947,0.89188105,0.12766237820585713,0.1670495411039788
train,1992,6,1986,4.4594362018424425,7.4068165,2.947380280701503,0.6609311462922407
train,1992,7,1985,35.044026184351985,27.786331,7.257695007594172,0.20710220250990177
train,1992,8,1984,1.1569011184107045,0.9140028,0.24289834226476947,0.20995600954923582
train,1992,9,1983,7.237710772960455,7.500103,0.26239222386571726,0.03625348291699617
train,1992,10,1982,37.560694101727286,8.2952175,29.2654765876892,0.77915164476001
train,1992,11,1981,1.1077547899317115,0.96858305,0.13917174254172737,0.12563406974767502
train,1992,12,1980,4.950018018065584,7.2815185,2.3315004412544846,0.471008475675234
train,1992,13,1979,0.8390200246112546,1.3938022,0.5547821413738528,0.6612263415646609
train,1992,14,1978,1.3082763116949638,1.1483423,0.1599340599173149,0.12224792154952867
train,1992,15,1977,5.559657059665466,7.09671,1.537053145412659,0.2764654598146868
train,1992,16,1976,0.15591425651377286,0.09109783,0.06481642478769864,0.415718396999554
train,1992,17,1975,0.9037347743283892,1.3050787,0.40134397055991644,0.44409486274082044
train,1993,1,1992,40.05798223190856,40.17377,0.11578867263245485,0.002890526835877904
train,1993,2,1991,1.358819554198481,1.4156123,0.0567927857749686,0.041795678903389664
train,1993,3,1990,8.403945051920081,10.294522,1.8905772335413449,0.2249630645918101
train,1993,4,1989,47.09917931901695,37.54548,9.553700498216166,0.20284218613462174
train,1993,5,1988,1.5054780968298922,1.3615252,0.14395291887426476,0.09561940434556501
train,1993,6,1987,6.690265056137409,9.937918,3.2476526532131773,0.4854295944872038
train,1993,7,1986,37.386231185143515,11.231309,26.15492224807076,0.6995870249276013
train,1993,8,1985,1.7835479801478376,1.3797109,0.4038370674433698,0.2264234390877836
train,1993,9,1984,8.148108338635383,10.005112,1.857003355700554,0.22790607077413144
train,1993,10,1983,0.5143021585962918,1.4551251,0.9408229348637912,1.8293194363208443
train,1993,11,1982,1.6296243084073994,1.4723268,0.15729755288371772,0.096523813539174
train,1993,12,1981,6.54608096468562,9.440202,2.8941207946527587,0.4421150319199128
train,1993,13,1980,0.14498983983697344,0.122543454,0.022446385666746393,0.15481350756598042
train,1993,14,1979,1.743102866652289,1.6598948,0.08320804262427384,0.04773558934248732
train,1993,15,1978,7.917983461742373,9.115467,1.1974836097908304,0.15123593217598988
train,1993,16,1977,0.07445327101760003,0.15367623,0.07922295571751502,1.0640627958135433
train,1993,17,1976,1.8058075452090734,1.8671422,0.06133465526089732,0.03396522260834951
train,1994,1,1993,37.448034926217886,47.920383,10.472348527151254,0.27965014847332187
train,1994,2,1992,3.147660159449515,2.1451893,1.0024708741711947,0.31848129194042196
train,1994,3,1991,13.726303476633957,13.542972,0.18333186561100767,0.013356244521555049
train,1994,4,1990,32.10255838818626,18.624517,13.478040947390362,0.41984320328655983
train,1994,5,1989,2.645295358946491,2.0272315,0.618063904097248,0.23364646295798247
train,1994,6,1988,9.48217042758405,13.051939,3.5697685830360673,0.37647167495018624
train,1994,7,1987,0.6339486548548733,1.8738137,1.239865093504807,1.9557815668631515
train,1994,8,1986,2.371868965931946,2.0389657,0.3329032638750613,0.14035482931668522
train,1994,9,1985,12.660323519959483,12.848373,0.18804989312645404,0.01485348244300166
train,1994,10,1984,0.2808031062439612,0.17107108,0.10973202389036929,0.3907792380139967
train,1994,11,1983,2.0609786134614336,2.1613855,0.10040692273241403,0.04871808085564309
train,1994,12,1982,11.153931077811192,11.940625,0.7866941129236711,0.07053065931961798
train,1994,13,1981,0.09408289173176014,0.20282844,0.1087455453581599,1.1558482456836958
train,1994,14,1980,1.5846151779264475,2.3229804,0.738365225973699,0.4659586985273124
train,1994,15,1979,10.37119220472251,11.423364,1.0521714808854004,0.1014513529511288
train,1994,16,1978,0.2863328328076342,0.25486746,0.03146536850366388,0.10989088535541168
train,1994,17,1977,1.6532396638225082,2.607372,0.9541323816944596,0.5771288958116347
train,1995,1,1994,50.67151826346294,35.052097,15.619420942906302,0.3082485285263001
train,1995,2,1993,3.793823819770275,3.1512277,0.6425961071390494,0.1693795330690371
train,1995,3,1992,15.109544195416778,17.468822,2.3592782838312694,0.15614490108488913
train,1995,4,1991,1.5153815010813496,2.9835312,1.46814973556721,0.9688317658085407
train,1995,5,1990,3.3407240223908072,2.9750328,0.36569121599432286,0.10946465902098207
train,1995,6,1989,13.928957298334439,16.793081,2.8641239852348974,0.2056237178340098
train,1995,7,1988,0.303086404629948,0.253589,0.04949740035176503,0.16331118649823753
train,1995,8,1987,2.767484061021484,2.957119,0.18963492701562545,0.06852250016051124
train,1995,9,1986,15.318096932917378,15.906454,0.5883571533863332,0.038409285171838926
train,1995,10,1985,0.2743707991648151,0.27712682,0.0027560197305248613,0.010044872628224805
train,1995,11,1984,3.8220656091285923,3.1177216,0.7043440515114048,0.1842836108906583
train,1995,12,1983,17.14160740990313,14.671371,2.470235949942193,0.14410760268111922
train,1995,13,1982,0.4929344015221817,0.3298258,0.16310861278583833,0.33089314172804324
train,1995,14,1981,2.9463976605602595,3.2213516,0.2749539629748967,0.09331868764874077
train,1995,15,1980,16.64341735685374,13.981416,2.6620016082575475,0.15994321065085704
train,1995,16,1979,0.5401695886976877,0.4141723,0.12599729694201145,0.23325507318090444
train,1995,17,1978,2.3079805939130114,3.5578377,1.2498571307726576,0.5415371056708389
train,1996,1,1995,4.247332661298665,5.6267753,1.3794426034413254,0.3247785642058049
train,1996,2,1994,5.282078060058739,4.480284,0.8017938460389633,0.15179515276415573
train,1996,3,1993,22.55841188780311,22.113197,0.4452145611429543,0.01973607731595917
train,1996,4,1992,0.6738037759424562,0.41743064,0.25637313667548844,0.3804863460679131
train,1996,5,1991,4.917471679501596,4.265226,0.6522457922030123,0.13263844404468175
train,1996,6,1990,18.294092504910285,21.182175,2.8880821777069023,0.15786966076243245
train,1996,7,1989,0.18476521092796458,0.409935,0.22516978663062917,1.2186806460941322
train,1996,8,1988,4.117186352275819,4.243232,0.12604542110064543,0.030614456163963
train,1996,9,1987,19.854635702889546,19.256962,0.5976738803797801,0.030102485350197966
train,1996,10,1986,0.5543841623532504,0.44249278,0.11189137928363979,0.2018300429227295
train,1996,11,1985,4.33281625383804,4.392329,0.05951296216537827,0.013735399490492477
train,1996,12,1984,22.414235260621,17.62478,4.789454605713772,0.21367914408072755
train,1996,13,1983,1.0423899917731367,0.5260137,0.5163763194212996,0.4953772805727274
train,1996,14,1982,3.4405702462098215,4.3610954,0.9205251822569753,0.2675501781342121
train,1996,15,1981,20.25561795521524,7.775101,12.480516770370269,0.6161508771523941
train,1996,16,1980,1.1003958204282853,0.643639,0.45675679235592814,0.41508408508652694
train,1996,17,1979,3.0854844020310117,4.722539,1.6370545460280703,0.5305664630649091
train,1997,1,1996,1.1236845498105696,0.6960054,0.42767914581505573,0.3806042771405668
train,1997,2,1995,7.59268164256247,6.234714,1.3579676113429873,0.17885217308867768
train,1997,3,1994,29.397783282043605,27.49828,1.8995037105104018,0.0646138415365001
train,1997,4,1993,0.2693247221242179,0.65668744,0.3873627163637887,1.4382738922262441
train,1997,5,1992,5.157186239187903,5.9459047,0.7887184925625856,0.15293581732015005
train,1997,6,1991,26.386702969788384,25.829803,0.5568995029915094,0.02110530836797283
train,1997,7,1990,0.7328635970821471,0.657151,0.0757126132717223,0.1033106482203022
train,1997,8,1989,4.924093648150919,5.9463816,1.0222879207577726,0.20760935794579202
train,1997,9,1988,31.878352207974398,22.823284,9.055068058804476,0.28405069370364316
train,1997,10,1987,1.1509678488641104,0.69143915,0.4595286971001944,0.39925415601600317
train,1997,11,1986,6.182891041159502,6.0308256,0.15206542623030295,0.024594550545687915
train,1997,12,1985,27.789982837807894,7.542631,20.247351688515902,0.7285845337395793
train,1997,13,1984,1.2579490227594423,0.8141343,0.4438147230043459,0.35280819411142683
train,1997,14,1983,4.466277156462946,5.848979,1.382701839813909,0.3095871105564406
train,1997,15,1982,0.5815562604134922,1.525019,0.943462789230978,1.6223069949561622
train,1997,16,1981,1.0866037484969842,0.9583583,0.12824546068570486,0.11802412872491831
train,1997,17,1980,4.926006613561133,6.171582,1.2455756084237306,0.25285707189154993
train,1998,1,1997,0.5582206511085674,1.0680823,0.5098616815025165,0.913369436421013
train,1998,2,1996,9.809580081533571,8.493934,1.3156464038602316,0.1341185242308983
train,1998,3,1995,44.908993246039664,33.625103,11.283890249213492,0.25126126046498093
train,1998,4,1994,1.121130244730613,1.015624,0.10550619840492947,0.09410699506210053
train,1998,5,1993,8.312010405738436,8.109127,0.20288336106070126,0.024408458502483403
train,1998,6,1992,29.453153123670546,30.253504,0.8003506757679304,0.02717368399937755
train,1998,7,1991,1.565356776116413,1.0188099,0.5465468615274849,0.349151624643103
train,1998,8,1990,7.596602857637469,8.129655,0.5330520267009096,0.07016978992983947
train,1998,9,1989,35.305237406872024,8.864342,26.44089567103218,0.748922755179797
train,1998,10,1988,1.6162446813428137,1.0734271,0.5428176002347205,0.3358511285453383
train,1998,11,1987,6.1405500504810355,7.986483,1.8459330465953805,0.30061363093204885
train,1998,12,1986,0.771010598411171,1.3820076,0.6109970004657821,0.7924625183156717
train,1998,13,1985,1.8232003547426985,1.2180865,0.6051138736483381,0.3318965313241197
train,1998,14,1984,5.880224036535791,7.6720777,1.791853619256445,0.30472539959749095
train,1998,15,1983,0.05106775005196137,0.09873922,0.0476714716401239,0.9334946534884491
train,1998,16,1982,1.0469257501223006,1.3963473,0.349421534194716,0.33375961394928266
train,1998,17,1981,8.143220455769791,7.9422555,0.20096495879103138,0.024678806116395283
train,1999,1,1998,1.3353315690394358,1.633866,0.2985343834523244,0.22356573481360142
train,1999,2,1997,10.047409546639534,11.333969,1.2865595695714038,0.1280488830080167
train,1999,3,1996,38.25014685324239,40.44752,2.1973743564744055,0.057447475035983575
train,1999,4,1995,2.2990719827010366,1.5388044,0.7602675708129141,0.3306845442565884
train,1999,5,1994,10.3046717551683,10.82502,0.520348081257481,0.05049632764832614
train,1999,6,1993,35.303771460558366,12.75004,22.553731406237077,0.6388476492216598
train,1999,7,1992,2.0308937011197217,1.5345647,0.49632896761447265,0.24438943670000063
train,1999,8,1991,7.407914986767613,10.81922,3.411304602465785,0.4604945667652459
train,1999,9,1990,0.6234791150660731,1.5301807,0.9067015776066564,1.4542613468441754
train,1999,10,1989,1.9065300626919692,1.6085168,0.2980132503674453,0.15631185481885468
train,1999,11,1988,9.239668603886077,10.303903,1.0642340221515205,0.1151809732335858
train,1999,12,1987,0.16571032084122128,0.13433415,0.031376173864750334,0.18934351044208472
train,1999,13,1986,1.9090397121168101,1.7722428,0.13679692761668805,0.07165745518459181
train,1999,14,1985,7.886887017526724,9.812596,1.9257093035792332,0.24416595537625424
train,1999,15,1984,0.048530838071763005,0.16571355,0.11718271058851532,2.4146030697599232
train,1999,16,1983,1.5299420082436068,1.9861207,0.4561786925925748,0.2981673096982125
train,1999,17,1982,10.826119947609312,10.006409,0.8197112562030622,0.0757160700389247
train,2000,1,1999,3.8359279525879306,2.4417052,1.3942227256897373,0.36346426286467487
train,2000,2,1998,18.32654552994611,14.822642,3.503903203591129,0.1911927808689018
train,2000,3,1997,34.847927516310776,22.168879,12.679048961012924,0.3638393977684342
train,2000,4,1996,2.641091510299375,2.3015883,0.33950321340911627,0.1285465543639963
train,2000,5,1995,12.201674412232506,14.154186,1.9525118365467904,0.1600199915668283
train,2000,6,1994,0.9379044713032487,2.099823,1.1619185267436263,1.238845279336246
train,2000,7,1993,2.6276202300481524,2.2529595,0.3746607402257647,0.14258557455951548
train,2000,8,1992,13.713751295499877,13.969142,0.2553906646441657,0.01862296166388497
train,2000,9,1991,0.11879097397669895,0.18940772,0.0706167471851434,0.594462229078116
train,2000,10,1990,2.2334474911340716,2.353355,0.11990743974361395,0.05368715415049905
train,2000,11,1989,14.43426694973868,12.928588,1.5056790362254961,0.10431281626343004
train,2000,12,1988,0.09458863167612469,0.22102043,0.1264317986503371,1.336648986338105
train,2000,13,1987,2.216382669549813,2.5274122,0.31102950658238937,0.14033204232075353
train,2000,14,1986,11.151379983272937,12.24764,1.0962596727939573,0.09830708615778924
train,2000,15,1985,0.3324184702149488,0.27336818,0.05905029041682258,0.17763841575488204
train,2000,16,1984,2.253256924452169,2.75946,0.5062030479294228,0.22465394089591917
train,2000,17,1983,14.928618015798257,12.320354,2.608263554128335,0.17471567370589544
train,2001,1,2000,4.800042980201363,3.5651877,1.2348552875591512,0.2572592146887592
train,2001,2,1999,19.877870364480614,19.015015,0.8628557160431143,0.04340785507812202
train,2001,3,1998,2.403795746918155,3.5193837,1.1155879219813811,0.4640943072684872
train,2001,4,1997,4.728239131333021,3.3537831,1.3744560006872693,0.2906908814274547
train,2001,5,1996,14.546793966683836,18.143044,3.59624955138257,0.24721939140808102
train,2001,6,1995,0.17937582849210787,0.28880844,0.10943260670953703,0.6100744321509391
train,2001,7,1994,3.809247624442591,3.2754433,0.5338043089366096,0.14013379059718684
train,2001,8,1993,15.671195922130948,17.33496,1.6637650153690515,0.1061670738874094
train,2001,9,1992,0.25509930760945915,0.30666456,0.05156524865541817,0.2021379404688905
train,2001,10,1991,3.7992808277999686,3.3796747,0.4196061547195242,0.11044357438625907
train,2001,11,1990,20.17911661680936,15.817024,4.362092385852328,0.2161686494352511
train,2001,12,1989,0.43058021190118656,0.3572071,0.07337312223863468,0.17040523510008074
train,2001,13,1988,3.2368769686184766,3.4966607,0.2597837407626269,0.08025752701790957
train,2001,14,1987,16.542745916009597,14.892127,1.6506188789612573,0.09977901415772432
train,2001,15,1986,0.5778954004300049,0.44240245,0.13549294819955138,0.23445929505321947
train,2001,16,1985,3.070973612374885,3.7288094,0.6578357443145681,0.21421080977821488
train,2001,17,1984,21.288286872483177,9.051572,12.236715026474876,0.574809758050153
train,2002,1,2001,5.312783415529432,5.0327,0.2800833537313361,0.05271875998419039
train,2002,2,2000,24.884864888819212,23.949867,0.9349976402840561,0.03757294421574753
train,2002,3,1999,0.9283050331573679,0.4823457,0.44595933289339085,0.48040171814657245
train,2002,4,1998,6.215871470403572,4.74977,1.466101305913826,0.23586416046315092
train,2002,5,1997,21.340391802420246,22.819933,1.4795411352018242,0.06933055160842726
train,2002,6,1996,0.244600644604232,0.4691473,0.22454665015551836,0.918013321338219
train,2002,7,1995,4.220655889925295,4.6699553,0.44929936367577916,0.10645249823567711
train,2002,8,1994,19.639367304304297,20.89626,1.2568920035570308,0.06399859955170235
train,2002,9,1993,0.5885994703674947,0.48639545,0.10220402192122091,0.17363933721726887
train,2002,10,1992,5.325659219781244,4.7952795,0.5303797169125914,0.09958949587733434
train,2002,11,1991,26.533724795657985,18.929398,7.604327212650173,0.28659101845717
train,2002,12,1990,0.8655184482552494,0.5655689,0.29994952430505406,0.3465547440489098
train,2002,13,1989,4.157301061466397,4.755894,0.598593122646152,0.14398599326719616
train,2002,14,1988,19.30223848347785,7.5668387,11.73539974217536,0.6079812842546688
train,2002,15,1987,1.1786634504687241,0.6948799,0.4837835609805039,0.41045097375990164
train,2002,16,1986,4.253820972061449,4.930993,0.6771721080777109,0.15919149219610587
train,2002,17,1985,0.3153281817467552,1.8783063,1.5629780878989357,4.956671107656436
train,2003,1,2002,7.2221971911616185,6.954485,0.2677122515864232,0.03706797869130561
train,2003,2,2001,31.617706794074326,29.646769,1.9709382241280373,0.062336533037157554
train,2003,3,2000,0.4240761349943388,0.7541527,0.3300765802118074,0.7783427384222774
train,2003,4,1999,6.7092705345611305,6.5786552,0.13061529164120866,0.019467882680890145
train,2003,5,1998,28.74606632776566,28.032667,0.713399167731481,0.024817279679146504
train,2003,6,1997,0.7573441938510318,0.7414134,0.015930779372729797,0.021035058434530386
train,2003,7,1996,4.549979026466544,6.5024395,1.9524604724348231,0.42911416977467914
train,2003,8,1995,30.187130903708923,24.667994,5.519137358176696,0.18283080216472009
train,2003,9,1994,1.200743260077988,0.7715982,0.42914504020646693,0.3573994995218517
train,2003,10,1993,7.4377901418441,6.607749,0.8300411565535724,0.11159781880423736
train,2003,11,1992,36.0244288008951,7.7410455,28.283383325888998,0.7851167740148999
train,2003,12,1991,1.188139516094539,0.8684765,0.31966300604662634,0.26904500836492845
train,2003,13,1990,6.700454984403813,6.37089,0.329564843870366,0.04918544257627611
train,2003,14,1989,0.36534208414611086,1.454455,1.0891129338974073,2.981077136076277
train,2003,15,1988,1.0827220099534347,1.032869,0.049853028592045545,0.04604416289103013
train,2003,16,1987,5.629530910720235,6.483566,0.8540348966222941,0.1517062274222202
train,2003,17,1986,0.04921904146901119,0.08126406,0.032045022246923564,0.6510696122850822
train,2004,1,2003,9.704743213296618,9.411265,0.2934778400666378,0.030240660017104733
train,2004,2,2002,46.43588667099222,36.10433,10.33155851547464,0.2224908202717357
train,2004,3,2001,1.5365782451252057,1.1574426,0.3791356753925397,0.24674023375971957
train,2004,4,2000,9.53147589697996,8.916927,0.6145485593334747,0.06447569778024928
train,2004,5,1999,31.763460256460533,33.00404,1.2405795079437638,0.03905681238527522
train,2004,6,1998,1.4255436977177975,1.1404624,0.2850812991887448,0.19998075095484016
train,2004,7,1997,7.562252700551338,8.799596,1.2373431322733692,0.16362097132551456
train,2004,8,1996,36.12032212221696,9.626366,26.493956460595868,0.7334916995189026
train,2004,9,1995,2.1337402526865747,1.1883477,0.9453925554285791,0.44306824799213496
train,2004,10,1994,7.49505287875709,8.781103,1.2860502553981839,0.17158654864771
train,2004,11,1993,0.6534166673523504,1.3930938,0.7396771570342463,1.1320145230305987
train,2004,12,1992,1.6685270743545713,1.2933797,0.3751474099334897,0.22483747234271367
train,2004,13,1991,6.834548490741842,8.318405,1.4838566606253458,0.21711114679121496
train,2004,14,1990,0.1249955626575256,0.107386574,0.01760898850839382,0.14087690901875996
train,2004,15,1989,1.1936786756267725,1.4956894,0.3020107164630712,0.25300838712247203
train,2004,16,1988,7.501585562402959,8.314273,0.81268731815124,0.10833540608057879
train,2004,17,1987,0.14011633392151038,0.13808633,0.0020300000506226212,0.014487961494519887
train,2005,1,2004,11.706331466158094,12.478797,0.7724654927652459,0.06598698277067458
train,2005,2,2003,43.31737349253236,43.29876,0.018614032083142718,0.0004297128515040559
train,2005,3,2002,1.9183726061507507,1.7522807,0.16609189402306512,0.08657957973881045
train,2005,4,2001,13.352841740415077,11.834399,1.5184425170874398,0.11371680625042178
train,2005,5,2000,30.573466511353484,14.685777,15.88768980084323,0.519656146774943
train,2005,6,1999,1.7931843624076842,1.7097427,0.08344169711685168,0.04653269282627979
train,2005,7,1998,9.654552316458672,11.649658,1.9951058866663285,0.20664923874978128
train,2005,8,1997,0.3919908430939051,1.63662,1.2446292016143468,3.1751486636462296
train,2005,9,1996,2.1928338843237563,1.7617227,0.4311112004172011,0.1966000267958984
train,2005,10,1995,13.506145296109732,11.252322,2.253823099149283,0.1668738970102965
train,2005,11,1994,0.07009429317966172,0.14768176,0.07758746462806991,1.1069013054756855
train,2005,12,1993,1.7913866075937228,1.9157289,0.12434231906490756,0.06941121393771095
train,2005,13,1992,10.010449683700443,10.592891,0.5824410557404747,0.05818330585975359
train,2005,14,1991,0.07141590360757427,0.17926009,0.1078441863859026,1.5100864224443518
train,2005,15,1990,1.5971185204294023,2.1156626,0.5185440543386641,0.3246747487462129
train,2005,16,1989,9.538374470222784,10.422161,0.8837866320721375,0.09265589591088916
train,2005,17,1988,0.3997185981069327,0.23074219,0.16897641179902562,0.42273842798127276
train,2006,1,2005,16.470357807394738,16.223568,0.24678984474825327,0.014983878773868316
train,2006,2,2004,40.50476452951836,26.694525,13.810239764503713,0.34095346374471536
train,2006,3,2003,3.032981994196897,2.6158102,0.4171718383283669,0.1375451087828473
train,2006,4,2002,14.633789419770245,15.39043,0.7566410306692077,0.05170506483077679
train,2006,5,2001,1.0341928789418147,2.3899817,1.3557888677317693,1.3109632596945555
train,2006,6,2000,2.796160617276061,2.5071507,0.28900996725164685,0.103359572932219
train,2006,7,1999,12.258163937182177,15.081414,2.8232502855351083,0.23031591843630275
train,2006,8,1998,0.24344867444631227,0.21155445,0.031894221669403394,0.13101004448601347
train,2006,9,1997,2.524030727763378,2.5715427,0.04751201210478628,0.018823864377780112
train,2006,10,1996,14.046599594153596,14.025714,0.02088567356033444,0.0014868846670211828
train,2006,11,1995,0.09613653695524525,0.24147883,0.14534229362069773,1.511832007084336
train,2006,12,1994,2.0485260501874745,2.7555022,0.7069761737810314,0.34511456357412984
train,2006,13,1993,14.32471371233219,13.163844,1.1608696037506476,0.08103963730536341
train,2006,14,1992,0.358448634310703,0.29407328,0.06437535063837024,0.1795943532104244
train,2006,15,1991,2.4814687459011444,2.9104013,0.428932598398172,0.17285432230670003
train,2006,16,1990,18.176319702660475,12.786912,5.389407738243971,0.29650709419766785
train,2006,17,1989,0.701853571079373,0.36789674,0.3339568354111906,0.4758212384630689
train,2007,1,2006,19.26534806062164,20.698555,1.4332069320541407,0.07439299448648637
train,2007,2,2005,2.7878779908867943,4.2050304,1.4171524503973854,0.5083265677441271
train,2007,3,2004,5.533763503411949,3.764806,1.7689574712311629,0.3196662578984733
train,2007,4,2003,19.01926853622233,19.629433,0.6101641420003254,0.03208136742158257
train,2007,5,2002,0.41488934123351773,0.33448857,0.0804007705433627,0.19378846972575242
train,2007,6,2001,3.861137692996556,3.6349363,0.22620136029391924,0.058584121644807245
train,2007,7,2000,13.35642510829835,18.873571,5.517146287575674,0.4130705815995222
train,2007,8,1999,0.15522442735768452,0.34072036,0.18549592815302715,1.195017635493625
train,2007,9,1998,5.016842256145629,3.689612,1.327230344371947,0.2645549285002585
train,2007,10,1997,20.836092635006583,17.088211,3.7478815754362707,0.17987449187758456
train,2007,11,1996,0.33713159620659505,0.3876444,0.050512813926766764,0.14983114752514198
train,2007,12,1995,2.653440287387996,3.8372335,1.1837932560080002,0.4461352537813697
train,2007,13,1994,20.433681455777965,15.901327,4.532354322599254,0.22180801498779523
train,2007,14,1993,0.7747501688955367,0.47321033,0.3015398341177047,0.3892091234354717
train,2007,15,1992,3.3776104955471182,3.929115,0.5515045614444589,0.16328246320035217
train,2007,16,1991,20.61558371297388,8.339422,12.276161487021731,0.5954796942904631
train,2007,17,1990,1.0446771869141647,0.5742212,0.4704559931237289,0.45033623689337177
train,2008,1,2007,28.463134835994705,25.940002,2.5231323945884547,0.08864562561807468
train,2008,2,2006,0.6414605707307959,0.55801743,0.08344313804112913,0.13008303526113055
train,2008,3,2005,6.226332224747029,5.293822,0.9325104130710038,0.14976881724436752
train,2008,4,2004,26.14967226385019,24.577354,1.5723178326978449,0.060127630542864866
train,2008,5,2003,0.3683451019593409,0.5367855,0.16844038140094963,0.4572895920279818
train,2008,6,2002,4.262836804577529,5.1487513,0.8859144542725685,0.20782274689029756
train,2008,7,2001,23.761781883517237,22.706244,1.0555383685025888,0.0444216841008349
train,2008,8,2000,0.49534199649793215,0.5454076,0.05006559675234251,0.10107278830829045
train,2008,9,1999,4.523708130351425,5.2173634,0.6936552271925205,0.15333775018294127
train,2008,10,1998,22.589829870343802,20.372253,2.2175764523750523,0.09816702760060247
train,2008,11,1997,1.262661613824277,0.610307,0.652354635598569,0.5166504061386946
train,2008,12,1996,5.128661524932086,5.2208424,0.09218083651810893,0.017973663512394027
train,2008,13,1995,24.146147736298634,7.4715753,16.67457247613628,0.6905686430083791
train,2008,14,1994,0.8881879605566836,0.74148905,0.14669890778416161,0.16516651238106286
train,2008,15,1993,3.7942246064221603,5.231593,1.4373685255968827,0.3788306372700216
train,2008,16,1992,0.26660652023570175,1.6928899,1.4262834085820473,5.349769417926267
train,2008,17,1991,1.4692380445075421,0.8608859,0.6083521263671308,0.41405960636598105
train,2009,1,2008,30.251834890139286,31.964859,1.713024118649777,0.056625461723913084
train,2009,2,2007,0.5964869898731416,0.8666315,0.2701445180003935,0.45289255689783586
train,2009,3,2006,8.476407448399872,7.284276,1.192131439793915,0.14064112031551976
train,2009,4,2005,36.62727439214884,30.239025,6.388249276182044,0.17441235751768658
train,2009,5,2004,0.6124126240288669,0.83611184,0.22369921955710115,0.3652753238251201
train,2009,6,2003,4.76758685569589,7.08962,2.322033257676913,0.48704582170375493
train,2009,7,2002,26.1942644262486,26.69763,0.5033655023402659,0.01921663056267528
train,2009,8,2001,1.0853352600618333,0.86489683,0.22043842616519638,0.20310629745175193
train,2009,9,2000,5.7962783985078214,7.2031617,1.4068833179533602,0.24272183308436354
train,2009,10,1999,33.96210395233985,8.073446,25.88865767853614,0.7622807384037747
train,2009,11,1998,1.2114186457830525,0.93136257,0.28005607645092967,0.2311802591330202
train,2009,12,1997,5.83935675677048,6.9595466,1.1201898092390419,0.19183445298834306
train,2009,13,1996,0.5646538979598538,1.4082186,0.8435647242477878,1.4939500591320993
train,2009,14,1995,1.2167300380228139,1.112029,0.10470108160954483,0.08605120144777392
train,2009,15,1994,6.091886787878637,6.8604755,0.7685887522824961,0.126165961227591
train,2009,16,1993,0.052247313704365785,0.08761645,0.035369137380248016,0.6769560934692728
train,2009,17,1992,1.6341075775384035,1.2629331,0.3711744425057497,0.22714198722745932
train,2010,1,2009,45.512500878458205,38.769417,6.743084069376174,0.14815894400932897
train,2010,2,2008,1.229935920338551,1.3196845,0.08974858512409556,0.07297013091488415
train,2010,3,2007,7.6233328194642365,9.8120165,2.1886836676573456,0.2871032551627305
train,2010,4,2006,41.999340010371284,36.022938,5.976402235713081,0.14229752739536217
train,2010,5,2005,1.3524425265716538,1.2811245,0.07131805395355073,0.05273277980564854
train,2010,6,2004,6.242992451884666,9.539736,3.296743342182717,0.528071012033172
train,2010,7,2003,33.14099168997377,10.6209,22.520091535859997,0.6795237676207614
train,2010,8,2002,1.0560195997237702,1.3114054,0.2553858205795745,0.24183814452509736
train,2010,9,2001,8.436591082606755,9.616079,1.1794882478375808,0.13980626016936218
train,2010,10,2000,0.8499482475955904,1.4280763,0.5781280196468412,0.6801920249634272
train,2010,11,1999,1.4372022818761436,1.4030724,0.03412992469840925,0.023747474610067994
train,2010,12,1998,6.688316996499778,9.044383,2.3560660525114523,0.35226590691561255
train,2010,13,1997,0.2200173764834671,0.117174804,0.10284257227280424,0.4674293181568992
train,2010,14,1996,1.3605321857697847,1.6050415,0.24450931813646526,0.17971593814073789
train,2010,15,1995,7.255368354226873,8.795318,1.5399492956144352,0.21224963646636502
train,2010,16,1994,0.10023068091211913,0.14817016,0.047939477354902046,0.478291446472926
train,2010,17,1993,2.090184254881866,1.811328,0.27885620140743983,0.13341225815667
train,2011,1,2010,54.84075089643533,46.327892,8.512858592968534,0.15522870226639654
train,2011,2,2009,2.6651271115718806,2.005336,0.6597910653530086,0.24756457674681753
train,2011,3,2008,12.787145181311871,12.9462805,0.1591352981192813,0.01244494340705864
train,2011,4,2007,28.620652887599412,17.15012,11.470533106105272,0.4007781776031656
train,2011,5,2006,1.9052161533423062,1.9076561,0.002439920227945258,0.0012806527089661947
train,2011,6,2005,10.032905904517138,12.562597,2.5296913702631354,0.2521394493617183
train,2011,7,2004,0.6285641917688823,1.780775,1.1522107592122577,1.8330836759375606
train,2011,8,2003,1.916372162117157,1.9410319,0.02465977071365355,0.012867944547053544
train,2011,9,2002,13.223525180236647,12.286902,0.9366227525633075,0.07083003509253914
train,2011,10,2001,0.27983286515740335,0.1627885,0.11704436973599375,0.4182652729862132
train,2011,11,2000,2.4598944536793463,2.0762997,0.3835947863209479,0.15593953055466928
train,2011,12,1999,11.125737355489349,11.466006,0.34026892350235016,0.030583943574259698
train,2011,13,1998,0.1884474194010387,0.19450465,0.006057229045998036,0.03214280707699893
train,2011,14,1997,1.413969118224716,2.2475603,0.8335911444553377,0.5895398518330788
train,2011,15,1996,12.036828064327592,11.043937,0.9928913348964397,0.08248778910773805
train,2011,16,1995,0.40752697528924214,0.24637076,0.16115621270264852,0.39544919103299236
train,2011,17,1994,1.8057568974496208,2.535763,0.7300061278341927,0.4042660054987579
train,2012,1,2011,46.75424684408835,32.077972,14.676274431978975,0.31390248849307134
train,2012,2,2010,3.5519285974551424,2.962691,0.5892375288058505,0.16589227869835468
train,2012,3,2009,17.863501270226816,16.744865,1.1186358527463476,0.06262131011296877
train,2012,4,2008,1.4045806887712549,2.761029,1.3564483162794043,0.9657318565764113
train,2012,5,2007,2.6573231589949593,2.8060122,0.14868899463052898,0.0559544269680431
train,2012,6,2006,12.462886257835127,16.203436,3.7405496399920217,0.3001351021429827
train,2012,7,2005,0.1998819197559043,0.23801158,0.038129663929970636,0.19076094514373185
train,2012,8,2004,2.7634604799010525,2.815829,0.05236855871894264,0.01895035557765558
train,2012,9,2003,16.561192301523246,15.246201,1.3149917399998081,0.0794019969129143
train,2012,10,2002,0.07387395773079879,0.26447332,0.1905993613228511,2.580061596467144
train,2012,11,2001,2.819193066396024,2.9948769,0.17568379517624155,0.06231704996379279
train,2012,12,2000,15.175208622987112,14.142084,1.0331245012830106,0.06807975606463726
train,2012,13,1999,0.2921036354488207,0.31723636,0.02513272843896619,0.08604045067862102
train,2012,14,1998,2.607179520604867,3.1009793,0.49379980755065045,0.18940000243477642
train,2012,15,1997,15.871928572979956,13.542028,2.329900145855932,0.14679376454743875
train,2012,16,1996,0.6803984024245509,0.3992971,0.28110131403992256,0.4131422311366768
train,2012,17,1995,2.574267620861864,3.467207,0.8929393340941907,0.3468712137220947
train,2013,1,2012,4.420561959193058,5.0861855,0.665623496129208,0.15057440711690925
train,2013,2,2011,5.699226951011002,4.227439,1.4717880243142245,0.25824344897387913
train,2013,3,2010,27.93727691147941,21.250078,6.687198710185466,0.23936472875913906
train,2013,4,2009,0.45045045045045023,0.38843897,0.062011480599910074,0.13766548693149483
train,2013,5,2008,3.7151662019573775,4.040361,0.32519472562440965,0.08753167636295506
train,2013,6,2007,16.932934397658784,20.391262,3.4583276567845758,0.20423675988861886
train,2013,7,2006,0.2093411145425607,0.38399372,0.1746526005052756,0.8342966974551624
train,2013,8,2005,3.7482359582274922,4.0477734,0.29953740297856246,0.07991423333981651
train,2013,9,2004,21.73343852089403,18.497,3.236438780293444,0.14891517406147475
train,2013,10,2003,0.7621103940557485,0.42196548,0.3401449142049795,0.4463197416772819
train,2013,11,2002,3.880687605519818,4.2013826,0.32069503150410794,0.08263871357433529
train,2013,12,2001,21.21861658549237,17.020567,4.198049645184753,0.19784747173643985
train,2013,13,2000,0.9801031121452518,0.5074753,0.4726277956207462,0.4822225230830818
train,2013,14,1999,3.835108862304417,4.202016,0.36690701446560237,0.09567056050790741
train,2013,15,1998,20.534640407835823,7.9225416,12.612098789488655,0.6141864936030429
train,2013,16,1997,0.6600783803471962,0.6191729,0.04090550923437275,0.06197068477351855
train,2013,17,1996,4.650268130232876,4.6248055,0.025462679793422538,0.005475529384612483
train,2014,1,2013,1.3014232246073112,0.6465502,0.6548730460794792,0.5031976022070576
train,2014,2,2012,6.077241742547787,5.903399,0.1738427519166832,0.02860553508996563
train,2014,3,2011,37.38240972764245,26.485348,10.897061979839712,0.2915023953573967
train,2014,4,2010,0.47199951384050093,0.61434096,0.14234144713896074,0.3015711731998934
train,2014,5,2009,3.9360780917893443,5.6607375,1.7246594227065053,0.43816697293270307
train,2014,6,2008,29.66192150826375,24.701187,4.960734374474686,0.1672425157315742
train,2014,7,2007,0.573773337154664,0.6180208,0.04424743577929591,0.07711657707665777
train,2014,8,2006,4.525235731261338,5.6897097,1.1644739321297752,0.25732889981511287
train,2014,9,2005,27.706445083516968,21.965837,5.740607604879273,0.2071939430545801
train,2014,10,2004,1.4393963341115477,0.66156965,0.7778266791699888,0.5403839517554099
train,2014,11,2003,5.255583922464422,5.747661,0.4920771912745918,0.0936294041792707
train,2014,12,2002,25.884230121443146,7.4897385,18.394491657087677,0.710644727341089
train,2014,13,2001,1.1569570224328318,0.78892946,0.3680275599999705,0.31809959476780697
train,2014,14,2000,3.670013369334418,5.610641,1.9406276333206112,0.5287794452018654
train,2014,15,1999,0.2921597859053089,1.5700529,1.2778930762620495,4.373952672158139
train,2014,16,1998,1.2742850411395847,0.92406535,0.3502196896533787,0.2748362245074341
train,2014,17,1997,5.711624245741077,6.044622,0.3329976986864134,0.05830175171881409
train,2015,1,2014,1.0316440603977481,0.996191,0.035453035617474704,0.03436556946178849
train,2015,2,2013,9.211835366078335,8.069413,1.1424221809587056,0.12401678227613983
train,2015,3,2012,46.3618876487324,32.453,13.908888533742164,0.30000695051773096
train,2015,4,2011,1.1264199360497913,0.9516315,0.17478844963392826,0.1551716584906456
train,2015,5,2010,5.7088597166960255,7.740654,2.031794275003193,0.355901944666934
train,2015,6,2009,33.760022506681665,28.973011,4.787011489835962,0.14179526950517854
train,2015,7,2008,1.3170665165628959,0.9650498,0.35201671330590734,0.26727329931998134
train,2015,8,2007,6.395812218953254,7.812049,1.4162366930950858,0.22143187520390448
train,2015,9,2006,41.49802621729734,8.557719,32.94030698664548,0.7937800900254481
train,2015,10,2005,0.8982656415316972,1.0185087,0.12024303118253621,0.13386132745472412
train,2015,11,2004,5.629053605065596,7.6234303,1.9943766470095996,0.35430052490786407
train,2015,12,2003,0.5031416162518765,1.3850713,0.8819296613665317,1.7528457851184354
train,2015,13,2002,1.403402677373354,1.1855495,0.21785317976898377,0.15523212494974598
train,2015,14,2001,4.977389870204472,7.3760333,2.3986434359173545,0.4819078871590053
train,2015,15,2000,0.07732516779561414,0.09480078,0.017475609937711814,0.22600157795554143
train,2015,16,1999,1.2983740955819734,1.3495158,0.05114170012572927,0.03938903302192463
train,2015,17,1998,8.595047004989754,7.788683,0.8063640673676833,0.09381729580995476
train,2016,1,2015,1.7114846426343648,1.5208116,0.19067308486458945,0.11140800221904924
train,2016,2,2014,11.276075925577903,10.801528,0.47454794858815674,0.042084493907289286
train,2016,3,2013,49.346051636794975,38.969868,10.376183930496147,0.21027384332323998
train,2016,4,2012,1.8497337924783661,1.4473125,0.40242131822757266,0.21755634235787563
train,2016,5,2011,7.309120534528462,10.356431,3.0473104728567915,0.41691889721353015
train,2016,6,2010,33.77893915010913,11.944418,21.83452119661792,0.6463945211419326
train,2016,7,2009,2.0004216761882523,1.4547408,0.545680913477681,0.2727829437027437
train,2016,8,2008,7.268811414726078,10.409734,3.140922357551754,0.4321094850786807
train,2016,9,2007,0.6496610161626379,1.4890118,0.8393507483637292,1.2919826301418584
train,2016,10,2006,2.2806283428557825,1.5389234,0.7417049600966883,0.325219566098879
train,2016,11,2005,10.231620554069178,9.859592,0.37202811632503696,0.03636062482565802
train,2016,12,2004,0.19121148970720486,0.12825602,0.0629554667770596,0.3292452083979459
train,2016,13,2003,1.4361478411620476,1.713427,0.27727910643164133,0.1930714223732635
train,2016,14,2002,6.74153061508827,9.454203,2.712672036889269,0.40238221729908263
train,2016,15,2001,0.09816835037658606,0.15951706,0.06134871431400385,0.6249337396221651
train,2016,16,2000,1.8997203266275497,1.9251407,0.025420411859693903,0.013381133792892415
train,2016,17,1999,10.586396659722707,9.81635,0.7700466765073752,0.07273926164480904
train,2017,1,2016,3.1638828013440174,2.2886415,0.8752413485547108,0.2766351990606705
train,2017,2,2015,15.388707542199201,14.16811,1.220597648400373,0.07931774939858648
train,2017,3,2014,29.98448303003196,20.288998,9.695485379885476,0.3233500931189748
train,2017,4,2013,2.810741144451527,2.1597288,0.651012378963856,0.23161591391962189
train,2017,5,2012,9.758749033306719,13.577966,3.819216703082441,0.39136334893407143
train,2017,6,2011,0.8304510749240078,1.979674,1.149222906742557,1.3838538373212839
train,2017,7,2010,2.611692240899778,2.1428356,0.46885662383434834,0.1795221567425719
train,2017,8,2009,10.153303851964834,13.400019,3.2467148400517676,0.3197692975004539
train,2017,9,2008,0.16483262894856557,0.17987984,0.015047215240124617,0.09128784352962463
train,2017,10,2007,2.414093135713178,2.2532346,0.16085851085050695,0.06663310063342649
train,2017,11,2006,15.480566025786871,12.422706,3.057860375457281,0.1975289773231437
train,2017,12,2005,0.21194668080900533,0.21165697,0.00028970804308278697,0.0013668911538298116
train,2017,13,2004,2.0694950225195563,2.4231243,0.3536292908349359,0.1708770917478364
train,2017,14,2003,10.399191118339035,11.824213,1.425021909615067,0.1370319954118254
train,2017,15,2002,0.28529530917452645,0.26385736,0.02143794451998543,0.07514299685451838
train,2017,16,2001,1.8646345668066902,2.6825507,0.8179161019097405,0.43864686221603044
train,2017,17,2000,13.817181418358354,12.121759,1.6954220036855023,0.12270389686226006
train,2018,1,2017,4.943339106244292,3.3519766,1.591362473172393,0.3219205559177409
train,2018,2,2016,19.251928699015874,18.225225,1.0267032504074756,0.053329890550649385
train,2018,3,2015,1.8296648130298574,3.2350302,1.4053653612255137,0.7680999007121486
train,2018,4,2014,4.237227125658465,3.1583073,1.0789198117393974,0.2546287418028078
train,2018,5,2013,12.919930025658992,17.44771,4.527780011572453,0.3504492673396781
train,2018,6,2012,0.3566135770939969,0.27053428,0.08607930013171661,0.24137976134539119
train,2018,7,2011,4.440448041207357,3.1114213,1.3290266945429279,0.2993001341777364
train,2018,8,2010,14.45445347165972,16.60217,2.147717472554147,0.1485851731969627
train,2018,9,2009,0.17672510208399275,0.29067025,0.11394514380185625,0.6447592473142632
train,2018,10,2008,3.615551486991707,3.245128,0.37042357065564735,0.10245285456127001
train,2018,11,2007,20.058728336950434,15.229227,4.829501270910395,0.24076806813389412
train,2018,12,2006,0.5496145827738296,0.3431363,0.206478272196437,0.3756783001535253
train,2018,13,2005,3.0087505749534307,3.3444219,0.3356712886024775,0.11156501020612566
train,2018,14,2004,14.058296239932947,14.42566,0.36736389342886966,0.026131466228840525
train,2018,15,2003,0.8438986130278087,0.4281909,0.41570772605347395,0.492603874014523
train,2018,16,2002,3.088293952004191,3.6414313,0.5531373796303303,0.17910774952986097
train,2018,17,2001,18.80595874638697,9.468476,9.337482450915779,0.49651722503694284
valid,2020,1,2019,0.07389122521996185,0.078368366,0.004477140544656075,0.060590963693832156
valid,2020,2,2018,1.5916928155733452,0.83180594,0.7598868711305962,0.47740799210455637
valid,2020,3,2017,3.7650140164923966,4.525322,0.7603079439568221,0.20194026917991303
valid,2020,4,2016,18.876132328394878,9.921204,8.954928715113628,0.47440484943213107
valid,2020,5,2015,0.664457307930596,0.33998516,0.32447214591086637,0.4883265516650317
valid,2020,6,2014,1.700187516514842,2.4021268,0.7019392725781757,0.41285991442675973
valid,2020,7,2013,8.41928015154704,9.489458,1.070177932559405,0.12711038393972826
valid,2020,8,2012,0.09338040328194758,0.12478618,0.0314057799560819,0.33632088588138476
valid,2020,9,2011,1.6411407965814466,1.1491046,0.49203620139712045,0.29981352143688655
valid,2020,10,2010,5.70644636665415,5.6792145,0.027231889115087782,0.004772127409137437
valid,2020,11,2009,0.4469723799990904,2.3796542,1.9326817890835513,4.323940081226407
valid,2020,12,2008,1.444803683286191,0.49629247,0.9485112114005099,0.6564983342529099
valid,2020,13,2007,2.7100476643183202,3.1445544,0.4345067122838526,0.16033176021388804
valid,2020,14,2006,12.799137360795221,11.375042,1.4240953991252994,0.1112649516120755
valid,2020,15,2005,0.4545694227513815,0.18876953,0.2657998885211493,0.5847289219581735
valid,2020,16,2004,2.705954777024912,1.5692759,1.1366789210068458,0.4200657493086999
valid,2020,17,2003,7.849123152742263,7.076786,0.7723371114824973,0.09839788425444261
valid,2021,1,2020,0.13968216719676055,0.13347293,0.006209232831488026,0.04445258085591598
valid,2021,2,2019,1.3264327389539097,1.2229624,0.10347035949834327,0.07800648797304799
valid,2021,3,2018,5.364521760405419,5.9180436,0.5535218530284185,0.10318195689199391
valid,2021,4,2017,0.1820220465102733,2.1058533,1.9238312726578175,10.56922119892036
valid,2021,5,2016,1.2925385816782649,0.533066,0.759472606965893,0.5875821563323758
valid,2021,6,2015,2.3674794284249043,3.2983854,0.9309059532737041,0.39320550881941435
valid,2021,7,2014,10.808974537144273,11.739191,0.9302165181535784,0.08605964561734042
valid,2021,8,2013,0.4770033288018017,0.20416032,0.27284301102321434,0.571993934943818
valid,2021,9,2012,2.4035365266678546,1.6587048,0.7448317689774249,0.30988993123799674
valid,2021,10,2011,7.420009331403729,7.363404,0.056605534254070555,0.00762876860740473
valid,2021,11,2010,0.024827295128264017,0.07067074,0.045843443687997275,1.8464936856517025
valid,2021,12,2009,1.8487499664439222,0.7535481,1.0952018807543775,0.5924012985165378
valid,2021,13,2008,4.140904235454882,4.234092,0.09318800011030337,0.022504263516261704
valid,2021,14,2007,19.795935357945666,11.30713,8.48880549802135,0.4288155797909138
valid,2021,15,2006,1.120891512273201,0.3037872,0.8171043106302109,0.7289771594151607
valid,2021,16,2005,2.4274078621717816,2.2218416,0.20556628845657166,0.08468551645563532
valid,2021,17,2004,12.964215784156243,9.006409,3.9578070927499933,0.30528704232049125
valid,2022,1,2021,0.34740332228745163,0.22153258,0.1258707390507573,0.36231875452891
valid,2022,2,2020,1.589411341641981,1.7578208,0.1684095030082875,0.10595715444826377
valid,2022,3,2019,8.600868114288343,7.646118,0.9547499502258425,0.11100623071287845
valid,2022,4,2018,0.12285259801303128,0.075644575,0.04720802295361737,0.38426556472355294
valid,2022,5,2017,1.0744159273565912,0.804278,0.2701379112661981,0.2514276867903223
valid,2022,6,2016,3.3788349776996904,4.423592,1.044757112906999,0.3092063151358638
valid,2022,7,2015,14.11993529142237,10.423324,3.6966116601357495,0.26180089241493326
valid,2022,8,2014,1.016313870245176,0.32720944,0.6891044273912483,0.6780429231220966
valid,2022,9,2013,1.7852061020444823,2.3389947,0.5537886393953371,0.31020991848549484
valid,2022,10,2012,8.600999627290017,9.331902,0.7309019230029516,0.08497871813455217
valid,2022,11,2011,0.11781349464042834,0.12004874,0.0022352443756277207,0.018972736378212073
valid,2022,12,2010,1.927193425421526,1.1150098,0.8121836407230396,0.421433380795689
valid,2022,13,2009,6.7513714572857895,5.5673823,1.1839891216229477,0.17537016428640764
valid,2022,14,2008,0.31860984153939503,2.5373428,2.2187329452495455,6.963792877591457
valid,2022,15,2007,2.132968822576251,0.47939557,1.653573254205432,0.775244924680817
valid,2022,16,2006,3.17421727589395,3.0718956,0.1023216765287156,0.03223524656164776
valid,2022,17,2005,15.638413630572554,11.192058,4.446356021014449,0.28432270216473193
valid,2023,1,2022,0.7070214060157622,0.35353133,0.35349007519186393,0.49997082433948725
valid,2023,2,2021,2.400561229717946,2.467563,0.06700168417670715,0.02791084157622241
valid,2023,3,2020,9.211813160323434,9.651894,0.44008045539922236,0.04777348907755344
valid,2023,4,2019,0.1393788118653183,0.12912346,0.010255347638595591,0.07357895724087353
valid,2023,5,2018,1.3227498012999745,1.1850555,0.13769430699150287,0.10409701581967754
valid,2023,6,2017,4.9807587968421,5.800347,0.8195880545067773,0.1645508421379987
valid,2023,7,2016,0.3129253013405458,2.2357938,1.9228685276236877,6.144816412671443
valid,2023,8,2015,1.2585813690335375,0.51416284,0.7444185305745226,0.591474297085431
valid,2023,9,2014,2.607542098223938,3.219856,0.6123139255645142,0.23482417636951738
valid,2023,10,2013,9.88737696031789,11.560234,1.672857109506328,0.16919119360170268
valid,2023,11,2012,0.5670935141741617,0.19623312,0.37086039063328335,0.6539669055688291
valid,2023,12,2011,2.072261251477611,1.6128393,0.4594219103139756,0.22170076769334293
valid,2023,13,2010,8.853739670157953,7.216329,1.6374105724101504,0.18493999523488966
valid,2023,14,2009,0.15015432110351395,0.06837477,0.08177955320400071,0.5446366951176754
valid,2023,15,2008,2.0955744672248446,0.7301883,1.3653861570785129,0.6515569732465929
valid,2023,16,2007,4.816564735009299,4.1459613,0.6706034503718481,0.13922857622932253
valid,2023,17,2006,22.32400177860081,11.669229,10.654773224828837,0.47727881992205096
