age,age_label,year,obs_x100k,pred_x100k,phase,err_abs,error_pct,clasif_30pct
1,0–4,1979,4.902390601753039,3.1184516871584194,train,1.7839389145946196,36.38916315555728,subestimada
1,0–4,1980,4.247332661298663,3.136340332871294,train,1.1109923284273688,26.15741259333504,en rango
1,0–4,1981,4.42056195919306,3.3883620069781824,train,1.032199952214878,23.349971377921783,en rango
1,0–4,1982,3.948396590826327,3.026352035433109,train,0.9220445553932182,23.35237948324363,en rango
1,0–4,1983,2.7878779908867948,2.5848870512282973,train,0.20299093965849746,7.281198830151394,en rango
1,0–4,1984,2.2064843643326215,2.2870942358439086,train,0.08060987151128707,3.6533171417087527,en rango
1,0–4,1985,2.403795746918155,2.3818433189765864,train,0.021952427941568597,0.9132401523595856,en rango
1,0–4,1986,1.829664813029856,1.941355154345414,train,0.11169034131555788,6.104415438290191,en rango
1,0–4,1987,1.515381501081351,1.84286777492944,train,0.32748627384808904,21.61081375313083,en rango
1,0–4,1988,1.4045806887712553,1.6843381081731421,train,0.2797574194018868,19.917504322704456,en rango
1,0–4,1989,1.143998583431319,1.2537029839339358,train,0.10970440050261665,9.589557372839426,en rango
1,0–4,1990,1.0341928789418138,1.0747220325451834,train,0.040529153603369616,3.918916328725745,en rango
1,0–4,1991,0.9250214154629014,1.0600070810714786,train,0.13498566560857717,14.592707082465473,en rango
1,0–4,1992,0.9379044713032496,0.9749797289201235,train,0.03707525761687391,3.9529886839495076,en rango
1,0–4,1993,0.8304510749240078,1.0530147892451263,train,0.22256371432111843,26.800340326067325,en rango
1,0–4,1994,0.6339486548548727,0.9127191852635924,train,0.2787705304087197,43.97367646004982,sobreestimada
1,0–4,1995,0.6285641917688821,0.8792325590560998,train,0.25066836728721764,39.87951756873009,sobreestimada
1,0–4,1996,0.5090382047055492,0.8205040073002478,train,0.3114658025946986,61.187117138852976,sobreestimada
1,0–4,1997,0.39199084309390525,0.6548789773497067,train,0.26288813425580143,67.06486615372901,sobreestimada
1,0–4,1998,0.6223597253042474,0.8096389984905675,train,0.1872792731863201,30.091804718688465,sobreestimada
1,0–4,1999,0.6234791150660726,0.8065375791528041,train,0.18305846408673154,29.36080129441579,en rango
1,0–4,2000,0.6496610161626379,0.6788575491764985,train,0.029196533013860604,4.494118053491371,en rango
1,0–4,2001,0.5143021585962918,0.76961082549751,train,0.25530866690121823,49.64176459963608,sobreestimada
1,0–4,2002,0.8499482475955908,0.7164501285430114,train,0.13349811905257947,15.706617365260863,en rango
1,0–4,2003,0.6927447646411605,0.6758368485296565,train,0.016907916111503996,2.440713661728247,en rango
1,0–4,2004,0.6534166673523508,0.5392646331958665,train,0.11415203415648434,17.47002178855174,en rango
1,0–4,2005,0.6390278911096473,0.5096802553558125,train,0.1293476357538348,20.24131302457356,en rango
1,0–4,2006,0.771010598411171,0.48547317406653,train,0.285537424344641,37.03417630484597,subestimada
1,0–4,2007,0.5031416162518767,0.5366235023403598,train,0.033481886088483126,6.654565038349328,en rango
1,0–4,2008,0.8390200246112541,0.5083100365134504,train,0.3307099880978037,39.41622111475023,subestimada
1,0–4,2009,0.5646538979598541,0.4512025832802263,train,0.11345131467962782,20.09218657473857,en rango
1,0–4,2010,0.3365087681242328,0.3789848591819226,train,0.04247609105768979,12.622580770914238,en rango
1,0–4,2011,0.3653420841461107,0.3064819504656538,train,0.058860133680456894,16.110964554775205,en rango
1,0–4,2012,0.3153649758285886,0.26786731653606877,train,0.04749765929251981,15.061171319904712,en rango
1,0–4,2013,0.5815562604134918,0.2985059675878556,train,0.28305029282563626,48.67117974525541,subestimada
1,0–4,2014,0.2921597859053089,0.29797952663099,train,0.0058197407256810885,1.991971861441365,en rango
1,0–4,2015,0.23985404082102568,0.28426400700714305,train,0.04440996618611737,18.515412971197428,en rango
1,0–4,2016,0.2666065202357015,0.2893337272060359,train,0.022727206970334368,8.524625335585077,en rango
1,0–4,2017,0.23923661192046922,0.24810600483858042,train,0.008869392918111202,3.7073727331750144,en rango
1,0–4,2018,0.3153281817467552,0.32031112331819583,train,0.0049829415714406355,1.5802398453058377,en rango
1,0–4,2019,0.3668709264224634,0.30215436937076956,test,0.06471655705169382,17.640143274032752,en rango
1,0–4,2020,0.1820220465102733,0.2850268263682909,test,0.10300477985801762,56.58917797751716,sobreestimada
1,0–4,2021,0.3129253013405459,0.2688701537520733,test,0.04405514758847262,14.07848691037255,en rango
1,0–4,2022,0.4469723799990902,0.2536293179830534,test,0.1933430620160368,43.25615422063224,subestimada
1,0–4,2023,0.3186098415393953,0.23925240508422418,test,0.07935743645517113,24.907402756847603,en rango
2,5–9,1979,1.207790306392834,1.3871693209121276,train,0.17937901451929372,14.851834260454039,en rango
2,5–9,1980,1.1236845498105703,1.0814698003860717,train,0.042214749424498654,3.756814973705492,en rango
2,5–9,1981,1.3014232246073103,1.4714926939779878,train,0.17006946937067746,13.06796022654306,en rango
2,5–9,1982,1.030616980327583,1.1728623874583446,train,0.1422454071307615,13.801966185881062,en rango
2,5–9,1983,0.6414605707307955,0.6879177943260105,train,0.04645722359521498,7.242412973612352,en rango
2,5–9,1984,0.9479013320886144,1.0037311594835807,train,0.055829827394966336,5.889835313550028,en rango
2,5–9,1985,0.928305033157368,0.8124972139949806,train,0.11580781916238736,12.475190268924827,en rango
2,5–9,1986,0.6877785331114468,0.6827842603312992,train,0.004994272780147524,0.7261454872041286,en rango
2,5–9,1987,0.6738037759424561,0.558452282605806,train,0.11535149333665007,17.119448933824508,en rango
2,5–9,1988,0.4504504504504504,0.4839484714015501,train,0.033498020951099716,7.436560651144138,en rango
2,5–9,1989,0.2616409966324187,0.24456436671929244,train,0.01707662991312625,6.5267408903495845,en rango
2,5–9,1990,0.4148893412335179,0.445231132506793,train,0.03034179127327513,7.313225059738867,en rango
2,5–9,1991,0.43809690703583637,0.413275180635891,train,0.024821726399945343,5.665807268051523,en rango
2,5–9,1992,0.1793758284921078,0.18660127736049492,train,0.007225448868387135,4.028106199774315,en rango
2,5–9,1993,0.3566135770939967,0.31914856078186493,train,0.03746501631213178,10.505773957747182,en rango
2,5–9,1994,0.3030864046299479,0.261581899986601,train,0.04150450464334693,13.693951298812523,en rango
2,5–9,1995,0.19988191975590422,0.19451702084249292,train,0.005364898913411298,2.684034113722198,en rango
2,5–9,1996,0.22205033881180858,0.20388755972955722,train,0.018162779082251362,8.179577288393434,en rango
2,5–9,1997,0.2434486744463125,0.21156281353338147,train,0.031885860912931024,13.097570149211382,en rango
2,5–9,1998,0.19217981881286678,0.20216716151991093,train,0.009987342707044156,5.1968738282396,en rango
2,5–9,1999,0.1187909739766989,0.1339324129906248,train,0.015141439013925909,12.746287455220237,en rango
2,5–9,2000,0.1648326289485656,0.1666329324705879,train,0.0018003035220223174,1.0922009395264116,en rango
2,5–9,2001,0.2808031062439612,0.2965211600437214,train,0.015718053799760212,5.597535586413491,en rango
2,5–9,2002,0.2798328651574036,0.19193786942752125,train,0.08789499572988232,31.40981874321379,subestimada
2,5–9,2003,0.1865010972092675,0.21647274692344592,train,0.029971649714178428,16.070495113789118,en rango
2,5–9,2004,0.0700942931796617,0.06826524361271402,train,0.0018290495669476825,2.609412955002723,en rango
2,5–9,2005,0.3288836163102782,0.3196191588279497,train,0.009264457482328459,2.816941015872346,en rango
2,5–9,2006,0.1657103208412213,0.1496517497907691,train,0.01605857105045222,9.690748873655892,en rango
2,5–9,2007,0.191211489707205,0.20981974985783872,train,0.018608260150633715,9.73176882787109,en rango
2,5–9,2008,0.1449898398369734,0.13149313908252633,train,0.01349670075444706,9.308721748794781,en rango
2,5–9,2009,0.2200173764834671,0.23865568749654736,train,0.018638311013080278,8.471290454861338,en rango
2,5–9,2010,0.22255644155000173,0.2599639868993252,train,0.03740754534932347,16.808116219327278,en rango
2,5–9,2011,0.1249955626575256,0.11205889451725642,train,0.01293666814026917,10.349701913590524,en rango
2,5–9,2012,0.025271664070845502,0.024126592799642445,train,0.0011450712712030575,4.531048165221782,en rango
2,5–9,2013,0.0510677500519614,0.047928308595656284,train,0.0031394414563051184,6.14760088923193,en rango
2,5–9,2014,0.0773251677956141,0.0808116187390125,train,0.003486450943398403,4.508817818040551,en rango
2,5–9,2015,0.1559142565137728,0.1319962837254042,train,0.023917972788368602,15.340465537387077,en rango
2,5–9,2016,0.052247313704365805,0.05587724775773044,train,0.0036299340533646335,6.947599399854533,en rango
2,5–9,2017,0.0261711525330665,0.03659952035411615,train,0.01042836782104965,39.84680387259868,sobreestimada
2,5–9,2018,0.0492190414690112,0.057768987750025806,train,0.008549946281014603,17.371216557310923,en rango
2,5–9,2019,0.0738912252199618,0.05324775088412221,test,0.020643474335839594,27.937653319981404,en rango
2,5–9,2020,0.1228525980130312,0.04908036447663523,test,0.07377223353639596,60.049388233996325,subestimada
2,5–9,2021,0.0493226885106989,0.04523913474583301,test,0.0040835537648658965,8.279260292106962,en rango
2,5–9,2022,0.024827295128264003,0.04169853533842267,test,0.016871240210158664,67.95440309948235,sobreestimada
2,5–9,2023,0.1501543211035141,0.038435037697749946,test,0.11171928340576415,74.40297594149594,subestimada
3,10–14,1979,0.9103304000138606,0.7448248370403783,train,0.1655055629734823,18.180823464860925,en rango
3,10–14,1980,0.5582206511085674,0.6811501491328332,train,0.12292949802426578,22.021667915749934,en rango
3,10–14,1981,1.031644060397749,0.790039261306326,train,0.24160479909142307,23.419395154397794,en rango
3,10–14,1982,0.8593560163811036,0.6907419655841248,train,0.16861405079697878,19.620977520706916,en rango
3,10–14,1983,0.5964869898731422,0.5285835201326707,train,0.06790346974047146,11.383897870917993,en rango
3,10–14,1984,0.6601180951272183,0.5753303758242062,train,0.0847877193030121,12.844325875761935,en rango
3,10–14,1985,0.4240761349943386,0.5418870651715615,train,0.11781093017722288,27.78060835203463,en rango
3,10–14,1986,0.4829953925258274,0.4637439927099043,train,0.01925139981592311,3.985835085350979,en rango
3,10–14,1987,0.2693247221242179,0.42065445126501977,train,0.1513297291408019,56.18857710025061,sobreestimada
3,10–14,1988,0.47199951384050065,0.3832504708517094,train,0.08874904298879127,18.802782711929144,en rango
3,10–14,1989,0.20263453847812773,0.26100743729556936,train,0.05837289881744162,28.80698387147972,en rango
3,10–14,1990,0.3683451019593409,0.3039474775693799,train,0.064397624389961,17.482959335528076,en rango
3,10–14,1991,0.305007981504316,0.2938835443735209,train,0.01112443713079514,3.647260991639894,en rango
3,10–14,1992,0.2446006446042321,0.21106276104578167,train,0.033537883558450415,13.711281755906763,en rango
3,10–14,1993,0.2138115870913392,0.2663426961400829,train,0.05253110904874367,24.56887849876099,en rango
3,10–14,1994,0.1847652109279647,0.2321435974974789,train,0.04737838656951421,25.642482332881293,en rango
3,10–14,1995,0.2093411145425608,0.20463856332171104,train,0.004702551220849754,2.2463581657743044,en rango
3,10–14,1996,0.1820544743398119,0.20188261281736816,train,0.019828138477556267,10.891321704374187,en rango
3,10–14,1997,0.1552244273576844,0.18501679469762855,train,0.029792367339944142,19.19309212286121,en rango
3,10–14,1998,0.2314518356445085,0.20005508131217306,train,0.031396754332335436,13.565135158641963,en rango
3,10–14,1999,0.2550993076094593,0.17154199944320953,train,0.08355730816624979,32.75481574186421,subestimada
3,10–14,2000,0.1767251020839929,0.17215302034516897,train,0.004572081738823924,2.587115064531654,en rango
3,10–14,2001,0.2743707991648152,0.22527948865783842,train,0.04909131050697679,17.892323329017064,en rango
3,10–14,2002,0.0738739577307988,0.18580647187579277,train,0.11193251414499397,151.51823129997024,sobreestimada
3,10–14,2003,0.2673798091297079,0.18923954361209702,train,0.07814026551761086,29.224445096265462,en rango
3,10–14,2004,0.0961365369552453,0.11170395750548354,train,0.015567420550238242,16.193032371745808,en rango
3,10–14,2005,0.1666912337794546,0.19260606737482985,train,0.025914833595375247,15.546608545511504,en rango
3,10–14,2006,0.0945886316761247,0.1424044207115498,train,0.04781578903542509,50.551306418247265,sobreestimada
3,10–14,2007,0.2119466808090052,0.16872679554583125,train,0.04321988526317394,20.39186700079599,en rango
3,10–14,2008,0.0940828917317602,0.13858345575186692,train,0.04450056402010673,47.29931574274133,sobreestimada
3,10–14,2009,0.1884474194010387,0.1637356530255873,train,0.024711766375451416,13.113348250666046,en rango
3,10–14,2010,0.2365080438750802,0.15630186197984225,train,0.08020618189523795,33.912665540289865,subestimada
3,10–14,2011,0.0714159036075743,0.10417146109043485,train,0.03275555748286055,45.865914772779725,sobreestimada
3,10–14,2012,0.0480283636304255,0.05562884788557564,train,0.007600484255150142,15.824991069100902,en rango
3,10–14,2013,0.048530838071763,0.07523512759715922,train,0.026704289525396226,55.02540361225237,sobreestimada
3,10–14,2014,0.09816835037658599,0.09117095847948817,train,0.006997391897097818,7.127950984461849,en rango
3,10–14,2015,0.0744532710176,0.10700031160547757,train,0.032547040587877565,43.714722191566,sobreestimada
3,10–14,2016,0.10023068091211919,0.07851717979228805,train,0.02171350111983114,21.663527497003862,en rango
3,10–14,2017,0.1515172941839581,0.06269556069601621,train,0.08882173348794188,58.621515099195776,subestimada
3,10–14,2018,0.1401163339215105,0.08318963433226063,train,0.056926699589249855,40.62816803438399,subestimada
3,10–14,2019,0.1396821671967605,0.07864298806674364,test,0.06103917913001686,43.6986197701495,subestimada
3,10–14,2020,0.1393788118653182,0.0743448342057151,test,0.0650339776596031,46.659873756454076,subestimada
3,10–14,2021,0.0933804032819476,0.0702815916453277,test,0.023098811636619906,24.73625174532245,en rango
3,10–14,2022,0.11781349464042838,0.06644042154338267,test,0.05137307309704571,43.60542334631396,subestimada
3,10–14,2023,0.1189274174078818,0.0628091867517609,test,0.0561182306561209,47.1869581289686,subestimada
4,15–19,1979,1.5202285410240006,1.4639769862050915,train,0.05625155481890909,3.7002038378399984,en rango
4,15–19,1980,1.335331569039437,1.499979843710552,train,0.1646482746711151,12.330141703274032,en rango
4,15–19,1981,1.711484642634366,1.551369068970835,train,0.1601155736635309,9.35536140231305,en rango
4,15–19,1982,1.3588195541984809,1.4505918070433417,train,0.09177225284486079,6.753821915595994,en rango
4,15–19,1983,1.2299359203385505,1.3440005373479613,train,0.11406461700941084,9.274029250077806,en rango
4,15–19,1984,1.3762376415355702,1.188702606507968,train,0.18753503502760216,13.626646254084102,en rango
4,15–19,1985,1.5365782451252057,1.2466868338583892,train,0.2898914112668165,18.866036414773994,en rango
4,15–19,1986,0.8452199941619447,1.083232140434899,train,0.2380121462729543,28.159786554617522,en rango
4,15–19,1987,1.1211302447306122,1.058382557784461,train,0.06274768694615118,5.59682403013116,en rango
4,15–19,1988,1.1264199360497913,1.0002711162791873,train,0.126148819770604,11.199093316209543,en rango
4,15–19,1989,0.7642186704734946,0.845308323218792,train,0.08108965274529745,10.61079189481931,en rango
4,15–19,1990,0.6124126240288666,0.7171269568321238,train,0.10471433280325715,17.09865680337794,en rango
4,15–19,1991,0.763520341861652,0.7139497834369102,train,0.049570558424741784,6.492369057761639,en rango
4,15–19,1992,0.7573441938510316,0.7143952134629388,train,0.042948980388092806,5.670998832076714,en rango
4,15–19,1993,0.6572037295714196,0.7252736176969593,train,0.06806988812553971,10.357501800838827,en rango
4,15–19,1994,0.7328635970821475,0.6614803735765654,train,0.07138322350558213,9.740315085889128,en rango
4,15–19,1995,0.5737733371546638,0.6585279059525513,train,0.08475456879788745,14.771437309754493,en rango
4,15–19,1996,0.8982937751890697,0.6226610983769489,train,0.2756326768121208,30.684023915684666,subestimada
4,15–19,1997,0.4953419964979321,0.5235808457519289,train,0.02823884925399678,5.700879282121331,en rango
4,15–19,1998,0.5685665543702597,0.6168407680989066,train,0.04827421372864693,8.490512387263987,en rango
4,15–19,1999,0.5885994703674947,0.6357133282002738,train,0.047113857832779105,8.004400310344037,en rango
4,15–19,2000,0.5573705486994555,0.5484051904463555,train,0.008965358253099964,1.6085095048562124,en rango
4,15–19,2001,0.5543841623532499,0.5756917886925391,train,0.021307626339289176,3.843476741623094,en rango
4,15–19,2002,0.7621103940557492,0.5647549116972768,train,0.19735548235847244,25.895917953329434,en rango
4,15–19,2003,0.4966220551945752,0.5352053782899727,train,0.038583323095397526,7.769152153397756,en rango
4,15–19,2004,0.3371315962065953,0.49506476949795253,train,0.15793317329135725,46.84615001038803,sobreestimada
4,15–19,2005,0.3335445782328808,0.4191390749343828,train,0.08559449670150199,25.66208605607731,en rango
4,15–19,2006,0.4305802119011863,0.42937101756375545,train,0.00120919433743083,0.28082905438030853,en rango
4,15–19,2007,0.5496145827738299,0.450739873292597,train,0.09887470948123289,17.989826431137562,en rango
4,15–19,2008,0.4929344015221815,0.449182560297808,train,0.04375184122437348,8.875793835704668,en rango
4,15–19,2009,0.2921036354488209,0.39133585001959437,train,0.09923221457077347,33.97157807307051,sobreestimada
4,15–19,2010,0.3372108567443977,0.34067415108680094,train,0.0034632943424032225,1.0270411741305125,en rango
4,15–19,2011,0.3584486343107033,0.31044854172349795,train,0.048000092587205334,13.391065829978544,en rango
4,15–19,2012,0.2853928789720148,0.31718591336642143,train,0.031793034394406616,11.14009379243278,en rango
4,15–19,2013,0.3324184702149489,0.3257853544887507,train,0.006633115726198235,1.9954113024794082,en rango
4,15–19,2014,0.2852953091745265,0.3119960595657626,train,0.026700750391236094,9.35898682263373,en rango
4,15–19,2015,0.2863328328076342,0.28946172610708076,train,0.0031288932994465446,1.0927469507308007,en rango
4,15–19,2016,0.4075269752892423,0.3142999667195311,train,0.09322700856971122,22.876279172328,en rango
4,15–19,2017,0.2891898659195285,0.2894995414275209,train,0.00030967550799237964,0.10708380357925529,en rango
4,15–19,2018,0.3997185981069327,0.33849931576314685,train,0.061219282343785875,15.315595179638974,en rango
4,15–19,2019,0.3474033222874517,0.3260244894385452,test,0.021378832848906515,6.153894185046694,en rango
4,15–19,2020,0.41085290781145495,0.3140094019807065,test,0.09684350583074847,23.571332705570395,en rango
4,15–19,2021,0.4770033288018017,0.3024371104823618,test,0.17456621831943986,36.5964360789552,subestimada
4,15–19,2022,0.5670935141741621,0.2912912964387625,test,0.2758022177353996,48.63434527849264,subestimada
4,15–19,2023,0.4545694227513814,0.28055624273636665,test,0.17401318001501476,38.280881050415076,subestimada
5,20–24,1979,3.357188019315022,2.933608843388742,train,0.4235791759262799,12.61708231678678,en rango
5,20–24,1980,3.83592795258793,3.0268821532703876,train,0.8090457993175426,21.091266815157862,en rango
5,20–24,1981,3.1638828013440174,3.1094416454437726,train,0.0544411559002449,1.720707096897467,en rango
5,20–24,1982,3.1476601594495155,2.9183333128944104,train,0.22932684655510505,7.285629163829786,en rango
5,20–24,1983,2.665127111571882,2.734364070689202,train,0.06923695911731986,2.597885812526374,en rango
5,20–24,1984,2.6021684520252837,2.3867520144765932,train,0.21541643754869044,8.27834329407193,en rango
5,20–24,1985,1.9183726061507507,2.5201240837965444,train,0.6017514776457937,31.367810180172402,sobreestimada
5,20–24,1986,1.8555022876141765,2.1902014211828034,train,0.3346991335686269,18.038195684414188,en rango
5,20–24,1987,2.2990719827010366,2.1493657611289296,train,0.149706221572107,6.51159349070169,en rango
5,20–24,1988,1.8497337924783657,2.035299964636245,train,0.18556617215787918,10.032047471503907,en rango
5,20–24,1989,1.5054780968298933,1.7411735286857177,train,0.23569543185582442,15.655852606034697,en rango
5,20–24,1990,1.3524425265716535,1.4478965077772485,train,0.095453981205595,7.057895572654324,en rango
5,20–24,1991,1.3568650742621506,1.4440046002916527,train,0.08713952602950203,6.422121674617324,en rango
5,20–24,1992,1.4255436977177975,1.4742303124578884,train,0.04868661474009084,3.415301461332608,en rango
5,20–24,1993,1.3089470269138208,1.4771991706166658,train,0.16825214370284503,12.854007094507308,en rango
5,20–24,1994,1.5653567761164124,1.3503609235918597,train,0.21499585252455278,13.73462304599651,en rango
5,20–24,1995,1.3170665165628954,1.354245259338849,train,0.037178742775953566,2.8228447317131478,en rango
5,20–24,1996,1.1569011184107054,1.2768448909174095,train,0.11994377250670407,10.367677115869418,en rango
5,20–24,1997,1.0853352600618331,1.0671713387746578,train,0.018163921287175366,1.6735770001741712,en rango
5,20–24,1998,1.2232490718597668,1.2648280785464865,train,0.041579006686719655,3.3990630071359886,en rango
5,20–24,1999,1.2007432600779882,1.318324044537474,train,0.11758078445948583,9.792333496158784,en rango
5,20–24,2000,1.0874481735426211,1.12607063270537,train,0.03862245916274887,3.5516597574417745,en rango
5,20–24,2001,1.15096784886411,1.166703105078396,train,0.015735256214286064,1.3671325597683017,en rango
5,20–24,2002,1.439396334111548,1.156517409137767,train,0.2828789249737811,19.652608407425536,en rango
5,20–24,2003,1.1110956792266773,1.0909428141100832,train,0.020152865116594088,1.8137830515748639,en rango
5,20–24,2004,1.262661613824278,1.0365567908919273,train,0.2261048229323508,17.907000613373942,en rango
5,20–24,2005,0.7621071609766294,0.8398870277463416,train,0.07777986676971216,10.20589632959732,en rango
5,20–24,2006,0.86551844825525,0.8776584761774566,train,0.012140027922206587,1.4026307523171788,en rango
5,20–24,2007,0.9145323767324672,0.9148267426887114,train,0.0002943659562442136,0.03218759266850166,en rango
5,20–24,2008,1.0423899917731374,0.9223900183580026,train,0.1199999734151348,11.512003603470056,en rango
5,20–24,2009,0.9801031121452524,0.788372608731869,train,0.19173050341338338,19.562278808983997,en rango
5,20–24,2010,0.5235719966470449,0.6820227444951616,train,0.15845074784811675,30.263411500774552,sobreestimada
5,20–24,2011,0.7747501688955368,0.6331108336414482,train,0.14163933525408867,18.28193667334154,en rango
5,20–24,2012,0.6875696323412382,0.6728492974585871,train,0.01472033488265112,2.1409227793448378,en rango
5,20–24,2013,0.5778954004300044,0.67975787234391,train,0.10186247191390563,17.626454863304172,en rango
5,20–24,2014,0.8438986130278089,0.6416340285235198,train,0.20226458450428908,23.967877347088837,en rango
5,20–24,2015,0.5401695886976879,0.586657946235911,train,0.04648835753822311,8.60625227908579,en rango
5,20–24,2016,0.6803984024245511,0.652563246984212,train,0.0278351554403391,4.091008347631404,en rango
5,20–24,2017,0.5055584952845837,0.6060483043235193,train,0.10048980903893556,19.876989502939495,en rango
5,20–24,2018,0.7018535710793733,0.7037619734626058,train,0.0019084023832325325,0.2719089083350563,en rango
5,20–24,2019,0.7070214060157622,0.6784665034620022,test,0.02855490255376003,4.038760681189819,en rango
5,20–24,2020,0.6644573079305959,0.6540802340529045,test,0.010377073877691378,1.5617367367077386,en rango
5,20–24,2021,1.0163138702451755,0.6305704856402872,test,0.38574338460488833,37.955143179521066,subestimada
5,20–24,2022,1.2799008413663953,0.6079057532389316,test,0.6719950881274637,52.503683598649395,subestimada
5,20–24,2023,1.1208915122732015,0.5860556642541705,test,0.534835848019031,47.71521973026345,subestimada
6,25–29,1979,4.63600539958276,4.016855599398299,train,0.6191498001844611,13.355243292861232,en rango
6,25–29,1980,4.800042980201364,4.103605779880916,train,0.6964372003204478,14.508978423589697,en rango
6,25–29,1981,4.94333910624429,4.253073525529567,train,0.6902655807147227,13.963549048107952,en rango
6,25–29,1982,3.7938238197702754,3.9747227469244293,train,0.1808989271541539,4.768247966905004,en rango
6,25–29,1983,3.551928597455143,3.6709316306434494,train,0.11900303318830652,3.3503779685652706,en rango
6,25–29,1984,3.747908705580521,3.2679653147870367,train,0.47994339079348425,12.805631846871385,en rango
6,25–29,1985,3.0329819941968945,3.416644816682361,train,0.38366282248546657,12.649690081231654,en rango
6,25–29,1986,3.990094409261082,2.973859592675262,train,1.0162348165858202,25.46894164276215,en rango
6,25–29,1987,2.6410915102993764,2.901763114358903,train,0.2606716040595267,9.869843700719736,en rango
6,25–29,1988,2.8107411444515287,2.7424656966605294,train,0.06827544779099926,2.429090559469578,en rango
6,25–29,1989,2.64529535894649,2.312094190970815,train,0.333201167975675,12.59599109977553,en rango
6,25–29,1990,1.9052161533423075,1.9804044089276343,train,0.07518825558532671,3.9464422686856016,en rango
6,25–29,1991,1.715347472759149,1.97045851927388,train,0.25511104651473104,14.872266439660944,en rango
6,25–29,1992,1.793184362407683,1.9569512473893638,train,0.16376688498168068,9.132741084234821,en rango
6,25–29,1993,1.558797855094152,1.996090516956473,train,0.4372926618623212,28.05319884379162,en rango
6,25–29,1994,2.0308937011197203,1.8211403761128493,train,0.20975332500687105,10.328129182301609,en rango
6,25–29,1995,2.0004216761882505,1.808156293300213,train,0.1922653828880374,9.61124272830286,en rango
6,25–29,1996,1.783547980147837,1.7127375081376055,train,0.0708104720102316,3.9702028091423798,en rango
6,25–29,1997,1.056019599723771,1.4467181625856718,train,0.39069856286190086,36.99728328566042,sobreestimada
6,25–29,1998,1.2227743656294858,1.6969755016682624,train,0.47420113603877656,38.78075541718257,sobreestimada
6,25–29,1999,2.133740252686573,1.740865553799363,train,0.39287469888721005,18.412489448635796,en rango
6,25–29,2000,1.7494326492727703,1.5102251687981565,train,0.23920748047461382,13.673431816540699,en rango
6,25–29,2001,1.6162446813428146,1.5921349933945816,train,0.024109687948232983,1.4917102729892406,en rango
6,25–29,2002,0.8982656415316969,1.5562218566419097,train,0.6579562151102128,73.24739861899701,sobreestimada
6,25–29,2003,1.1077547899317115,1.4783768123837668,train,0.37062202245205533,33.45704535160734,sobreestimada
6,25–29,2004,1.2114186457830518,1.3552563960138602,train,0.14383775023080836,11.873496477168116,en rango
6,25–29,2005,0.8205033453744732,1.1688781484715371,train,0.3483748030970639,42.458669432733096,sobreestimada
6,25–29,2006,1.1881395160945378,1.1881979867274972,train,5.847063295938426e-05,0.004921192517153169,en rango
6,25–29,2007,1.279803422194351,1.2498468299315275,train,0.029956592262823545,2.340718249640243,en rango
6,25–29,2008,1.2579490227594428,1.2401633475533897,train,0.01778567520605301,1.4138629534476899,en rango
6,25–29,2009,1.1569570224328325,1.09014179363236,train,0.06681522880047241,5.7750830415441285,en rango
6,25–29,2010,1.17387884787704,0.9529501141569084,train,0.22092873372013166,18.820403325239337,en rango
6,25–29,2011,0.8881879605566828,0.8634746596013193,train,0.024713300955363504,2.782440435228838,en rango
6,25–29,2012,0.7449926149158007,0.8690995057006003,train,0.12410689078479964,16.658808194874016,en rango
6,25–29,2013,1.1786634504687243,0.8978726185263046,train,0.2807908319424197,23.82281658354269,en rango
6,25–29,2014,0.9508135976124256,0.8650083707849753,train,0.08580522682745029,9.024400475857156,en rango
6,25–29,2015,1.1003958204282849,0.8077031151932113,train,0.2926927052350736,26.598856502486058,en rango
6,25–29,2016,0.6600783803471959,0.8682201463479902,train,0.20814176600079426,31.53288642650489,sobreestimada
6,25–29,2017,1.191305849907376,0.7981076801814178,train,0.39319816972595834,33.00564416405153,subestimada
6,25–29,2018,1.044677186914165,0.9336945601473567,train,0.11098262676680815,10.623628825918543,en rango
6,25–29,2019,1.2002355462259469,0.8994067397734936,test,0.30082880645245325,25.064147399932246,en rango
6,25–29,2020,1.2925385816782655,0.8663780620316741,test,0.4261605196465914,32.97081616652817,subestimada
6,25–29,2021,1.2585813690335377,0.8345622877573659,test,0.4240190812761718,33.69023979766801,subestimada
6,25–29,2022,1.44480368328619,0.8039148758147387,test,0.6408888074714512,44.35819308085903,subestimada
6,25–29,2023,2.1329688225762498,0.7743929207404133,test,1.3585759018358363,63.69412845870463,subestimada
7,30–34,1979,4.884856168740695,5.583910391650247,train,0.6990542229095515,14.31064086150496,en rango
7,30–34,1980,5.312783415529427,5.818953410803585,train,0.5061699952741581,9.527397518118427,en rango
7,30–34,1981,5.19557171031986,5.938917962300176,train,0.7433462519803165,14.307304247265467,en rango
7,30–34,1982,5.282078060058737,5.579196029989394,train,0.29711796993065676,5.625020428557483,en rango
7,30–34,1983,5.699226951011004,5.278115319716093,train,0.42111163129491036,7.388925461552431,en rango
7,30–34,1984,5.2815365498834055,4.502971804526316,train,0.7785647453570892,14.741254519468896,en rango
7,30–34,1985,5.533763503411953,4.806617906054237,train,0.7271455973577163,13.140163957302839,en rango
7,30–34,1986,5.119405725260913,4.146768668436531,train,0.9726370568243823,18.9990227190835,en rango
7,30–34,1987,4.7282391313330185,4.086312780328329,train,0.64192635100469,13.576435818374389,en rango
7,30–34,1988,4.2372271256584675,3.8668322721010995,train,0.370394853557368,8.741444406282763,en rango
7,30–34,1989,3.3407240223908046,3.3276558549104185,train,0.013068167480386084,0.39117770258178314,en rango
7,30–34,1990,2.657323158994962,2.675953786877467,train,0.018630627882505024,0.7011050883834316,en rango
7,30–34,1991,3.0261628591186693,2.6738608217382964,train,0.3523020373803729,11.64187301812885,en rango
7,30–34,1992,2.7961606172760605,2.7982040614537675,train,0.0020434441777070766,0.07308035758324002,en rango
7,30–34,1993,2.829443614670806,2.7612992580814573,train,0.06814435658934892,2.4084012926080955,en rango
7,30–34,1994,2.627620230048151,2.518712743290251,train,0.10890748675790007,4.144719450417092,en rango
7,30–34,1995,2.611692240899779,2.548257464210087,train,0.06343477668969211,2.428876408034876,en rango
7,30–34,1996,2.3718689659319443,2.386951014510185,train,0.015082048578240581,0.6358719134517876,en rango
7,30–34,1997,1.9163721621171552,1.961614211349055,train,0.04524204923189967,2.360817492877662,en rango
7,30–34,1998,2.428585634390873,2.3630946133172186,train,0.06549102107365457,2.6966733289633713,en rango
7,30–34,1999,2.1928338843237576,2.501554522481404,train,0.3087206381576464,14.078614908527461,en rango
7,30–34,2000,1.6049534760016875,2.094056085875513,train,0.4891026098738256,30.474566221838028,sobreestimada
7,30–34,2001,1.9065300626919677,2.140556012618826,train,0.23402594992685843,12.274967728356733,en rango
7,30–34,2002,2.280628342855783,2.1469715355720926,train,0.13365680728369034,5.860525574119913,en rango
7,30–34,2003,1.6296243084073982,2.007877635454801,train,0.37825332704740267,23.211075405291584,en rango
7,30–34,2004,1.437202281876144,1.963427521284885,train,0.526225239408741,36.61455635331995,sobreestimada
7,30–34,2005,1.3395107102253223,1.4937324149253626,train,0.15422170470004026,11.513286420389894,en rango
7,30–34,2006,1.668527074354572,1.6016118727267323,train,0.0669152016278396,4.0104354706814735,en rango
7,30–34,2007,1.388464635805726,1.6593128298107742,train,0.2708481940050482,19.507028628631584,en rango
7,30–34,2008,1.8232003547426974,1.6969429583512943,train,0.1262573963914031,6.925042333552059,en rango
7,30–34,2009,1.4034026773733532,1.4061037151989606,train,0.0027010378256073775,0.19246349384644995,en rango
7,30–34,2010,1.3082763116949625,1.19803618046825,train,0.1102401312267125,8.42636454098055,en rango
7,30–34,2011,1.2167300380228137,1.1319704690443144,train,0.08475956897849923,6.966177075420406,en rango
7,30–34,2012,1.518582085019158,1.2642176377401202,train,0.25436444727903784,16.75012828008101,en rango
7,30–34,2013,1.0827220099534345,1.2533112249321496,train,0.17058921497871515,15.755587621798862,en rango
7,30–34,2014,1.1263785140121487,1.1594328843889496,train,0.03305437037680092,2.9345703922442197,en rango
7,30–34,2015,1.086603748496984,1.0369917180099093,train,0.04961203048707463,4.5657886378267305,en rango
7,30–34,2016,1.2742850411395847,1.1935611356132323,train,0.08072390552635245,6.334838981878151,en rango
7,30–34,2017,1.259722961726257,1.1147956883126549,train,0.14492727341360223,11.504694112664392,en rango
7,30–34,2018,1.4692380445075417,1.2945569909672157,train,0.17468105354032604,11.889227494029091,en rango
7,30–34,2019,1.591692815573346,1.2469330595571004,test,0.34475975601624564,21.65994296406114,en rango
7,30–34,2020,1.0744159273565903,1.201061108831328,test,0.1266451814747378,11.787351457672989,en rango
7,30–34,2021,1.978967739180385,1.1568766872373422,test,0.8220910519430429,41.54140745535965,subestimada
7,30–34,2022,1.848749966443922,1.1143177142547842,test,0.7344322521891378,39.72588319240493,subestimada
7,30–34,2023,2.0955744672248455,1.0733243931704057,test,1.0222500740544398,48.7813766603197,subestimada
8,35–39,1979,8.023557714067834,7.8639962420657685,train,0.15956147200206594,1.9886623576260218,en rango
8,35–39,1980,7.222197191161621,8.207247389821124,train,0.9850501986595024,13.639203868110759,en rango
8,35–39,1981,7.931035806068266,8.439807024769244,train,0.5087712187009785,6.414940382840069,en rango
8,35–39,1982,7.592681642562474,7.835727871498459,train,0.2430462289359845,3.2010591300645945,en rango
8,35–39,1983,6.077241742547782,7.297414890684265,train,1.2201731481364826,20.077745790394466,en rango
8,35–39,1984,5.291702208307857,6.133593445119581,train,0.8418912368117235,15.909648798641252,en rango
8,35–39,1985,6.226332224747034,6.581592613281267,train,0.3552603885342336,5.70577308936751,en rango
8,35–39,1986,5.737371288029029,5.553751098733148,train,0.18362018929588064,3.2004236797259824,en rango
8,35–39,1987,6.215871470403572,5.444953656396771,train,0.7709178140068014,12.402409182324176,en rango
8,35–39,1988,5.445535568423154,5.103734750936333,train,0.34180081748682145,6.27671627872216,en rango
8,35–39,1989,4.917471679501592,4.260217003418986,train,0.6572546760826059,13.36570333129446,en rango
8,35–39,1990,3.7151662019573752,3.36077441263924,train,0.3543917893181354,9.539056129747852,en rango
8,35–39,1991,3.8158974831884738,3.353860503514689,train,0.46203697967378465,12.108212595054244,en rango
8,35–39,1992,3.8611376929965537,3.4868625420223287,train,0.37427515097422503,9.693390413221897,en rango
8,35–39,1993,3.8978228117538,3.4640636503263806,train,0.4337591614274192,11.128242159172242,en rango
8,35–39,1994,3.80924762444259,3.112027641355396,train,0.6972199830871944,18.30335152310344,en rango
8,35–39,1995,4.4404480412073575,3.1386674533645893,train,1.3017805878427682,29.316424283366104,en rango
8,35–39,1996,2.767484061021486,2.917004335103364,train,0.14952027408187796,5.4027510469812645,en rango
8,35–39,1997,2.763460479901054,2.337569410428351,train,0.4258910694727027,15.411512940758676,en rango
8,35–39,1998,3.2010755613886266,2.8836571690991564,train,0.3174183922894702,9.915991865926905,en rango
8,35–39,1999,2.5240307277633782,3.055636994723046,train,0.5316062669596677,21.061798539621606,en rango
8,35–39,2000,2.301784929586306,2.5074486420355853,train,0.20566371244927906,8.934966503853271,en rango
8,35–39,2001,2.2334474911340725,2.5939942986012015,train,0.36054680746712897,16.143061741919663,en rango
8,35–39,2002,2.4140931357131756,2.585006344498141,train,0.1709132087849654,7.079810064348405,en rango
8,35–39,2003,2.0609786134614336,2.4009054491123853,train,0.3399268356509517,16.493467396056154,en rango
8,35–39,2004,2.459894453679345,2.298658190526313,train,0.16123626315303197,6.554600865572326,en rango
8,35–39,2005,1.652036033265937,1.7286360492503223,train,0.07660001598438537,4.636703706332213,en rango
8,35–39,2006,1.7913866075937217,1.8482936717139815,train,0.05690706412025981,3.1767047871760172,en rango
8,35–39,2007,1.4931385194785012,1.9340813236126937,train,0.4409428041341925,29.53127244270664,en rango
8,35–39,2008,1.9090397121168112,1.9692176377565942,train,0.06017792563978297,3.152261592979412,en rango
8,35–39,2009,1.4361478411620487,1.6069388755034744,train,0.17079103434142562,11.892301714789424,en rango
8,35–39,2010,1.743102866652289,1.3424614472349787,train,0.40064141941731024,22.984381879123458,en rango
8,35–39,2011,1.3605321857697856,1.2424234150600346,train,0.11810877070975101,8.681071417867662,en rango
8,35–39,2012,1.448045962999395,1.3741867283030895,train,0.0738592346963054,5.100613971072979,en rango
8,35–39,2013,1.1936786756267723,1.3755863379811406,train,0.18190766235436828,15.239248724859134,en rango
8,35–39,2014,1.2994885862668748,1.27001701091605,train,0.029471575350824786,2.2679364530233923,en rango
8,35–39,2015,1.0469257501223,1.1280580308007329,train,0.08113228067843292,7.749573517410877,en rango
8,35–39,2016,1.298374095581973,1.3047806643548137,train,0.006406568772840737,0.4934301134504003,en rango
8,35–39,2017,0.9037347743283896,1.199766055893554,train,0.29603128156516434,32.75643363232979,sobreestimada
8,35–39,2018,1.6341075775384046,1.4311192582307317,train,0.20298831930767292,12.421967935149747,en rango
8,35–39,2019,1.32643273895391,1.369940104941635,test,0.0435073659877252,3.2800280564574456,en rango
8,35–39,2020,1.3227498012999754,1.3113763093703816,test,0.011373491929593804,0.8598369788765898,en rango
8,35–39,2021,1.641140796581447,1.255316067158388,test,0.385824729423059,23.50954471589185,en rango
8,35–39,2022,1.9271934254215248,1.2016523534900425,test,0.7255410719314823,37.64754810601269,subestimada
8,35–39,2023,2.1494608297965976,1.1502827187712277,test,0.9991781110253699,46.48505788867628,subestimada
9,40–44,1979,8.199255015689275,9.413046568134192,train,1.213791552444917,14.803680945675268,en rango
9,40–44,1980,9.70474321329662,9.904111721936049,train,0.199368508639429,2.0543408955558053,en rango
9,40–44,1981,9.622214642663804,10.071454180332744,train,0.4492395376689391,4.668774854356939,en rango
9,40–44,1982,9.80958008153358,9.435028721183015,train,0.3745513603505657,3.818220119897428,en rango
9,40–44,1983,9.211835366078338,8.961652549546425,train,0.2501828165319129,2.715884583143833,en rango
9,40–44,1984,6.1278002622128485,7.451364924145024,train,1.323564661932176,21.59934405979178,en rango
9,40–44,1985,8.47640744839987,8.047153658415457,train,0.4292537899844131,5.064100476498983,en rango
9,40–44,1986,7.16419189589291,6.848196535800772,train,0.31599536009213747,4.41076069267898,en rango
9,40–44,1987,6.709270534561129,6.763391340025681,train,0.05412080546455211,0.8066570752477832,en rango
9,40–44,1988,5.782381022847245,6.377217778935204,train,0.5948367560879593,10.287055691031954,en rango
9,40–44,1989,5.157186239187899,5.465909215635352,train,0.30872297644745306,5.986267746189976,en rango
9,40–44,1990,3.9360780917893408,4.2363036377890895,train,0.3002255459997487,7.627530221669616,en rango
9,40–44,1991,4.639193696956689,4.238763699880177,train,0.40042999707651195,8.631456740838264,en rango
9,40–44,1992,4.262836804577531,4.528970756529137,train,0.2661339519516064,6.243118471385667,en rango
9,40–44,1993,4.8419720883738,4.41589830994056,train,0.42607377843324024,8.799591791458244,en rango
9,40–44,1994,4.220655889925294,4.000878711448277,train,0.21977717847701683,5.20718068965596,en rango
9,40–44,1995,3.8788104464122943,4.0767657591703,train,0.1979553127580056,5.1035057137454185,en rango
9,40–44,1996,4.117186352275822,3.7864791398847126,train,0.33070721239110945,8.032359579942435,en rango
9,40–44,1997,3.748235958227491,3.0397928068135167,train,0.7084431514139742,18.900708474847217,en rango
9,40–44,1998,3.663605956499913,3.744905830565853,train,0.08129987406594008,2.219121680422511,en rango
9,40–44,1999,5.016842256145631,4.022692390004562,train,0.9941498661410693,19.816247260380486,en rango
9,40–44,2000,3.5912929103388835,3.2848885062533917,train,0.30640440408549185,8.531868932311031,en rango
9,40–44,2001,3.7992808277999712,3.3287167752077673,train,0.4705640525922039,12.385608590684011,en rango
9,40–44,2002,3.6155514869917074,3.3683158487840577,train,0.2472356382076497,6.838116926205365,en rango
9,40–44,2003,3.822065609128592,3.1184802696356635,train,0.7035853394929283,18.408510251956184,en rango
9,40–44,2004,2.819193066396024,3.11083992027917,train,0.29164685388314604,10.345047217925343,en rango
9,40–44,2005,2.763837944336304,2.225009500875936,train,0.5388284434603681,19.49565981480727,en rango
9,40–44,2006,2.0485260501874754,2.4408811379348987,train,0.39235508774742334,19.153043609648808,en rango
9,40–44,2007,2.617344268016053,2.522492106356921,train,0.09485216165913224,3.6239849231232455,en rango
9,40–44,2008,2.216382669549811,2.6100833606951404,train,0.39370069114532935,17.76320923973374,en rango
9,40–44,2009,2.069495022519555,2.0917901144698927,train,0.022295091950337742,1.0773203949625383,en rango
9,40–44,2010,1.5846151779264483,1.7466647192502798,train,0.16204954132383143,10.226428698977989,en rango
9,40–44,2011,1.413969118224717,1.6667091151836664,train,0.25273999695894944,17.874506147367104,en rango
9,40–44,2012,1.9716899908368306,1.9427028821087589,train,0.028987108728071753,1.470165637741507,en rango
9,40–44,2013,1.5971185204294025,1.8984170094870436,train,0.3012984890576411,18.8651302457274,en rango
9,40–44,2014,1.3574225955869148,1.7228351891299705,train,0.36541259354305566,26.91958972327705,en rango
9,40–44,2015,1.5299420082436055,1.5066568901485564,train,0.023285118095049073,1.5219608305141388,en rango
9,40–44,2016,1.899720326627551,1.7923611965810256,train,0.10735913004652553,5.6513123822343445,en rango
9,40–44,2017,1.8058075452090734,1.6746959543551494,train,0.131111590853924,7.260551723896143,en rango
9,40–44,2018,2.090184254881865,1.9610837924770226,train,0.12910046240484263,6.176511094814425,en rango
9,40–44,2019,1.589411341641981,1.8837697546225598,test,0.29435841298057874,18.519964295490958,en rango
9,40–44,2020,1.5278955530599927,1.809503756057547,test,0.2816082029975544,18.43111608208844,en rango
9,40–44,2021,2.403536526667854,1.7381656304607214,test,0.6653708962071327,27.682994987788707,en rango
9,40–44,2022,2.0722612514776126,1.669639948964457,test,0.40262130251315553,19.429080296997736,en rango
9,40–44,2023,2.7059547770249144,1.6038158333847203,test,1.102138943640194,40.73013167100857,subestimada
10,45–49,1979,10.448622429144692,11.535678750179267,train,1.0870563210345754,10.40382431661434,en rango
10,45–49,1980,11.7063314661581,11.604005819125229,train,0.10232564703287039,0.8741051569288311,en rango
10,45–49,1981,11.034093540171336,12.208011295443647,train,1.1739177552723117,10.639004925945946,en rango
10,45–49,1982,10.04740954663954,11.315189892894711,train,1.2677803462551704,12.61798218108062,en rango
10,45–49,1983,11.2760759255779,10.194820613913935,train,1.0812553116639645,9.588932522273257,en rango
10,45–49,1984,8.403945051920086,9.343430225502143,train,0.9394851735820566,11.179097052370759,en rango
10,45–49,1985,7.623332819464232,9.624150689287521,train,2.0008178698232895,26.24597295181331,en rango
10,45–49,1986,7.508740256171813,8.372518227086447,train,0.8637779709146338,11.503633651525648,en rango
10,45–49,1987,9.531475896979964,8.090766296149727,train,1.4407096008302371,15.115283471332324,en rango
10,45–49,1988,7.829645518613238,7.613832893170427,train,0.215812625442811,2.756352441879579,en rango
10,45–49,1989,8.312010405738432,6.247664344917945,train,2.064346060820487,24.835701112637047,en rango
10,45–49,1990,5.70885971669603,5.592801934149957,train,0.11605778254607291,2.0329415733697638,en rango
10,45–49,1991,4.459436201842444,5.543267240404202,train,1.0838310385617573,24.304216710488326,en rango
10,45–49,1992,4.76758685569589,5.266394851534365,train,0.498807995838475,10.462483661782553,en rango
10,45–49,1993,5.821117072366188,5.529379918635645,train,0.29173715373054243,5.011703941078033,en rango
10,45–49,1994,4.549979026466542,5.01919737307832,train,0.4692183466117781,10.312538670670913,en rango
10,45–49,1995,5.04683644464792,4.9032384553471475,train,0.1435979893007726,2.8453069735013052,en rango
10,45–49,1996,4.924093648150916,4.673735030851945,train,0.25035861729897135,5.084359380390448,en rango
10,45–49,1997,4.5252357312613345,4.000957165245415,train,0.5242785660159193,11.585663093617121,en rango
10,45–49,1998,5.928302037287942,4.631374671702471,train,1.2969273655854714,21.876877349163962,en rango
10,45–49,1999,4.523708130351429,4.634236601144571,train,0.11052847079314176,2.4433156960671387,en rango
10,45–49,2000,5.016934662954804,4.1089417314059435,train,0.9079929315488604,18.098560028168347,en rango
10,45–49,2001,5.325659219781241,4.459052754305755,train,0.8666064654754857,16.272285358714385,en rango
10,45–49,2002,5.842164348963226,4.259409482258461,train,1.5827548667047644,27.091926419112916,en rango
10,45–49,2003,4.332816253838041,4.0878794353687855,train,0.24493681846925508,5.6530626760894425,en rango
10,45–49,2004,3.88068760551982,3.53190009815825,train,0.34878750736157027,8.987775951495328,en rango
10,45–49,2005,3.9633549884303774,3.3561625600630856,train,0.6071924283672918,15.320162593049998,en rango
10,45–49,2006,2.653440287387994,3.2652069622430338,train,0.6117666748550397,23.05560361628689,en rango
10,45–49,2007,3.2873851940131567,3.4888503328390024,train,0.2014651388258457,6.128431167504961,en rango
10,45–49,2008,3.2368769686184775,3.3735802460514877,train,0.13670327743301014,4.223307798175477,en rango
10,45–49,2009,3.0087505749534302,3.0933655368856905,train,0.08461496193226026,2.8122956630783507,en rango
10,45–49,2010,2.9463976605602578,2.741688233703564,train,0.2047094268566938,6.947786770159473,en rango
10,45–49,2011,2.607179520604866,2.384848080726255,train,0.22233143987861093,8.527661333694047,en rango
10,45–49,2012,2.3596668579426923,2.2003823761900385,train,0.15928448175265375,6.750295331584565,en rango
10,45–49,2013,2.4814687459011453,2.3577634129869027,train,0.12370533291424257,4.985165866730229,en rango
10,45–49,2014,2.1167702178897425,2.3451862983785436,train,0.22841608048880113,10.79078298430117,en rango
10,45–49,2015,2.253256924452168,2.261572607079897,train,0.008315682627729082,0.3690516841416504,en rango
10,45–49,2016,1.8646345668066904,2.304873565597196,train,0.44023899879050554,23.609934441172772,en rango
10,45–49,2017,1.6532396638225082,2.0804924138626277,train,0.42725275004011953,25.843364358453318,en rango
10,45–49,2018,1.805756897449621,2.471301244757173,train,0.6655443473075522,36.85680770471044,sobreestimada
10,45–49,2019,2.400561229717945,2.375573860836382,test,0.024987368881562944,1.0408969607702465,en rango
10,45–49,2020,1.700187516514842,2.2835545364051972,test,0.5833670198903553,34.311922315850204,sobreestimada
10,45–49,2021,1.7852061020444812,2.1950996374833087,test,0.40989353543882756,22.960572169756926,en rango
10,45–49,2022,2.135149450130141,2.1100710938415475,test,0.02507835628859345,1.1745480526932146,en rango
10,45–49,2023,2.4274078621717816,2.0283361834865823,test,0.3990716786851993,16.44024001504853,en rango
11,50–54,1979,16.455734075337343,17.089651745822767,train,0.6339176704854239,3.852260054660786,en rango
11,50–54,1980,16.470357807394745,17.020947812539465,train,0.5505900051447199,3.342914656641642,en rango
11,50–54,1981,14.776688641148654,18.114301027672152,train,3.3376123865234977,22.587011661254376,en rango
11,50–54,1982,18.3265455299461,16.656293821790623,train,1.670251708155476,9.113838204948319,en rango
11,50–54,1983,15.3887075421992,14.713867793878944,train,0.674839748320256,4.385291919218673,en rango
11,50–54,1984,13.726303476633952,13.704215211099939,train,0.022088265534012663,0.16091925675119403,en rango
11,50–54,1985,12.787145181311882,13.992806771982895,train,1.2056615906710135,9.428700257764024,en rango
11,50–54,1986,11.474170581383689,12.111969628911588,train,0.6377990475278992,5.558563409913904,en rango
11,50–54,1987,13.352841740415077,11.616909132025906,train,1.7359326083891702,13.00047317369919,en rango
11,50–54,1988,9.95255329499275,10.879130774674428,train,0.9265774796816775,9.309947429750009,en rango
11,50–54,1989,10.304671755168297,8.712031482271671,train,1.5926402728966256,15.45551678633372,en rango
11,50–54,1990,7.309120534528463,7.997841614680923,train,0.6887210801524599,9.42276265521857,en rango
11,50–54,1991,6.690265056137406,7.9046048282917125,train,1.2143397721543066,18.15084696891516,en rango
11,50–54,1992,6.242992451884666,7.282050789861093,train,1.039058337976427,16.643594333719737,en rango
11,50–54,1993,9.466767971965307,7.804798323257487,train,1.66196964870782,17.555829546362,en rango
11,50–54,1994,7.562252700551335,7.038177418487929,train,0.5240752820634063,6.9301477061881025,en rango
11,50–54,1995,7.210193847959021,6.7975323357202955,train,0.41266151223872516,5.723306764568288,en rango
11,50–54,1996,7.596602857637472,6.495593195479456,train,1.1010096621580159,14.49344770012668,en rango
11,50–54,1997,6.395812218953251,5.580252778804461,train,0.8155594401487907,12.751460052750993,en rango
11,50–54,1998,7.237710772960454,6.435342642714318,train,0.8023681302461361,11.08593801846467,en rango
11,50–54,1999,5.796278398507816,6.335152264726396,train,0.5388738662185801,9.296894130504617,en rango
11,50–54,2000,4.705498531884458,5.674940689200805,train,0.9694421573163474,20.6023262093784,en rango
11,50–54,2001,7.4377901418441,6.293745618952826,train,1.1440445228912735,15.381511189123481,en rango
11,50–54,2002,5.8879974629143605,5.912936294005511,train,0.02493883109115025,0.4235536996785044,en rango
11,50–54,2003,6.182891041159507,5.705031645373562,train,0.47785939578594494,7.728737132917836,en rango
11,50–54,2004,5.2555839224644245,4.71816540942593,train,0.5374185130384941,10.225667042273967,en rango
11,50–54,2005,5.3769026013245975,4.769187322323158,train,0.6077152790014395,11.30233005990715,en rango
11,50–54,2006,5.128661524932083,4.504275114510888,train,0.6243864104211951,12.174451509148163,en rango
11,50–54,2007,4.456859057645596,4.873299181325336,train,0.4164401236797399,9.34380285069483,en rango
11,50–54,2008,4.157301061466397,4.62798757325739,train,0.4706865117909933,11.321925086295504,en rango
11,50–54,2009,4.1021221043976555,4.349932952129646,train,0.2478108477319907,6.041040257342085,en rango
11,50–54,2010,3.44057024620982,3.8747038266963294,train,0.4341335804865092,12.618070535393274,en rango
11,50–54,2011,3.83510886230442,3.26603167252458,train,0.5690771897798399,14.838618933958914,en rango
11,50–54,2012,2.8200524529756255,2.838707815284553,train,0.018655362308927614,0.6615253659286762,en rango
11,50–54,2013,3.377610495547117,3.1226536344445766,train,0.25495686110254034,7.548438798335791,en rango
11,50–54,2014,3.1001491559262644,3.1711275358601667,train,0.07097837993390232,2.2895149995676696,en rango
11,50–54,2015,3.0709736123748863,3.1195563106568476,train,0.04858269828196127,1.581996604796309,en rango
11,50–54,2016,3.088293952004191,3.0721351720384447,train,0.01615877996574655,0.5232267464455606,en rango
11,50–54,2017,2.3079805939130127,2.730723224518533,train,0.4227426306055202,18.316559147873548,en rango
11,50–54,2018,2.574267620861865,3.295244645564466,train,0.7209770247026013,28.007073501597247,en rango
11,50–54,2019,2.727041900261759,3.159061581356528,test,0.43201968109476896,15.842062457980601,en rango
11,50–54,2020,2.367479428424905,3.028506574841376,test,0.6610271464164708,27.921135807133712,en rango
11,50–54,2021,2.607542098223938,2.9033470344439927,test,0.29580493622005477,11.344205580478832,en rango
11,50–54,2022,2.71004766431832,2.783359980935901,test,0.07331231661758109,2.7052039557400893,en rango
11,50–54,2023,3.174217275893948,2.6683316501842533,test,0.5058856257096949,15.937334521853844,en rango
12,55–59,1979,17.85788078610096,19.90287179014447,train,2.04499100404351,11.451476401584868,en rango
12,55–59,1980,19.26534806062163,20.264376991106058,train,0.9990289304844282,5.185626168501171,en rango
12,55–59,1981,18.859690783668334,21.09569479535907,train,2.236004011690735,11.855995081462398,en rango
12,55–59,1982,19.877870364480632,19.647387028516466,train,0.23048333596416626,1.1594971279016504,en rango
12,55–59,1983,19.251928699015856,18.00568898618949,train,1.246239712826366,6.473323957874791,en rango
12,55–59,1984,15.109544195416772,16.105518147674402,train,0.9959739522576303,6.591687607358416,en rango
12,55–59,1985,17.863501270226816,16.792081033510343,train,1.0714202367164738,5.9978176758786645,en rango
12,55–59,1986,14.15439662243611,14.572023491629055,train,0.41762686919294545,2.950509868650747,en rango
12,55–59,1987,14.63378941977025,14.177634234789016,train,0.45615518498123464,3.1171364565692667,en rango
12,55–59,1988,14.790857278087838,13.369500562118963,train,1.4213567159688747,9.609697999551164,en rango
12,55–59,1989,12.2016744122325,11.15701931397027,train,1.0446550982622291,8.56157165786144,en rango
12,55–59,1990,9.758749033306716,9.629944786468988,train,0.12880424683772773,1.3198848171842257,en rango
12,55–59,1991,9.482170427584046,9.571471951211626,train,0.08930152362757937,0.9417835748638028,en rango
12,55–59,1992,10.032905904517138,9.401200787694194,train,0.6317051168229444,6.296332516569605,en rango
12,55–59,1993,10.5500035332559,9.661772399306322,train,0.8882311339495779,8.419249634843066,en rango
12,55–59,1994,9.654552316458672,8.787209989625243,train,0.8673423268334286,8.98376536170217,en rango
12,55–59,1995,9.708303550098178,8.688480183992786,train,1.019823366105392,10.504650589495409,en rango
12,55–59,1996,7.407914986767612,8.233458293989136,train,0.8255433072215235,11.144071019931385,en rango
12,55–59,1997,7.268811414726074,6.953229672815528,train,0.3155817419105462,4.34158659380268,en rango
12,55–59,1998,8.148108338635383,8.15640677272614,train,0.008298434090756146,0.10184491597157554,en rango
12,55–59,1999,8.436591082606755,8.320557127269344,train,0.11603395533741079,1.3753654076778885,en rango
12,55–59,2000,7.715683493018512,7.235756257968323,train,0.4799272350501891,6.220151921530325,en rango
12,55–59,2001,7.495052878757088,7.691223086496015,train,0.1961702077389269,2.6173292025053465,en rango
12,55–59,2002,6.090559187608535,7.471740461195319,train,1.381181273586784,22.677413206932588,en rango
12,55–59,2003,6.140550050481034,7.108306123474264,train,0.9677560729932306,15.760087696336248,en rango
12,55–59,2004,5.629053605065599,6.410351229595261,train,0.7812976245296621,13.879733243729826,en rango
12,55–59,2005,4.950018018065586,5.645032965330955,train,0.6950149472653688,14.040654897191127,en rango
12,55–59,2006,5.8393567567704805,5.678582782049093,train,0.16077397472138788,2.7532822777950234,en rango
12,55–59,2007,6.960777848606745,6.002600241638088,train,0.9581776069686567,13.765381223313188,en rango
12,55–59,2008,6.70045498440381,5.91737307237581,train,0.7830819120279999,11.686996089828618,en rango
12,55–59,2009,5.771718353724852,5.24191262764014,train,0.529805726084712,9.179341291710728,en rango
12,55–59,2010,4.466277156462948,4.585052919838278,train,0.11877576337532947,2.659390790458546,en rango
12,55–59,2011,3.670013369334417,4.104559841518575,train,0.4345464721841581,11.840460196006484,en rango
12,55–59,2012,4.240937772316168,4.044238590072535,train,0.19669918224363325,4.638105834224654,en rango
12,55–59,2013,3.794224606422163,4.218729710419662,train,0.4245051039974994,11.188191212480557,en rango
12,55–59,2014,4.736504947068385,4.093257408747548,train,0.6432475383208365,13.580636893855006,en rango
12,55–59,2015,4.253820972061447,3.8470958711666374,train,0.4067251008948092,9.561406170267338,en rango
12,55–59,2016,3.8896680364999456,4.087523532222998,train,0.1978554957230525,5.086693616689447,en rango
12,55–59,2017,3.0854844020310095,3.734088429752218,train,0.6486040277212086,21.021141033617518,en rango
12,55–59,2018,4.650268130232872,4.399165395288824,train,0.2511027349440482,5.399747453518851,en rango
12,55–59,2019,3.7650140164923984,4.232149612101137,test,0.4671355956087382,12.407273746192741,en rango
12,55–59,2020,3.378834977699689,4.071474638891564,test,0.6926396611918748,20.49936341263473,en rango
12,55–59,2021,4.204017873304137,3.916899744691971,test,0.2871181286121658,6.829612462767814,en rango
12,55–59,2022,4.140904235454882,3.7681933379658368,test,0.3727108974890454,9.00071279837513,en rango
12,55–59,2023,4.816564735009296,3.6251326196266316,test,1.1914321153826641,24.736138325365303,en rango
13,60–64,1979,25.13175693156031,27.729514888237148,train,2.597757956676837,10.33655531426292,en rango
13,60–64,1980,28.463134835994698,28.788991647058463,train,0.3258568110637654,1.1448380965110154,en rango
13,60–64,1981,28.224767320978714,29.51057307518986,train,1.2858057542111467,4.555593814427805,en rango
13,60–64,1982,24.884864888819195,27.639438082283846,train,2.754573193464651,11.069271244877383,en rango
13,60–64,1983,24.809586424194308,25.95359300649628,train,1.144006582301973,4.611147331284562,en rango
13,60–64,1984,22.5584118878031,22.276092478597704,train,0.282319409205396,1.2515039206196987,en rango
13,60–64,1985,27.93727691147941,23.700198729161055,train,4.237078182318356,15.166396480744131,en rango
13,60–64,1986,20.709775013806517,20.407063857539033,train,0.3027111562674847,1.4616824956605141,en rango
13,60–64,1987,19.01926853622234,20.052649203500774,train,1.0333806672784327,5.433335489797367,en rango
13,60–64,1988,17.860381658357205,18.940562156809484,train,1.080180498452279,6.047913863849837,en rango
13,60–64,1989,14.546793966683838,16.14966682476942,train,1.6028728580855809,11.018736236703434,en rango
13,60–64,1990,12.919930025658982,13.110046998318122,train,0.19011697265914052,1.4715015660422943,en rango
13,60–64,1991,13.928957298334424,13.08581494983495,train,0.8431423484994749,6.053161987942162,en rango
13,60–64,1992,12.46288625783512,13.536374989364608,train,1.0734887315294888,8.613484142604703,en rango
13,60–64,1993,14.309017542855507,13.461974934911693,train,0.8470426079438145,5.9196419698761416,en rango
13,60–64,1994,12.258163937182164,12.248537625938512,train,0.009626311243652097,0.07852979690092918,en rango
13,60–64,1995,12.483422244313171,12.339011227805875,train,0.1444110165072967,1.1568223334997998,en rango
13,60–64,1996,13.71375129549987,11.56864231397676,train,2.1451089815231104,15.64202919610349,en rango
13,60–64,1997,10.153303851964829,9.519357759713639,train,0.6339460922511897,6.243741953300362,en rango
13,60–64,1998,12.660323519959483,11.45206240062565,train,1.2082611193338337,9.543682808965853,en rango
13,60–64,1999,13.223525180236647,12.048914623115571,train,1.1746105571210759,8.882733923905569,en rango
13,60–64,2000,10.302268559536811,10.124743301518482,train,0.17752525801832952,1.723166669480717,en rango
13,60–64,2001,13.50614529610973,10.434792790402053,train,3.0713525057076776,22.74040770605615,en rango
13,60–64,2002,12.099295530617026,10.400718025383313,train,1.6985775052337129,14.038647960416343,en rango
13,60–64,2003,9.239668603886074,9.746214735185902,train,0.5065461312998281,5.48229761278215,en rango
13,60–64,2004,10.231620554069178,9.374457176096593,train,0.8571633779725847,8.377591540293054,en rango
13,60–64,2005,6.546080964685617,7.299501111219926,train,0.7534201465343093,11.509484080609646,en rango
13,60–64,2006,6.688316996499781,7.739720309363094,train,1.0514033128633136,15.719998220980674,en rango
13,60–64,2007,8.787200136795333,8.056518158974058,train,0.7306819778212752,8.31529914473705,en rango
13,60–64,2008,6.834548490741844,8.183368394635886,train,1.348819903894042,19.735318371376962,en rango
13,60–64,2009,6.195687509931323,6.844065167732977,train,0.648377657801654,10.464983212312479,en rango
13,60–64,2010,5.880224036535791,5.842051335618342,train,0.03817270091744973,0.6491708594820541,en rango
13,60–64,2011,4.97738987020447,5.454701103928837,train,0.47731123372436723,9.589589045086385,en rango
13,60–64,2012,5.559657059665463,5.956457120160976,train,0.3968000604955124,7.137131953232179,en rango
13,60–64,2013,6.091886787878637,5.963817934947,train,0.12806885293163628,2.1022855051486173,en rango
13,60–64,2014,5.439041198645141,5.560336489823916,train,0.12129529117877524,2.2300859057473175,en rango
13,60–64,2015,5.629530910720235,5.01046789307777,train,0.619063017642465,10.996706962983223,en rango
13,60–64,2016,5.9033277665504205,5.693100238470825,train,0.21022752807959577,3.5611698417084705,en rango
13,60–64,2017,4.926006613561137,5.2865322694028265,train,0.3605256558416894,7.318822001764551,en rango
13,60–64,2018,5.711624245741076,6.17588053803938,train,0.46425629229830445,8.128270914258433,en rango
13,60–64,2019,5.364521760405418,5.942566678218874,test,0.5780449178134566,10.775329910671692,en rango
13,60–64,2020,4.980758796842102,5.7180670039787165,test,0.7373082071366142,14.803130149648721,en rango
13,60–64,2021,5.706446366654147,5.502048530953964,test,0.204397835700183,3.5818760497704862,en rango
13,60–64,2022,6.751371457285795,5.294190854340914,test,1.4571806029448808,21.583475478487458,en rango
13,60–64,2023,6.016609355168794,5.094185673663498,test,0.922423681505296,15.331287558379595,en rango
14,65–69,1979,31.9888399836448,34.80713046420422,train,2.818290480559419,8.810230324076615,en rango
14,65–69,1980,30.251834890139296,35.899684057103705,train,5.647849166964409,18.66944331633037,en rango
14,65–69,1981,32.512468757549556,36.82669047938984,train,4.314221721840283,13.269437501077183,en rango
14,65–69,1982,31.617706794074316,34.64312515712274,train,3.0254183630484235,9.568746976980117,en rango
14,65–69,1983,28.464053966134195,32.55641031261639,train,4.092356346482198,14.377278624299894,en rango
14,65–69,1984,29.397783282043584,28.507593440123745,train,0.8901898419198382,3.0280849184420435,en rango
14,65–69,1985,37.38240972764244,30.06630751893397,train,7.316102208708468,19.570975391932997,en rango
14,65–69,1986,28.63033662515931,26.246091514612196,train,2.3842451105471127,8.327688010667412,en rango
14,65–69,1987,26.149672263850196,25.781491302183845,train,0.3681809616663507,1.4079754344582402,en rango
14,65–69,1988,27.08554021738929,24.459129225063286,train,2.6264109923260044,9.696727372783993,en rango
14,65–69,1989,21.34039180242025,21.048998274873938,train,0.29139352754631176,1.3654553779713843,en rango
14,65–69,1990,20.91478865692487,17.575673496825186,train,3.3391151600996842,15.96533063217976,en rango
14,65–69,1991,18.2940925049103,17.53249326484804,train,0.7615992400622602,4.163088384175603,en rango
14,65–69,1992,16.932934397658784,17.918117768044432,train,0.9851833703856485,5.818149100736279,en rango
14,65–69,1993,21.203205064185788,17.933278970187533,train,3.2699260939982544,15.421848178610825,en rango
14,65–69,1994,13.356425108298348,16.442924041292187,train,3.0864989329938393,23.10872039462264,en rango
14,65–69,1995,15.973889167112784,16.49893394554137,train,0.5250447784285868,3.286893836158289,en rango
14,65–69,1996,15.671195922130948,15.581004494324679,train,0.09019142780626943,0.5755235800408863,en rango
14,65–69,1997,14.454453471659724,13.089307266405832,train,1.3651462052538914,9.444467810079985,en rango
14,65–69,1998,15.318096932917392,15.438867833531743,train,0.12077090061435136,0.788419743935842,en rango
14,65–69,1999,16.56119230152324,16.086208545667887,train,0.4749837558553516,2.8680528986531018,en rango
14,65–69,2000,14.835220347783604,13.797035714945121,train,1.0381846328384832,6.998107264335908,en rango
14,65–69,2001,14.046599594153601,14.263221649148093,train,0.21662205499449172,1.5421672237646253,en rango
14,65–69,2002,14.384721213037722,14.15499513510835,train,0.22972607792937083,1.5970144608792036,en rango
14,65–69,2003,14.43426694973868,13.37169840924917,train,1.0625685404895098,7.361430574822137,en rango
14,65–69,2004,15.48056602578687,12.754280799349985,train,2.726285226436884,17.611017723095877,en rango
14,65–69,2005,11.153931077811189,10.364508779690608,train,0.7894222981205807,7.0775253371522036,en rango
14,65–69,2006,11.12573735548934,10.833774130486557,train,0.2919632250027835,2.624214608650018,en rango
14,65–69,2007,12.641378951360437,11.271143415196379,train,1.3702355361640581,10.839288509870961,en rango
14,65–69,2008,10.010449683700434,11.372578347481909,train,1.3621286637814745,13.607067682477517,en rango
14,65–69,2009,9.506066732588463,9.752547949532039,train,0.24648121694357528,2.5928833015509394,en rango
14,65–69,2010,7.886887017526728,8.470969014948011,train,0.5840819974212828,7.405735572518024,en rango
14,65–69,2011,6.741530615088265,7.894146599853476,train,1.1526159847652115,17.09724468484255,en rango
14,65–69,2012,7.91798346174237,8.401434148706784,train,0.48345068696441373,6.10572994121952,en rango
14,65–69,2013,7.255368354226871,8.473171460987684,train,1.2178031067608135,16.78485567243928,en rango
14,65–69,2014,7.112493569120398,8.002717864791558,train,0.8902242956711603,12.51634587813419,en rango
14,65–69,2015,7.501585562402962,7.328633238883125,train,0.17295232351983714,2.3055435691709394,en rango
14,65–69,2016,8.20823045805558,8.14124497140805,train,0.06698548664753012,0.8160770703238526,en rango
14,65–69,2017,8.143220455769786,7.58377973397262,train,0.5594407217971655,6.870018131472546,en rango
14,65–69,2018,8.595047004989755,8.760184388440548,train,0.16513738345079254,1.9213086717841559,en rango
14,65–69,2019,8.600868114288335,8.455703695895894,test,0.14516441839244187,1.6877879821373503,en rango
14,65–69,2020,6.87269618939678,8.161805941794297,test,1.2891097523975166,18.756972763998494,en rango
14,65–69,2021,7.420009331403735,7.878123291363807,test,0.4581139599600723,6.1740348225870125,en rango
14,65–69,2022,8.853739670157953,7.604300694790169,test,1.2494389753677844,14.111991338293937,en rango
14,65–69,2023,7.849123152742266,7.3399954428456295,test,0.509127709896636,6.486427846641201,en rango
15,70–74,1979,40.05798223190856,47.371669005340756,train,7.313686773432195,18.257751304324085,en rango
15,70–74,1980,45.5125008784582,48.73758282571764,train,3.22508194725944,7.0861453117508715,en rango
15,70–74,1981,47.849869396075654,50.09475200617258,train,2.244882610096923,4.69151251284509,en rango
15,70–74,1982,46.4358866709922,47.090405519462365,train,0.6545188484701683,1.4095108231863192,en rango
15,70–74,1983,47.96573352438156,44.11667215182513,train,3.8490613725564344,8.02460650497487,en rango
15,70–74,1984,44.90899324603964,38.83322056429133,train,6.075772681748312,13.529077903085952,en rango
15,70–74,1985,46.36188764873239,40.85137650591835,train,5.510511142814039,11.88586449405432,en rango
15,70–74,1986,33.64859190375947,35.69567485758438,train,2.047082953824912,6.083710604235409,en rango
15,70–74,1987,36.62727439214884,35.01944509438066,train,1.607829297768184,4.3897050065860945,en rango
15,70–74,1988,31.382722765027093,33.216129437833146,train,1.8334066728060527,5.842089249340727,en rango
15,70–74,1989,28.74606632776567,28.506365794744084,train,0.2397005330215869,0.8338550752944636,en rango
15,70–74,1990,22.331235329956137,23.988685009104294,train,1.6574496791481579,7.422113710497598,en rango
15,70–74,1991,26.386702969788395,23.91681703856781,train,2.4698859312205848,9.360343101783101,en rango
15,70–74,1992,29.661921508263767,24.28213708137814,train,5.379784426885628,18.137005808564453,en rango
15,70–74,1993,22.39554845406113,24.40461863195814,train,2.0090701778970086,8.97084606799478,en rango
15,70–74,1994,23.761781883517244,22.375034363015143,train,1.3867475205021016,5.836041788869554,en rango
15,70–74,1995,19.45966332776292,22.397950835229725,train,2.9382875074668036,15.099374834891291,en rango
15,70–74,1996,19.639367304304297,21.180468813449203,train,1.5411015091449052,7.847001816637682,en rango
15,70–74,1997,18.628912071535023,17.851908812859556,train,0.7770032586754674,4.170953492569908,en rango
15,70–74,1998,19.85463570288956,20.989169355288553,train,1.1345336523989928,5.71420029748457,en rango
15,70–74,1999,21.733438520894047,21.7834675552574,train,0.0500290343633516,0.23019382927029602,en rango
15,70–74,2000,16.26777420329406,18.765011837469093,train,2.4972376341750326,15.350825521474027,en rango
15,70–74,2001,20.836092635006572,19.475616077044798,train,1.3604765579617748,6.529422679164172,en rango
15,70–74,2002,18.59345258354448,19.2646838586345,train,0.6712312750900189,3.6100410726519394,en rango
15,70–74,2003,20.179116616809356,18.233625592367314,train,1.9454910244420418,9.641110963308638,en rango
15,70–74,2004,20.05872833695044,17.249368309498923,train,2.8093600274515182,14.005673641216626,en rango
15,70–74,2005,17.14160740990312,14.23847473231775,train,2.9031326775853703,16.936175284869496,en rango
15,70–74,2006,15.175208622987116,14.783744734255986,train,0.3914638887311295,2.5796277234577683,en rango
15,70–74,2007,14.547632196311117,15.410810891392371,train,0.8631786950812543,5.9334652088615005,en rango
15,70–74,2008,14.3247137123322,15.490349562065242,train,1.165635849733043,8.137236618764273,en rango
15,70–74,2009,13.122885106462752,13.381192413793658,train,0.2583073073309059,1.9683728481604619,en rango
15,70–74,2010,11.15137998327293,11.65878687681787,train,0.5074068935449407,4.5501713178642555,en rango
15,70–74,2011,10.399191118339036,10.806679680113097,train,0.4074885617740609,3.918464014527556,en rango
15,70–74,2012,10.371192204722512,11.351555388724012,train,0.9803631840015008,9.452753016717725,en rango
15,70–74,2013,12.036828064327588,11.508464005070433,train,0.5283640592571555,4.389562237106452,en rango
15,70–74,2014,11.415588373832811,10.924747447435134,train,0.4908409263976772,4.2997426880142156,en rango
15,70–74,2015,9.538374470222784,10.058243758718621,train,0.5198692884958369,5.450292291614072,en rango
15,70–74,2016,11.53999163856746,11.078536729366181,train,0.4614549092012794,3.9987456113838484,en rango
15,70–74,2017,10.826119947609312,10.298387785150826,train,0.5277321624584861,4.874619577580267,en rango
15,70–74,2018,10.586396659722707,11.908865520041656,train,1.3224688603189492,12.492152928205025,en rango
15,70–74,2019,9.211813160323429,11.494610973295472,test,2.282797812972044,24.78119967526452,en rango
15,70–74,2020,8.419280151547044,11.094766433044942,test,2.675486281497898,31.77808830849128,sobreestimada
15,70–74,2021,8.600999627290017,10.708830641575888,test,2.107831014285871,24.506814389317693,en rango
15,70–74,2022,11.404432779730316,10.336319777619776,test,1.0681130021105396,9.365770509945499,en rango
15,70–74,2023,12.964215784156238,9.976766849820258,test,2.98744893433598,23.043807539727823,en rango
16,75–79,1979,37.44803492621789,49.504069522348175,train,12.056034596130281,32.194038004620865,sobreestimada
16,75–79,1980,54.84075089643535,50.14290716748378,train,4.697843728951575,8.56633735344593,en rango
16,75–79,1981,48.26501204304868,51.51555743568244,train,3.250545392633761,6.734786245851393,en rango
16,75–79,1982,43.31737349253236,49.08268493359878,train,5.765311441066416,13.30946679410357,en rango
16,75–79,1983,38.16899206268912,46.276685755488586,train,8.107693692799465,21.24157137679536,en rango
16,75–79,1984,38.250146853242384,42.836703993048204,train,4.586557139805819,11.990953021444483,en rango
16,75–79,1985,49.346051636794954,44.099145245542445,train,5.246906391252509,10.63287987025115,en rango
16,75–79,1986,47.09917931901696,40.02333269158224,train,7.075846627434721,15.023290702175245,en rango
16,75–79,1987,41.99934001037126,39.29174082068068,train,2.7075991896905833,6.446766042090118,en rango
16,75–79,1988,43.01586261143157,37.75099273473481,train,5.264869876696764,12.239368356401648,en rango
16,75–79,1989,31.763460256460533,33.38683768210606,train,1.6233774256455291,5.110833053257609,en rango
16,75–79,1990,36.19104347072107,30.14523759068528,train,6.04580588003579,16.705254395129305,en rango
16,75–79,1991,29.453153123670525,30.02373739461024,train,0.5705842709397153,1.9372603963449864,en rango
16,75–79,1992,33.76002250668167,29.700773798785498,train,4.059248707896174,12.023832943514124,en rango
16,75–79,1993,35.04402618435199,30.23257564124987,train,4.811450543102122,13.729731046858284,en rango
16,75–79,1994,26.19426442624859,28.337579721913563,train,2.143315295664973,8.182383978368991,en rango
16,75–79,1995,28.313354978688043,28.13444916075644,train,0.17890581793160365,0.6318778472783221,en rango
16,75–79,1996,30.187130903708915,27.112468877551315,train,3.0746620261576005,10.185340355680623,en rango
16,75–79,1997,27.400171111272655,24.14206247880917,train,3.258108632463486,11.890833160246482,en rango
16,75–79,1998,31.87835220797437,26.938534490116197,train,4.939817717858173,15.495837694592248,en rango
16,75–79,1999,27.706445083516975,27.330640392907885,train,0.3758046906090904,1.3563800389269818,en rango
16,75–79,2000,26.8167090239456,24.822167251985682,train,1.9945417719599163,7.437682864735261,en rango
16,75–79,2001,22.589829870343788,25.855873311327933,train,3.266043440984145,14.458025844948253,en rango
16,75–79,2002,24.045808388616223,25.368099076372562,train,1.3222906877563396,5.499048592528663,en rango
16,75–79,2003,26.533724795657964,24.509196154152935,train,2.0245286415050288,7.63002050068872,en rango
16,75–79,2004,21.44354622125159,22.88105141127778,train,1.4375051900261901,6.703672868256991,en rango
16,75–79,2005,22.414235260621016,20.90839628139993,train,1.5058389792210853,6.7182259921517575,en rango
16,75–79,2006,21.21861658549236,21.023697652708854,train,0.19491893278350503,0.9186222485247952,en rango
16,75–79,2007,23.004459030975504,21.825742447927333,train,1.1787165830481712,5.123861341234016,en rango
16,75–79,2008,20.43368145577795,21.631702227535953,train,1.198020771758003,5.862970773772356,en rango
16,75–79,2009,17.622471588353747,19.882938691171297,train,2.2604671028175503,12.827185400664437,en rango
16,75–79,2010,16.5427459160096,18.134719251286086,train,1.591973335276485,9.623392291456392,en rango
16,75–79,2011,14.058296239932941,16.834879160964075,train,2.7765829210311335,19.750493755738198,en rango
16,75–79,2012,16.643417356853742,16.713121122911122,train,0.06970376605737982,0.41880681450721347,en rango
16,75–79,2013,15.871928572979964,17.182362465071737,train,1.3104338920917726,8.256299075857912,en rango
16,75–79,2014,19.618429650094768,16.8134333165551,train,2.8049963335396697,14.297761765688112,en rango
16,75–79,2015,18.17631970266048,16.097940721994217,train,2.078378980666262,11.434542386278826,en rango
16,75–79,2016,16.920090341196644,16.80897795505681,train,0.11111238613983332,0.6566890832095585,en rango
16,75–79,2017,14.928618015798246,15.810197503408821,train,0.8815794876105745,5.905298713368115,en rango
16,75–79,2018,13.817181418358343,17.677089534014293,train,3.8599081156559496,27.935568035080166,en rango
16,75–79,2019,14.446849554879211,17.21642715377403,test,2.76957759889482,19.170806675697925,en rango
16,75–79,2020,10.808974537144268,16.767769568110374,test,5.958795030966106,55.12821785719944,sobreestimada
16,75–79,2021,9.887376960317884,16.33080393382406,test,6.4434269735061775,65.16821396985574,sobreestimada
16,75–79,2022,12.799137360795223,15.905225560364071,test,3.1060881995688483,24.267949565749984,en rango
16,75–79,2023,15.638413630572552,15.49073769737073,test,0.14767593320182293,0.944315303907307,en rango
17,≥80,1979,50.671518263462936,47.01145325491217,train,3.6600650085507667,7.223120865493946,en rango
17,≥80,1980,46.75424684408834,47.88245173854497,train,1.1282048944566299,2.4130532959259536,en rango
17,≥80,1981,65.51477139712433,48.42173510845459,train,17.093036288669744,26.090354776724467,en rango
17,≥80,1982,40.50476452951837,46.953955020421745,train,6.449190490903376,15.922054024541843,en rango
17,≥80,1983,57.306819912316556,45.61376412370533,train,11.693055788611225,20.40430058150569,en rango
17,≥80,1984,34.84792751631076,42.37852375032037,train,7.530596234009607,21.60988262640546,en rango
17,≥80,1985,29.984483030031956,43.666965959618004,train,13.682482929586048,45.631878715007026,sobreestimada
17,≥80,1986,32.10255838818626,40.67533008789583,train,8.57277169970957,26.70432554330109,en rango
17,≥80,1987,28.6206528875994,40.352872300903705,train,11.732219413304303,40.99214458656733,sobreestimada
17,≥80,1988,32.397153762782146,39.28118712863948,train,6.884033365857334,21.24888320827033,en rango
17,≥80,1989,30.573466511353455,36.45554717605431,train,5.8820806647008546,19.2391682589102,en rango
17,≥80,1990,33.88150258189599,32.9678547103635,train,0.9136478715324898,2.6965978540180866,en rango
17,≥80,1991,35.30377146055837,32.943576716822044,train,2.3601947437363293,6.685389821235263,en rango
17,≥80,1992,33.778939150109146,33.53138040705227,train,0.24755874305687797,0.732878975141166,en rango
17,≥80,1993,37.38623118514353,33.408442358944306,train,3.977788826199223,10.639716013364591,en rango
17,≥80,1994,33.14099168997377,31.949931217361687,train,1.1910604726120795,3.593919227747232,en rango
17,≥80,1995,35.82314296469903,32.0807214157627,train,3.7424215489363277,10.446938038418901,en rango
17,≥80,1996,36.12032212221696,31.107051691345063,train,5.0132704308718985,13.879362465010592,en rango
17,≥80,1997,34.487317289066944,28.344362259499366,train,6.142955029567577,17.812214786317977,en rango
17,≥80,1998,35.30523740687202,30.95774755730388,train,4.347489849568138,12.3140082573752,en rango
17,≥80,1999,41.49802621729732,31.74205022464468,train,9.755975992652644,23.509494021636456,en rango
17,≥80,2000,37.56069410172729,29.203300057196767,train,8.357394044530526,22.250371683483337,en rango
17,≥80,2001,33.962103952339845,29.592947539061754,train,4.369156413278091,12.864799010713455,en rango
17,≥80,2002,33.366998918371785,29.57190423053008,train,3.7950946878417042,11.373796897725,en rango
17,≥80,2003,36.0244288008951,28.663068546185585,train,7.361360254709517,20.434356628929002,en rango
17,≥80,2004,31.60733290123309,28.199984322893673,train,3.407348578339416,10.780247067940635,en rango
17,≥80,2005,27.789982837807894,24.954673303177287,train,2.835309534630607,10.202631470405972,en rango
17,≥80,2006,25.884230121443135,25.699022155067112,train,0.18520796637602288,0.7155243385917514,en rango
17,≥80,2007,26.651335164844372,26.177908277065754,train,0.4734268877786185,1.7763721211352792,en rango
17,≥80,2008,24.146147736298648,26.397601665966466,train,2.251453929667818,9.324277952144024,en rango
17,≥80,2009,24.613210196815082,24.213786821052615,train,0.399423375762467,1.6228008153692681,en rango
17,≥80,2010,19.30223848347786,22.450224339801014,train,3.147985856323153,16.30891597893029,en rango
17,≥80,2011,18.886522329521565,21.76362591213594,train,2.8771035826143745,15.23363344726079,en rango
17,≥80,2012,20.255617955215225,22.763950009403512,train,2.508332054188287,12.3833894366203,en rango
17,≥80,2013,20.534640407835813,22.74690337298302,train,2.2122629651472074,10.7733221581179,en rango
17,≥80,2014,20.569390283857587,21.977514578823854,train,1.4081242949662673,6.845726954149598,en rango
17,≥80,2015,20.615583712973876,20.893320353227217,train,0.277736640253341,1.3472169603354707,en rango
17,≥80,2016,19.58703614729912,22.242088326309453,train,2.655052179010333,13.555150248581338,en rango
17,≥80,2017,21.28828687248316,21.487992588897917,train,0.19970571641475843,0.9381013963734879,en rango
17,≥80,2018,18.805958746386953,23.120502048339787,train,4.314543301952835,22.942426707076315,en rango
17,≥80,2019,18.87613232839488,22.703573780271757,test,3.827441451876876,20.27661909383499,en rango
17,≥80,2020,14.119935291422372,22.294163912122077,test,8.174228620699704,57.891402842797824,sobreestimada
17,≥80,2021,15.414272502052142,21.89213686580306,test,6.477864363750918,42.025106036554774,sobreestimada
17,≥80,2022,19.795935357945663,21.497359508084575,test,1.7014241501389122,8.594815649647982,en rango
17,≥80,2023,22.3240017786008,21.109701106506485,test,1.2143006720943141,5.439439954078084,en rango
