ano,sexo,gr_et,edad_grupo,conteo_defunciones
1979,1,1,2,1
1979,1,1,4,9
1979,1,1,5,31
1979,1,1,6,42
1979,1,1,7,14
1979,1,2,8,23
1979,1,3,9,15
1979,1,4,10,24
1979,1,5,11,51
1979,1,6,12,54
1979,1,7,13,44
1979,1,8,14,67
1979,1,9,15,56
1979,1,10,16,61
1979,1,11,17,87
1979,1,12,18,78
1979,1,13,19,85
1979,1,14,20,94
1979,1,15,21,70
1979,1,16,22,53
1979,1,17,23,36
1979,1,17,24,31
1979,2,1,4,10
1979,2,1,5,13
1979,2,1,6,41
1979,2,1,7,14
1979,2,2,8,18
1979,2,3,9,16
1979,2,4,10,24
1979,2,5,11,39
1979,2,6,12,48
1979,2,7,13,44
1979,2,8,14,50
1979,2,9,15,44
1979,2,10,16,50
1979,2,11,17,56
1979,2,12,18,43
1979,2,13,19,51
1979,2,14,20,39
1979,2,15,21,48
1979,2,16,22,26
1979,2,17,23,16
1979,2,17,24,22
1980,1,1,2,1
1980,1,1,4,9
1980,1,1,5,22
1980,1,1,6,51
1980,1,1,7,13
1980,1,2,8,17
1980,1,3,9,6
1980,1,4,10,25
1980,1,5,11,47
1980,1,6,12,59
1980,1,7,13,48
1980,1,8,14,67
1980,1,9,15,76
1980,1,10,16,72
1980,1,11,17,86
1980,1,12,18,85
1980,1,13,19,101
1980,1,14,20,88
1980,1,15,21,95
1980,1,16,22,74
1980,1,17,23,36
1980,1,17,24,25
1980,2,1,2,1
1980,2,1,3,1
1980,2,1,4,9
1980,2,1,5,22
1980,2,1,6,18
1980,2,1,7,7
1980,2,2,8,21
1980,2,3,9,13
1980,2,4,10,18
1980,2,5,11,59
1980,2,6,12,50
1980,2,7,13,51
1980,2,8,14,42
1980,2,9,15,45
1980,2,10,16,55
1980,2,11,17,62
1980,2,12,18,50
1980,2,13,19,57
1980,2,14,20,42
1980,2,15,21,41
1980,2,16,22,43
1980,2,17,23,19
1980,2,17,24,22
1981,1,1,1,1
1981,1,1,2,2
1981,1,1,4,15
1981,1,1,5,19
1981,1,1,6,34
1981,1,1,7,13
1981,1,2,8,20
1981,1,3,9,21
1981,1,4,10,31
1981,1,5,11,45
1981,1,6,12,64
1981,1,7,13,60
1981,1,8,14,72
1981,1,9,15,76
1981,1,10,16,85
1981,1,11,17,85
1981,1,12,18,88
1981,1,13,19,102
1981,1,14,20,101
1981,1,15,21,105
1981,1,16,22,70
1981,1,17,23,46
1981,1,17,24,45
1981,2,1,3,1
1981,2,1,4,6
1981,2,1,5,23
1981,2,1,6,35
1981,2,1,7,14
1981,2,2,8,24
1981,2,3,9,14
1981,2,4,10,25
1981,2,5,11,45
1981,2,6,12,52
1981,2,7,13,40
1981,2,8,14,52
1981,2,9,15,47
1981,2,10,16,37
1981,2,11,17,52
1981,2,12,18,49
1981,2,13,19,59
1981,2,14,20,43
1981,2,15,21,41
1981,2,16,22,34
1981,2,17,23,25
1981,2,17,24,34
1982,1,1,3,1
1982,1,1,4,13
1982,1,1,5,11
1982,1,1,6,39
1982,1,1,7,6
1982,1,2,8,16
1982,1,3,9,13
1982,1,4,10,16
1982,1,5,11,42
1982,1,6,12,53
1982,1,7,13,65
1982,1,8,14,78
1982,1,9,15,80
1982,1,10,16,62
1982,1,11,17,108
1982,1,12,18,99
1982,1,13,19,109
1982,1,14,20,106
1982,1,15,21,105
1982,1,16,22,57
1982,1,17,23,41
1982,1,17,24,17
1982,2,1,2,1
1982,2,1,3,1
1982,2,1,4,9
1982,2,1,5,14
1982,2,1,6,38
1982,2,1,7,15
1982,2,2,8,19
1982,2,3,9,16
1982,2,4,10,29
1982,2,5,11,50
1982,2,6,12,39
1982,2,7,13,40
1982,2,8,14,45
1982,2,9,15,49
1982,2,10,16,51
1982,2,11,17,67
1982,2,12,18,51
1982,2,13,19,37
1982,2,14,20,38
1982,2,15,21,41
1982,2,16,22,37
1982,2,17,23,23
1982,2,17,24,16
1983,1,1,2,2
1983,1,1,4,4
1983,1,1,5,12
1983,1,1,6,31
1983,1,1,7,10
1983,1,2,8,13
1983,1,3,9,10
1983,1,4,10,20
1983,1,5,11,36
1983,1,6,12,53
1983,1,7,13,73
1983,1,8,14,53
1983,1,9,15,76
1983,1,10,16,83
1983,1,11,17,98
1983,1,12,18,89
1983,1,13,19,91
1983,1,14,20,94
1983,1,15,21,105
1983,1,16,22,55
1983,1,17,23,37
1983,1,17,24,50
1983,2,1,4,2
1983,2,1,5,17
1983,2,1,6,20
1983,2,1,7,8
1983,2,2,8,9
1983,2,3,9,10
1983,2,4,10,21
1983,2,5,11,44
1983,2,6,12,36
1983,2,7,13,44
1983,2,8,14,49
1983,2,9,15,49
1983,2,10,16,46
1983,2,11,17,53
1983,2,12,18,62
1983,2,13,19,59
1983,2,14,20,39
1983,2,15,21,52
1983,2,16,22,28
1983,2,17,23,24
1983,2,17,24,32
1984,1,1,2,1
1984,1,1,4,5
1984,1,1,5,14
1984,1,1,6,18
1984,1,1,7,9
1984,1,2,8,14
1984,1,3,9,11
1984,1,4,10,27
1984,1,5,11,52
1984,1,6,12,54
1984,1,7,13,63
1984,1,8,14,57
1984,1,9,15,61
1984,1,10,16,56
1984,1,11,17,92
1984,1,12,18,77
1984,1,13,19,96
1984,1,14,20,102
1984,1,15,21,103
1984,1,16,22,58
1984,1,17,23,38
1984,1,17,24,10
1984,2,1,1,1
1984,2,1,4,6
1984,2,1,5,12
1984,2,1,6,13
1984,2,1,7,6
1984,2,2,8,19
1984,2,3,9,11
1984,2,4,10,19
1984,2,5,11,28
1984,2,6,12,43
1984,2,7,13,49
1984,2,8,14,35
1984,2,9,15,25
1984,2,10,16,42
1984,2,11,17,46
1984,2,12,18,46
1984,2,13,19,45
1984,2,14,20,39
1984,2,15,21,50
1984,2,16,22,26
1984,2,17,23,24
1984,2,17,24,18
1985,1,1,2,1
1985,1,1,3,1
1985,1,1,4,9
1985,1,1,5,14
1985,1,1,6,18
1985,1,1,7,10
1985,1,2,8,19
1985,1,3,9,10
1985,1,4,10,25
1985,1,5,11,30
1985,1,6,12,44
1985,1,7,13,77
1985,1,8,14,62
1985,1,9,15,75
1985,1,10,16,51
1985,1,11,17,90
1985,1,12,18,93
1985,1,13,19,119
1985,1,14,20,114
1985,1,15,21,116
1985,1,16,22,87
1985,1,17,23,53
1985,1,17,24,30
1985,2,1,4,6
1985,2,1,5,11
1985,2,1,6,19
1985,2,1,7,5
1985,2,2,8,14
1985,2,3,9,4
1985,2,4,10,26
1985,2,5,11,30
1985,2,6,12,37
1985,2,7,13,44
1985,2,8,14,49
1985,2,9,15,47
1985,2,10,16,39
1985,2,11,17,40
1985,2,12,18,56
1985,2,13,19,60
1985,2,14,20,68
1985,2,15,21,45
1985,2,16,22,22
1985,2,17,23,23
1985,2,17,24,14
1986,1,1,2,2
1986,1,1,4,6
1986,1,1,5,7
1986,1,1,6,11
1986,1,1,7,10
1986,1,2,8,15
1986,1,3,9,7
1986,1,4,10,10
1986,1,5,11,28
1986,1,6,12,58
1986,1,7,13,73
1986,1,8,14,68
1986,1,9,15,69
1986,1,10,16,59
1986,1,11,17,77
1986,1,12,18,83
1986,1,13,19,95
1986,1,14,20,98
1986,1,15,21,94
1986,1,16,22,78
1986,1,17,23,41
1986,1,17,24,38
1986,2,1,4,2
1986,2,1,5,12
1986,2,1,6,17
1986,2,1,7,5
1986,2,2,8,10
1986,2,3,9,9
1986,2,4,10,18
1986,2,5,11,31
1986,2,6,12,52
1986,2,7,13,43
1986,2,8,14,38
1986,2,9,15,38
1986,2,10,16,32
1986,2,11,17,42
1986,2,12,18,39
1986,2,13,19,43
1986,2,14,20,46
1986,2,15,21,27
1986,2,16,22,28
1986,2,17,23,20
1986,2,17,24,22
1987,1,1,2,1
1987,1,1,4,6
1987,1,1,5,8
1987,1,1,6,16
1987,1,1,7,6
1987,1,2,8,11
1987,1,3,9,5
1987,1,4,10,23
1987,1,5,11,35
1987,1,6,12,30
1987,1,7,13,69
1987,1,8,14,79
1987,1,9,15,60
1987,1,10,16,78
1987,1,11,17,97
1987,1,12,18,99
1987,1,13,19,95
1987,1,14,20,92
1987,1,15,21,94
1987,1,16,22,69
1987,1,17,23,44
1987,1,17,24,19
1987,2,1,4,4
1987,2,1,5,2
1987,2,1,6,12
1987,2,1,7,5
1987,2,2,8,14
1987,2,3,9,4
1987,2,4,10,14
1987,2,5,11,39
1987,2,6,12,45
1987,2,7,13,42
1987,2,8,14,40
1987,2,9,15,44
1987,2,10,16,41
1987,2,11,17,44
1987,2,12,18,31
1987,2,13,19,37
1987,2,14,20,44
1987,2,15,21,42
1987,2,16,22,29
1987,2,17,23,22
1987,2,17,24,17
1988,1,1,1,1
1988,1,1,4,3
1988,1,1,5,3
1988,1,1,6,19
1988,1,1,7,8
1988,1,2,8,8
1988,1,3,9,9
1988,1,4,10,19
1988,1,5,11,30
1988,1,6,12,47
1988,1,7,13,69
1988,1,8,14,71
1988,1,9,15,57
1988,1,10,16,55
1988,1,11,17,67
1988,1,12,18,94
1988,1,13,19,92
1988,1,14,20,109
1988,1,15,21,81
1988,1,16,22,69
1988,1,17,23,34
1988,1,17,24,32
1988,2,1,2,1
1988,2,1,4,2
1988,2,1,5,7
1988,2,1,6,9
1988,2,1,7,3
1988,2,2,8,9
1988,2,3,9,7
1988,2,4,10,18
1988,2,5,11,30
1988,2,6,12,35
1988,2,7,13,34
1988,2,8,14,37
1988,2,9,15,36
1988,2,10,16,46
1988,2,11,17,40
1988,2,12,18,41
1988,2,13,19,37
1988,2,14,20,37
1988,2,15,21,39
1988,2,16,22,36
1988,2,17,23,22
1988,2,17,24,22
1989,1,1,4,5
1989,1,1,5,5
1989,1,1,6,5
1989,1,1,7,5
1989,1,2,8,7
1989,1,3,9,5
1989,1,4,10,13
1989,1,5,11,33
1989,1,6,12,52
1989,1,7,13,53
1989,1,8,14,66
1989,1,9,15,51
1989,1,10,16,66
1989,1,11,17,73
1989,1,12,18,75
1989,1,13,19,78
1989,1,14,20,90
1989,1,15,21,78
1989,1,16,22,53
1989,1,17,23,40
1989,1,17,24,21
1989,2,1,1,1
1989,2,1,3,1
1989,2,1,4,4
1989,2,1,5,2
1989,2,1,6,11
1989,2,1,7,7
1989,2,2,8,3
1989,2,3,9,2
1989,2,4,10,12
1989,2,5,11,16
1989,2,6,12,27
1989,2,7,13,31
1989,2,8,14,35
1989,2,9,15,35
1989,2,10,16,45
1989,2,11,17,40
1989,2,12,18,39
1989,2,13,19,31
1989,2,14,20,29
1989,2,15,21,36
1989,2,16,22,28
1989,2,17,23,16
1989,2,17,24,23
1990,1,1,4,5
1990,1,1,5,8
1990,1,1,6,9
1990,1,1,7,3
1990,1,2,8,13
1990,1,3,9,11
1990,1,4,10,13
1990,1,5,11,24
1990,1,6,12,33
1990,1,7,13,40
1990,1,8,14,56
1990,1,9,15,44
1990,1,10,16,53
1990,1,11,17,51
1990,1,12,18,65
1990,1,13,19,66
1990,1,14,20,81
1990,1,15,21,68
1990,1,16,22,64
1990,1,17,23,38
1990,1,17,24,25
1990,2,1,2,1
1990,2,1,4,1
1990,2,1,5,5
1990,2,1,6,7
1990,2,1,7,3
1990,2,2,8,3
1990,2,3,9,2
1990,2,4,10,7
1990,2,5,11,20
1990,2,6,12,25
1990,2,7,13,29
1990,2,8,14,23
1990,2,9,15,24
1990,2,10,16,26
1990,2,11,17,31
1990,2,12,18,28
1990,2,13,19,34
1990,2,14,20,40
1990,2,15,21,24
1990,2,16,22,32
1990,2,17,23,21
1990,2,17,24,24
1991,1,1,3,1
1991,1,1,5,4
1991,1,1,6,5
1991,1,1,7,7
1991,1,2,8,11
1991,1,3,9,4
1991,1,4,10,9
1991,1,5,11,25
1991,1,6,12,33
1991,1,7,13,52
1991,1,8,14,44
1991,1,9,15,53
1991,1,10,16,44
1991,1,11,17,51
1991,1,12,18,67
1991,1,13,19,76
1991,1,14,20,80
1991,1,15,21,78
1991,1,16,22,50
1991,1,17,23,44
1991,1,17,24,25
1991,2,1,4,2
1991,2,1,5,2
1991,2,1,6,6
1991,2,1,7,11
1991,2,2,8,6
1991,2,3,9,7
1991,2,4,10,16
1991,2,5,11,19
1991,2,6,12,20
1991,2,7,13,29
1991,2,8,14,40
1991,2,9,15,30
1991,2,10,16,20
1991,2,11,17,26
1991,2,12,18,25
1991,2,13,19,35
1991,2,14,20,30
1991,2,15,21,35
1991,2,16,22,31
1991,2,17,23,29
1991,2,17,24,13
1992,1,1,4,1
1992,1,1,5,5
1992,1,1,6,5
1992,1,1,7,9
1992,1,2,8,1
1992,1,3,9,5
1992,1,4,10,11
1992,1,5,11,21
1992,1,6,12,30
1992,1,7,13,47
1992,1,8,14,52
1992,1,9,15,52
1992,1,10,16,46
1992,1,11,17,53
1992,1,12,18,67
1992,1,13,19,71
1992,1,14,20,70
1992,1,15,21,97
1992,1,16,22,66
1992,1,17,23,50
1992,1,17,24,26
1992,2,1,4,1
1992,2,1,5,3
1992,2,1,6,7
1992,2,1,7,8
1992,2,2,8,6
1992,2,3,9,4
1992,2,4,10,14
1992,2,5,11,25
1992,2,6,12,26
1992,2,7,13,30
1992,2,8,14,36
1992,2,9,15,27
1992,2,10,16,25
1992,2,11,17,21
1992,2,12,18,32
1992,2,13,19,31
1992,2,14,20,36
1992,2,15,21,35
1992,2,16,22,30
1992,2,17,23,19
1992,2,17,24,11
1993,1,1,4,1
1993,1,1,5,6
1993,1,1,6,5
1993,1,1,7,6
1993,1,2,8,7
1993,1,3,9,5
1993,1,4,10,11
1993,1,5,11,20
1993,1,6,12,23
1993,1,7,13,47
1993,1,8,14,60
1993,1,9,15,64
1993,1,10,16,63
1993,1,11,17,82
1993,1,12,18,65
1993,1,13,19,76
1993,1,14,20,89
1993,1,15,21,72
1993,1,16,22,72
1993,1,17,23,44
1993,1,17,24,31
1993,2,1,4,3
1993,2,1,6,4
1993,2,1,7,10
1993,2,2,8,7
1993,2,3,9,3
1993,2,4,10,11
1993,2,5,11,22
1993,2,6,12,26
1993,2,7,13,33
1993,2,8,14,32
1993,2,9,15,29
1993,2,10,16,27
1993,2,11,17,34
1993,2,12,18,41
1993,2,13,19,44
1993,2,14,20,49
1993,2,15,21,32
1993,2,16,22,31
1993,2,17,23,25
1993,2,17,24,19
1994,1,1,4,4
1994,1,1,5,1
1994,1,1,6,5
1994,1,1,7,7
1994,1,2,8,7
1994,1,3,9,4
1994,1,4,10,12
1994,1,5,11,27
1994,1,6,12,41
1994,1,7,13,49
1994,1,8,14,62
1994,1,9,15,60
1994,1,10,16,52
1994,1,11,17,67
1994,1,12,18,60
1994,1,13,19,72
1994,1,14,20,58
1994,1,15,21,71
1994,1,16,22,58
1994,1,17,23,38
1994,1,17,24,29
1994,2,1,4,4
1994,2,1,5,3
1994,2,1,6,2
1994,2,1,7,1
1994,2,2,8,5
1994,2,3,9,3
1994,2,4,10,13
1994,2,5,11,23
1994,2,6,12,23
1994,2,7,13,27
1994,2,8,14,31
1994,2,9,15,24
1994,2,10,16,21
1994,2,11,17,29
1994,2,12,18,39
1994,2,13,19,33
1994,2,14,20,32
1994,2,15,21,43
1994,2,16,22,23
1994,2,17,23,29
1994,2,17,24,11
1995,1,1,4,1
1995,1,1,5,3
1995,1,1,6,2
1995,1,1,7,8
1995,1,2,8,8
1995,1,3,9,5
1995,1,4,10,10
1995,1,5,11,25
1995,1,6,12,41
1995,1,7,13,43
1995,1,8,14,72
1995,1,9,15,64
1995,1,10,16,56
1995,1,11,17,67
1995,1,12,18,73
1995,1,13,19,72
1995,1,14,20,78
1995,1,15,21,70
1995,1,16,22,59
1995,1,17,23,43
1995,1,17,24,36
1995,2,1,4,2
1995,2,1,5,1
1995,2,1,6,5
1995,2,1,7,5
1995,2,3,9,3
1995,2,4,10,10
1995,2,5,11,17
1995,2,6,12,22
1995,2,7,13,34
1995,2,8,14,40
1995,2,9,15,16
1995,2,10,16,28
1995,2,11,17,28
1995,2,12,18,29
1995,2,13,19,37
1995,2,14,20,33
1995,2,15,21,27
1995,2,16,22,33
1995,2,17,23,19
1995,2,17,24,20
1996,1,1,2,1
1996,1,1,5,3
1996,1,1,6,4
1996,1,1,7,4
1996,1,2,8,6
1996,1,3,9,2
1996,1,4,10,18
1996,1,5,11,21
1996,1,6,12,33
1996,1,7,13,45
1996,1,8,14,52
1996,1,9,15,64
1996,1,10,16,61
1996,1,11,17,70
1996,1,12,18,56
1996,1,13,19,82
1996,1,14,20,86
1996,1,15,21,75
1996,1,16,22,74
1996,1,17,23,48
1996,1,17,24,38
1996,2,1,4,1
1996,2,1,5,3
1996,2,1,6,2
1996,2,1,7,4
1996,2,2,8,3
1996,2,3,9,5
1996,2,4,10,14
1996,2,5,11,16
1996,2,6,12,23
1996,2,7,13,26
1996,2,8,14,20
1996,2,9,15,24
1996,2,10,16,24
1996,2,11,17,34
1996,2,12,18,24
1996,2,13,19,40
1996,2,14,20,26
1996,2,15,21,27
1996,2,16,22,29
1996,2,17,23,17
1996,2,17,24,19
1997,1,1,5,2
1997,1,1,6,6
1997,1,1,7,3
1997,1,2,8,4
1997,1,3,9,3
1997,1,4,10,7
1997,1,5,11,16
1997,1,6,12,21
1997,1,7,13,35
1997,1,8,14,49
1997,1,9,15,58
1997,1,10,16,59
1997,1,11,17,63
1997,1,12,18,59
1997,1,13,19,62
1997,1,14,20,70
1997,1,15,21,69
1997,1,16,22,63
1997,1,17,23,45
1997,1,17,24,35
1997,2,1,6,2
1997,2,1,7,4
1997,2,2,8,6
1997,2,3,9,3
1997,2,4,10,11
1997,2,5,11,19
1997,2,6,12,12
1997,2,7,13,23
1997,2,8,14,25
1997,2,9,15,25
1997,2,10,16,22
1997,2,11,17,28
1997,2,12,18,22
1997,2,13,19,30
1997,2,14,20,36
1997,2,15,21,32
1997,2,16,22,35
1997,2,17,23,24
1997,2,17,24,16
1998,1,1,5,2
1998,1,1,6,2
1998,1,1,7,3
1998,1,1,8,5
1998,1,2,9,4
1998,1,3,10,1
1998,1,4,11,9
1998,1,5,12,22
1998,1,6,13,15
1998,1,7,14,45
1998,1,8,15,63
1998,1,9,16,68
1998,1,10,17,79
1998,1,11,18,79
1998,1,12,19,68
1998,1,13,20,78
1998,1,14,21,74
1998,1,15,22,74
1998,1,16,23,74
1998,1,17,24,57
1998,1,17,25,38
1998,2,1,5,1
1998,2,1,6,4
1998,2,1,7,3
1998,2,1,8,7
1998,2,2,9,4
1998,2,3,10,8
1998,2,4,11,12
1998,2,5,12,18
1998,2,6,13,23
1998,2,7,14,29
1998,2,8,15,25
1998,2,9,16,16
1998,2,10,17,31
1998,2,11,18,28
1998,2,12,19,26
1998,2,13,20,39
1998,2,14,21,41
1998,2,15,22,38
1998,2,16,23,46
1998,2,17,24,18
1998,2,17,25,14
1999,1,1,5,5
1999,1,1,6,2
1999,1,1,7,3
1999,1,1,8,8
1999,1,2,9,2
1999,1,3,10,5
1999,1,4,11,12
1999,1,5,12,20
1999,1,6,13,40
1999,1,7,14,44
1999,1,8,15,45
1999,1,9,16,85
1999,1,10,17,64
1999,1,11,18,62
1999,1,12,19,66
1999,1,13,20,84
1999,1,14,21,88
1999,1,15,22,93
1999,1,16,23,75
1999,1,17,24,64
1999,1,17,25,36
1999,2,1,5,1
1999,2,1,6,1
1999,2,1,7,4
1999,2,1,8,3
1999,2,2,9,3
1999,2,3,10,5
1999,2,4,11,10
1999,2,5,12,20
1999,2,6,13,26
1999,2,7,14,23
1999,2,8,15,26
1999,2,9,16,34
1999,2,10,17,23
1999,2,11,18,27
1999,2,12,19,35
1999,2,13,20,41
1999,2,14,21,39
1999,2,15,22,34
1999,2,16,23,33
1999,2,17,24,31
1999,2,17,25,27
2000,1,1,5,4
2000,1,1,6,2
2000,1,1,7,4
2000,1,1,8,5
2000,1,2,9,1
2000,1,3,10,4
2000,1,4,11,11
2000,1,5,12,16
2000,1,6,13,29
2000,1,7,14,31
2000,1,8,15,44
2000,1,9,16,64
2000,1,10,17,74
2000,1,11,18,55
2000,1,12,19,67
2000,1,13,20,72
2000,1,14,21,80
2000,1,15,22,69
2000,1,16,23,62
2000,1,17,24,46
2000,1,17,25,49
2000,2,1,5,2
2000,2,1,6,3
2000,2,1,7,2
2000,2,1,8,6
2000,2,2,9,6
2000,2,3,10,3
2000,2,4,11,10
2000,2,5,12,21
2000,2,6,13,25
2000,2,7,14,18
2000,2,8,15,22
2000,2,9,16,24
2000,2,10,17,26
2000,2,11,18,20
2000,2,12,19,29
2000,2,13,20,28
2000,2,14,21,36
2000,2,15,22,29
2000,2,16,23,47
2000,2,17,24,26
2000,2,17,25,30
2001,1,1,5,2
2001,1,1,6,2
2001,1,1,7,3
2001,1,1,8,2
2001,1,2,9,7
2001,1,3,10,4
2001,1,4,11,9
2001,1,5,12,24
2001,1,6,13,28
2001,1,7,14,37
2001,1,8,15,45
2001,1,9,16,64
2001,1,10,17,83
2001,1,11,18,86
2001,1,12,19,65
2001,1,13,20,91
2001,1,14,21,78
2001,1,15,22,82
2001,1,16,23,56
2001,1,17,24,60
2001,1,17,25,39
2001,2,1,6,5
2001,2,1,7,2
2001,2,1,8,6
2001,2,2,9,5
2001,2,3,10,7
2001,2,4,11,12
2001,2,5,12,16
2001,2,6,13,22
2001,2,7,14,21
2001,2,8,15,20
2001,2,9,16,32
2001,2,10,17,27
2001,2,11,18,37
2001,2,12,19,32
2001,2,13,20,44
2001,2,14,21,34
2001,2,15,22,47
2001,2,16,23,40
2001,2,17,24,24
2001,2,17,25,21
2002,1,1,6,5
2002,1,1,7,5
2002,1,1,8,8
2002,1,2,9,7
2002,1,3,10,1
2002,1,4,11,15
2002,1,5,12,27
2002,1,6,13,15
2002,1,7,14,41
2002,1,8,15,42
2002,1,9,16,59
2002,1,10,17,93
2002,1,11,18,74
2002,1,12,19,64
2002,1,13,20,88
2002,1,14,21,70
2002,1,15,22,89
2002,1,16,23,70
2002,1,17,24,51
2002,1,17,25,45
2002,2,1,5,4
2002,2,1,6,5
2002,2,1,7,6
2002,2,1,8,3
2002,2,2,9,5
2002,2,3,10,2
2002,2,4,11,14
2002,2,5,12,24
2002,2,6,13,13
2002,2,7,14,28
2002,2,8,15,29
2002,2,9,16,35
2002,2,10,17,32
2002,2,11,18,27
2002,2,12,19,18
2002,2,13,20,37
2002,2,14,21,47
2002,2,15,22,29
2002,2,16,23,37
2002,2,17,24,25
2002,2,17,25,28
2003,1,1,5,2
2003,1,1,6,2
2003,1,1,7,4
2003,1,1,8,7
2003,1,2,9,2
2003,1,3,10,5
2003,1,4,11,9
2003,1,5,12,24
2003,1,6,13,19
2003,1,7,14,31
2003,1,8,15,32
2003,1,9,16,71
2003,1,10,17,67
2003,1,11,18,83
2003,1,12,19,67
2003,1,13,20,67
2003,1,14,21,88
2003,1,15,22,92
2003,1,16,23,84
2003,1,17,24,55
2003,1,17,25,43
2003,2,1,5,4
2003,2,1,6,2
2003,2,1,7,3
2003,2,1,8,5
2003,2,2,9,6
2003,2,3,10,6
2003,2,4,11,10
2003,2,5,12,16
2003,2,6,13,16
2003,2,7,14,18
2003,2,8,15,29
2003,2,9,16,31
2003,2,10,17,29
2003,2,11,18,27
2003,2,12,19,19
2003,2,13,20,32
2003,2,14,21,32
2003,2,15,22,39
2003,2,16,23,39
2003,2,17,24,37
2003,2,17,25,35
2004,1,1,5,3
2004,1,1,7,1
2004,1,1,8,10
2004,1,3,10,3
2004,1,4,11,8
2004,1,5,12,27
2004,1,6,13,24
2004,1,7,14,25
2004,1,8,15,43
2004,1,9,16,50
2004,1,10,17,64
2004,1,11,18,79
2004,1,12,19,58
2004,1,13,20,88
2004,1,14,21,94
2004,1,15,22,93
2004,1,16,23,67
2004,1,17,24,57
2004,1,17,25,47
2004,2,1,5,2
2004,2,1,6,3
2004,2,1,7,4
2004,2,1,8,4
2004,2,2,9,3
2004,2,3,10,1
2004,2,4,11,5
2004,2,5,12,19
2004,2,6,13,15
2004,2,7,14,18
2004,2,8,15,30
2004,2,9,16,27
2004,2,10,17,25
2004,2,11,18,18
2004,2,12,19,24
2004,2,13,20,26
2004,2,14,21,38
2004,2,15,22,40
2004,2,16,23,36
2004,2,17,24,26
2004,2,17,25,28
2005,1,1,5,1
2005,1,1,6,4
2005,1,1,7,3
2005,1,1,8,4
2005,1,2,9,7
2005,1,3,10,5
2005,1,4,11,8
2005,1,5,12,16
2005,1,6,13,12
2005,1,7,14,23
2005,1,8,15,29
2005,1,9,16,53
2005,1,10,17,67
2005,1,11,18,77
2005,1,12,19,63
2005,1,13,20,57
2005,1,14,21,67
2005,1,15,22,75
2005,1,16,23,77
2005,1,17,24,47
2005,1,17,25,48
2005,2,1,5,3
2005,2,1,7,8
2005,2,1,8,3
2005,2,2,9,7
2005,2,3,10,2
2005,2,4,11,5
2005,2,5,12,12
2005,2,6,13,15
2005,2,7,14,17
2005,2,8,15,20
2005,2,9,16,24
2005,2,10,17,27
2005,2,11,18,26
2005,2,12,19,12
2005,2,13,20,19
2005,2,14,21,31
2005,2,15,22,41
2005,2,16,23,34
2005,2,17,24,28
2005,2,17,25,25
2006,1,1,5,1
2006,1,1,6,3
2006,1,1,7,5
2006,1,1,8,5
2006,1,2,9,3
2006,1,3,10,2
2006,1,4,11,8
2006,1,5,12,18
2006,1,6,13,28
2006,1,7,14,35
2006,1,8,15,32
2006,1,9,16,38
2006,1,10,17,45
2006,1,11,18,83
2006,1,12,19,73
2006,1,13,20,58
2006,1,14,21,67
2006,1,15,22,78
2006,1,16,23,81
2006,1,17,24,46
2006,1,17,25,46
2006,2,1,5,2
2006,2,1,6,5
2006,2,1,7,4
2006,2,1,8,6
2006,2,2,9,4
2006,2,3,10,2
2006,2,4,11,9
2006,2,5,12,14
2006,2,6,13,12
2006,2,7,14,15
2006,2,8,15,21
2006,2,9,16,20
2006,2,10,17,20
2006,2,11,18,19
2006,2,12,19,19
2006,2,13,20,23
2006,2,14,21,34
2006,2,15,22,27
2006,2,16,23,27
2006,2,17,24,22
2006,2,17,25,32
2007,1,1,5,4
2007,1,1,6,2
2007,1,1,7,3
2007,1,1,8,3
2007,1,2,9,3
2007,1,3,10,3
2007,1,4,11,8
2007,1,5,12,21
2007,1,6,13,27
2007,1,7,14,27
2007,1,8,15,21
2007,1,9,16,51
2007,1,10,17,62
2007,1,11,18,68
2007,1,12,19,94
2007,1,13,20,86
2007,1,14,21,78
2007,1,15,22,69
2007,1,16,23,83
2007,1,17,24,60
2007,1,17,25,50
2007,2,1,5,2
2007,2,1,6,1
2007,2,1,7,2
2007,2,1,8,3
2007,2,2,9,5
2007,2,3,10,6
2007,2,4,11,14
2007,2,5,12,13
2007,2,6,13,17
2007,2,7,14,15
2007,2,8,15,23
2007,2,9,16,24
2007,2,10,17,21
2007,2,11,18,24
2007,2,12,19,20
2007,2,13,20,25
2007,2,14,21,41
2007,2,15,22,34
2007,2,16,23,37
2007,2,17,24,22
2007,2,17,25,27
2008,1,1,5,5
2008,1,1,6,3
2008,1,1,7,5
2008,1,1,8,6
2008,1,2,9,3
2008,1,3,10,1
2008,1,4,11,10
2008,1,5,12,25
2008,1,6,13,26
2008,1,7,14,42
2008,1,8,15,38
2008,1,9,16,43
2008,1,10,17,67
2008,1,11,18,72
2008,1,12,19,88
2008,1,13,20,71
2008,1,14,21,66
2008,1,15,22,73
2008,1,16,23,82
2008,1,17,24,54
2008,1,17,25,36
2008,1,17,26,6
2008,1,17,27,1
2008,2,1,5,3
2008,2,1,6,1
2008,2,1,7,5
2008,2,1,8,5
2008,2,2,9,3
2008,2,3,10,3
2008,2,4,11,10
2008,2,5,12,14
2008,2,6,13,18
2008,2,7,14,14
2008,2,8,15,18
2008,2,9,16,21
2008,2,10,17,17
2008,2,11,18,17
2008,2,12,19,26
2008,2,13,20,19
2008,2,14,21,32
2008,2,15,22,31
2008,2,16,23,27
2008,2,17,24,28
2008,2,17,25,19
2008,2,17,26,7
2008,2,17,27,1
2009,1,1,6,2
2009,1,1,7,3
2009,1,1,8,5
2009,1,2,9,6
2009,1,3,10,5
2009,1,4,11,3
2009,1,5,12,21
2009,1,6,13,27
2009,1,7,14,22
2009,1,8,15,25
2009,1,9,16,41
2009,1,10,17,59
2009,1,11,18,63
2009,1,12,19,82
2009,1,13,20,59
2009,1,14,21,74
2009,1,15,22,61
2009,1,16,23,57
2009,1,17,24,63
2009,1,17,25,34
2009,1,17,26,14
2009,1,17,27,3
2009,1,17,28,1
2009,2,1,6,4
2009,2,1,7,4
2009,2,1,8,4
2009,2,2,9,3
2009,2,3,10,3
2009,2,4,11,9
2009,2,5,12,16
2009,2,6,13,14
2009,2,7,14,22
2009,2,8,15,17
2009,2,9,16,19
2009,2,10,17,21
2009,2,11,18,28
2009,2,12,19,20
2009,2,13,20,26
2009,2,14,21,23
2009,2,15,22,37
2009,2,16,23,39
2009,2,17,24,21
2009,2,17,25,13
2009,2,17,26,11
2009,2,17,27,3
2010,1,1,5,1
2010,1,1,6,4
2010,1,1,7,3
2010,1,1,8,2
2010,1,2,9,5
2010,1,3,10,5
2010,1,4,11,9
2010,1,5,12,12
2010,1,6,13,30
2010,1,7,14,29
2010,1,8,15,38
2010,1,9,16,23
2010,1,10,17,59
2010,1,11,18,58
2010,1,12,19,64
2010,1,13,20,61
2010,1,14,21,60
2010,1,15,22,62
2010,1,16,23,55
2010,1,17,24,43
2010,1,17,25,27
2010,1,17,26,8
2010,1,17,27,2
2010,2,1,7,1
2010,2,1,8,2
2010,2,2,9,4
2010,2,3,10,5
2010,2,4,11,5
2010,2,5,12,8
2010,2,6,13,12
2010,2,7,14,13
2010,2,8,15,13
2010,2,9,16,23
2010,2,10,17,21
2010,2,11,18,21
2010,2,12,19,18
2010,2,13,20,23
2010,2,14,21,24
2010,2,15,22,24
2010,2,16,23,37
2010,2,17,24,30
2010,2,17,25,15
2010,2,17,26,7
2010,2,17,27,1
2010,2,17,28,1
2011,1,1,6,3
2011,1,1,7,1
2011,1,1,8,4
2011,1,2,9,2
2011,1,3,10,2
2011,1,4,11,8
2011,1,5,12,19
2011,1,6,13,21
2011,1,7,14,24
2011,1,8,15,28
2011,1,9,16,29
2011,1,10,17,53
2011,1,11,18,64
2011,1,12,19,51
2011,1,13,20,53
2011,1,14,21,54
2011,1,15,22,62
2011,1,16,23,51
2011,1,17,24,57
2011,1,17,25,23
2011,1,17,26,11
2011,1,17,27,4
2011,2,1,5,1
2011,2,1,6,1
2011,2,1,7,1
2011,2,1,8,3
2011,2,2,9,3
2011,2,3,10,1
2011,2,4,11,7
2011,2,5,12,11
2011,2,6,13,11
2011,2,7,14,16
2011,2,8,15,12
2011,2,9,16,12
2011,2,10,17,19
2011,2,11,18,27
2011,2,12,19,19
2011,2,13,20,21
2011,2,14,21,21
2011,2,15,22,21
2011,2,16,23,29
2011,2,17,24,21
2011,2,17,25,16
2011,2,17,26,4
2011,2,17,27,1
2012,1,1,5,2
2012,1,1,7,2
2012,1,1,8,3
2012,1,2,9,1
2012,1,3,10,1
2012,1,4,11,5
2012,1,5,12,17
2012,1,6,13,17
2012,1,7,14,32
2012,1,8,15,30
2012,1,9,16,40
2012,1,10,17,46
2012,1,11,18,55
2012,1,12,19,63
2012,1,13,20,63
2012,1,14,21,64
2012,1,15,22,54
2012,1,16,23,72
2012,1,17,24,54
2012,1,17,25,30
2012,1,17,26,7
2012,1,17,27,4
2012,2,1,5,1
2012,2,1,6,2
2012,2,1,7,2
2012,2,3,10,1
2012,2,4,11,7
2012,2,5,12,10
2012,2,6,13,10
2012,2,7,14,19
2012,2,8,15,13
2012,2,9,16,17
2012,2,10,17,20
2012,2,11,18,14
2012,2,12,19,21
2012,2,13,20,23
2012,2,14,21,28
2012,2,15,22,32
2012,2,16,23,25
2012,2,17,24,30
2012,2,17,25,16
2012,2,17,26,10
2012,2,17,27,2
2013,1,1,6,3
2013,1,1,7,3
2013,1,1,8,7
2013,1,2,9,1
2013,1,4,11,6
2013,1,5,12,11
2013,1,6,13,26
2013,1,7,14,27
2013,1,8,15,25
2013,1,9,16,33
2013,1,10,17,45
2013,1,11,18,67
2013,1,12,19,62
2013,1,13,20,72
2013,1,14,21,67
2013,1,15,22,82
2013,1,16,23,58
2013,1,17,24,42
2013,1,17,25,37
2013,1,17,26,20
2013,1,17,27,4
2013,2,1,7,4
2013,2,1,8,5
2013,2,2,9,1
2013,2,3,10,2
2013,2,4,11,8
2013,2,5,12,12
2013,2,6,13,17
2013,2,7,14,10
2013,2,8,15,11
2013,2,9,16,13
2013,2,10,17,25
2013,2,11,18,18
2013,2,12,19,16
2013,2,13,20,26
2013,2,14,21,21
2013,2,15,22,22
2013,2,16,23,37
2013,2,17,24,32
2013,2,17,25,16
2013,2,17,26,6
2013,2,17,27,3
2013,2,17,28,1
2014,1,1,5,2
2014,1,1,7,1
2014,1,1,8,3
2014,1,2,9,2
2014,1,3,10,4
2014,1,4,11,9
2014,1,5,12,18
2014,1,6,13,21
2014,1,7,14,29
2014,1,8,15,25
2014,1,9,16,25
2014,1,10,17,36
2014,1,11,18,56
2014,1,12,19,73
2014,1,13,20,72
2014,1,14,21,70
2014,1,15,22,73
2014,1,16,23,91
2014,1,17,24,56
2014,1,17,25,35
2014,1,17,26,15
2014,1,17,27,1
2014,1,17,28,1
2014,2,1,6,2
2014,2,1,8,3
2014,2,2,9,1
2014,2,4,11,3
2014,2,5,12,16
2014,2,6,13,14
2014,2,7,14,10
2014,2,8,15,15
2014,2,9,16,14
2014,2,10,17,24
2014,2,11,18,24
2014,2,12,19,28
2014,2,13,20,19
2014,2,14,21,20
2014,2,15,22,30
2014,2,16,23,30
2014,2,17,24,31
2014,2,17,25,21
2014,2,17,26,4
2014,2,17,27,3
2015,1,1,7,3
2015,1,1,8,3
2015,1,2,9,6
2015,1,4,11,2
2015,1,5,12,12
2015,1,6,13,26
2015,1,7,14,29
2015,1,8,15,25
2015,1,9,16,32
2015,1,10,17,42
2015,1,11,18,64
2015,1,12,19,71
2015,1,13,20,77
2015,1,14,21,77
2015,1,15,22,62
2015,1,16,23,85
2015,1,17,24,55
2015,1,17,25,40
2015,1,17,26,13
2015,1,17,27,3
2015,2,1,6,1
2015,2,1,7,1
2015,2,1,8,1
2015,2,3,10,3
2015,2,4,11,10
2015,2,5,12,10
2015,2,6,13,15
2015,2,7,14,9
2015,2,8,15,8
2015,2,9,16,12
2015,2,10,17,22
2015,2,11,18,17
2015,2,12,19,23
2015,2,13,20,21
2015,2,14,21,22
2015,2,15,22,28
2015,2,16,23,31
2015,2,17,24,24
2015,2,17,25,29
2015,2,17,26,7
2015,2,17,27,2
2016,1,1,6,1
2016,1,1,7,3
2016,1,1,8,2
2016,1,2,9,1
2016,1,3,10,4
2016,1,4,11,9
2016,1,5,12,14
2016,1,6,13,16
2016,1,7,14,27
2016,1,8,15,30
2016,1,9,16,42
2016,1,10,17,36
2016,1,11,18,57
2016,1,12,19,70
2016,1,13,20,84
2016,1,14,21,88
2016,1,15,22,87
2016,1,16,23,80
2016,1,17,24,44
2016,1,17,25,32
2016,1,17,26,15
2016,1,17,27,6
2016,2,1,5,1
2016,2,1,7,3
2016,2,2,9,1
2016,2,4,11,8
2016,2,5,12,14
2016,2,6,13,9
2016,2,7,14,18
2016,2,8,15,12
2016,2,9,16,13
2016,2,10,17,17
2016,2,11,18,26
2016,2,12,19,19
2016,2,13,20,23
2016,2,14,21,25
2016,2,15,22,27
2016,2,16,23,32
2016,2,17,24,35
2016,2,17,25,24
2016,2,17,26,11
2016,2,17,27,3
2017,1,1,6,1
2017,1,1,7,2
2017,1,1,8,3
2017,1,2,9,1
2017,1,3,10,4
2017,1,4,11,7
2017,1,5,12,15
2017,1,6,13,39
2017,1,7,14,35
2017,1,8,15,17
2017,1,9,16,38
2017,1,10,17,28
2017,1,11,18,50
2017,1,12,19,61
2017,1,13,20,75
2017,1,14,21,84
2017,1,15,22,84
2017,1,16,23,77
2017,1,17,24,62
2017,1,17,25,49
2017,1,17,26,12
2017,1,17,27,2
2017,2,1,6,1
2017,2,1,8,2
2017,2,3,10,2
2017,2,4,11,5
2017,2,5,12,6
2017,2,6,13,7
2017,2,7,14,10
2017,2,8,15,13
2017,2,9,16,15
2017,2,10,17,19
2017,2,11,18,13
2017,2,12,19,12
2017,2,13,20,18
2017,2,14,21,33
2017,2,15,22,28
2017,2,16,23,26
2017,2,17,24,36
2017,2,17,25,16
2017,2,17,26,12
2017,2,17,27,2
2018,1,1,5,3
2018,1,1,7,2
2018,1,1,8,1
2018,1,3,10,1
2018,1,4,11,10
2018,1,5,12,21
2018,1,6,13,28
2018,1,7,14,37
2018,1,8,15,40
2018,1,9,16,41
2018,1,10,17,33
2018,1,11,18,47
2018,1,12,19,81
2018,1,13,20,86
2018,1,14,21,95
2018,1,15,22,88
2018,1,16,23,81
2018,1,17,24,74
2018,1,17,25,48
2018,1,17,26,8
2018,1,17,27,2
2018,1,17,28,1
2018,2,1,7,2
2018,2,1,8,4
2018,2,2,9,2
2018,2,3,10,5
2018,2,4,11,7
2018,2,5,12,8
2018,2,6,13,12
2018,2,7,14,14
2018,2,8,15,14
2018,2,9,16,20
2018,2,10,17,17
2018,2,11,18,22
2018,2,12,19,29
2018,2,13,20,24
2018,2,14,21,35
2018,2,15,22,30
2018,2,16,23,31
2018,2,17,24,30
2018,2,17,25,22
2018,2,17,26,7
2019,1,1,5,1
2019,1,1,6,1
2019,1,1,7,1
2019,1,1,8,3
2019,1,2,9,2
2019,1,3,10,4
2019,1,4,11,7
2019,1,5,12,23
2019,1,6,13,31
2019,1,7,14,38
2019,1,8,15,33
2019,1,9,16,30
2019,1,10,17,48
2019,1,11,18,49
2019,1,12,19,60
2019,1,13,20,75
2019,1,14,21,92
2019,1,15,22,83
2019,1,16,23,78
2019,1,17,24,73
2019,1,17,25,32
2019,1,17,26,21
2019,1,17,27,4
2019,2,1,5,1
2019,2,1,6,2
2019,2,1,7,2
2019,2,1,8,3
2019,2,2,9,1
2019,2,3,10,2
2019,2,4,11,8
2019,2,5,12,7
2019,2,6,13,17
2019,2,7,14,19
2019,2,8,15,12
2019,2,9,16,18
2019,2,10,17,19
2019,2,11,18,25
2019,2,12,19,32
2019,2,13,20,32
2019,2,14,21,43
2019,2,15,22,24
2019,2,16,23,41
2019,2,17,24,33
2019,2,17,25,21
2019,2,17,26,8
2019,2,17,27,5
2020,1,1,7,1
2020,1,1,8,2
2020,1,2,9,1
2020,1,3,10,2
2020,1,4,11,11
2020,1,5,12,17
2020,1,6,13,37
2020,1,7,14,28
2020,1,8,15,40
2020,1,9,16,34
2020,1,10,17,33
2020,1,11,18,40
2020,1,12,19,59
2020,1,13,20,74
2020,1,14,21,77
2020,1,15,22,70
2020,1,16,23,70
2020,1,17,24,42
2020,1,17,25,30
2020,1,17,26,15
2020,1,17,27,2
2020,2,1,6,3
2020,2,1,7,1
2020,2,2,9,4
2020,2,3,10,4
2020,2,4,11,7
2020,2,5,12,12
2020,2,6,13,17
2020,2,7,14,12
2020,2,8,15,6
2020,2,9,16,14
2020,2,10,17,15
2020,2,11,18,25
2020,2,12,19,26
2020,2,13,20,29
2020,2,14,21,35
2020,2,15,22,32
2020,2,16,23,21
2020,2,17,24,23
2020,2,17,25,28
2020,2,17,26,8
2020,2,17,27,3
2021,1,1,5,1
2021,1,1,7,4
2021,1,1,8,5
2021,1,2,9,2
2021,1,3,10,2
2021,1,4,11,13
2021,1,5,12,24
2021,1,6,13,43
2021,1,7,14,55
2021,1,8,15,42
2021,1,9,16,58
2021,1,10,17,32
2021,1,11,18,55
2021,1,12,19,74
2021,1,13,20,84
2021,1,14,21,90
2021,1,15,22,80
2021,1,16,23,63
2021,1,17,24,59
2021,1,17,25,32
2021,1,17,26,13
2021,1,17,27,1
2021,1,17,28,1
2021,2,1,5,1
2021,2,1,8,1
2021,2,3,10,2
2021,2,4,11,8
2021,2,5,12,21
2021,2,6,13,11
2021,2,7,14,21
2021,2,8,15,16
2021,2,9,16,20
2021,2,10,17,19
2021,2,11,18,17
2021,2,12,19,34
2021,2,13,20,38
2021,2,14,21,35
2021,2,15,22,28
2021,2,16,23,22
2021,2,17,24,26
2021,2,17,25,27
2021,2,17,26,5
2021,2,17,27,2
2022,1,1,5,3
2022,1,1,6,1
2022,1,1,7,1
2022,1,1,8,5
2022,1,2,9,1
2022,1,3,10,2
2022,1,4,11,13
2022,1,5,12,39
2022,1,6,13,50
2022,1,7,14,50
2022,1,8,15,55
2022,1,9,16,52
2022,1,10,17,46
2022,1,11,18,57
2022,1,12,19,74
2022,1,13,20,114
2022,1,14,21,118
2022,1,15,22,105
2022,1,16,23,79
2022,1,17,24,81
2022,1,17,25,40
2022,1,17,26,18
2022,1,17,27,3
2022,2,1,5,1
2022,2,1,7,3
2022,2,1,8,3
2022,2,3,10,3
2022,2,4,11,12
2022,2,5,12,18
2022,2,6,13,13
2022,2,7,14,23
2022,2,8,15,14
2022,2,9,16,17
2022,2,10,17,16
2022,2,11,18,18
2022,2,12,19,34
2022,2,13,20,35
2022,2,14,21,36
2022,2,15,22,43
2022,2,16,23,34
2022,2,17,24,35
2022,2,17,25,30
2022,2,17,26,2
2022,2,17,27,5
2023,1,1,7,3
2023,1,1,8,5
2023,1,2,9,4
2023,1,4,11,8
2023,1,5,12,36
2023,1,6,13,64
2023,1,7,14,66
2023,1,8,15,58
2023,1,9,16,64
2023,1,10,17,51
2023,1,11,18,64
2023,1,12,19,91
2023,1,13,20,111
2023,1,14,21,101
2023,1,15,22,128
2023,1,16,23,99
2023,1,17,24,96
2023,1,17,25,44
2023,1,17,26,15
2023,1,17,27,5
2023,1,17,28,2
2023,2,1,6,1
2023,2,1,7,2
2023,2,1,8,1
2023,2,2,9,2
2023,2,3,10,5
2023,2,4,11,12
2023,2,5,12,14
2023,2,6,13,30
2023,2,7,14,19
2023,2,8,15,20
2023,2,9,16,28
2023,2,10,17,21
2023,2,11,18,24
2023,2,12,19,36
2023,2,13,20,26
2023,2,14,21,40
2023,2,15,22,46
2023,2,16,23,44
2023,2,17,24,44
2023,2,17,25,26
2023,2,17,26,7
2023,2,17,27,5
