dataset,year,age,obs_tasa_x100k,pred_tasa_x100k,abs_error_100k,rel_abs_error
train,1989,1,1.1439985834313198,2.0328826904296875,0.8888841069983677,0.7769975591503475
train,1989,2,0.26164099663241885,0.7164838910102844,0.45484289437786557,1.738423642435283
train,1989,3,0.20263453847812776,0.4878634512424469,0.28522891276431916,1.4076026471355918
train,1989,4,0.7642186704734947,1.0153344869613647,0.25111581648787007,0.32859157488517665
train,1989,5,1.5054780968298922,1.9261728525161743,0.4206947556862821,0.279442627941161
train,1989,6,2.645295358946491,2.7963523864746094,0.15105702752811823,0.05710403075300473
train,1989,7,3.3407240223908072,4.137019634246826,0.7962956118560189,0.23836018974291306
train,1989,8,4.917471679501596,5.335906982421875,0.41843530292027875,0.08509155317852356
train,1989,9,5.157186239187903,6.688776969909668,1.5315907307217653,0.29698185399692806
train,1989,10,8.312010405738436,7.826649188995361,0.4853612167430743,0.058392758556694395
train,1989,11,10.3046717551683,11.891158103942871,1.5864863487745708,0.15395797037190592
train,1989,12,12.201674412232506,14.187877655029297,1.9862032427967904,0.16278120327529846
train,1989,13,14.546793966683836,19.73682403564453,5.190030068960695,0.35678171292223815
train,1989,14,21.340391802420246,24.29771614074707,2.957324338326824,0.13857872740608684
train,1989,15,28.74606632776566,33.29215621948242,4.546089891716761,0.15814650393836882
train,1989,16,31.763460256460533,33.59817886352539,1.8347186070648576,0.057761924936740074
train,1989,17,30.573466511353484,32.43938446044922,1.865917949095735,0.061030630870816165
train,1990,1,1.0341928789418147,1.8365809917449951,0.8023881128031805,0.7758592513452688
train,1990,2,0.41488934123351773,0.6540723443031311,0.23918300306961338,0.5764983076159923
train,1990,3,0.3683451019593409,0.43527665734291077,0.06693155538356987,0.1817088242177204
train,1990,4,0.6124126240288669,0.9741383790969849,0.361725755068118,0.5906569212891943
train,1990,5,1.3524425265716538,1.8229838609695435,0.4705413343978897,0.34791965288930304
train,1990,6,1.9052161533423062,2.564296245574951,0.659080092232645,0.3459345497759295
train,1990,7,2.6573231589949593,4.063751697540283,1.406428538545324,0.5292651493229479
train,1990,8,3.7151662019573775,5.098214149475098,1.3830479475177202,0.3722708143685936
train,1990,9,3.9360780917893443,6.461893081665039,2.5258149898756947,0.6417085563276554
train,1990,10,5.7088597166960255,7.614790916442871,1.9059311997468456,0.3338549718032938
train,1990,11,7.309120534528462,11.365867614746094,4.056747080217631,0.5550253359556604
train,1990,12,9.758749033306719,13.7706937789917,4.01194474568498,0.4111126059284604
train,1990,13,12.919930025658992,19.029727935791016,6.1097979101320234,0.47289713628459956
train,1990,14,20.914788656924856,23.73503875732422,2.820250100399363,0.1348447812053529
train,1990,15,22.331235329956137,32.579925537109375,10.248690207153238,0.4589396894404995
train,1990,16,36.19104347072107,34.11339569091797,2.077647779803101,0.057407788794039114
train,1990,17,33.88150258189599,30.57426643371582,3.3072361481801664,0.09761185001125762
train,1991,1,0.9250214154629018,1.6382426023483276,0.7132211868854258,0.7710320809467343
train,1991,2,0.438096907035836,0.581008791923523,0.14291188488768697,0.32621066844388996
train,1991,3,0.30500798150431624,0.4097067713737488,0.10469878986943254,0.34326573800695004
train,1991,4,0.7635203418616521,0.9275042414665222,0.16398389960487014,0.21477345214512808
train,1991,5,1.356865074262151,1.6866213083267212,0.3297562340645701,0.24302802122285078
train,1991,6,1.7153474727591482,2.2980504035949707,0.5827029308358225,0.3396996469165522
train,1991,7,3.026162859118672,3.8448383808135986,0.8186755216949266,0.2705325389966236
train,1991,8,3.8158974831884733,4.8744330406188965,1.0585355574304232,0.27740146638993524
train,1991,9,4.6391936969566885,6.008362293243408,1.3691685962867197,0.29513072437234067
train,1991,10,4.4594362018424425,7.249694347381592,2.7902581455391493,0.6256975140457692
train,1991,11,6.690265056137409,10.688706398010254,3.9984413418728453,0.597650662316319
train,1991,12,9.48217042758405,13.113948822021484,3.6317783944374344,0.3830112970625426
train,1991,13,13.928957298334439,17.799760818481445,3.870803520147007,0.2778961437845446
train,1991,14,18.294092504910285,23.122772216796875,4.82867971188659,0.26394748526554507
train,1991,15,26.386702969788384,31.086410522460938,4.699707552672553,0.17810893456652518
train,1991,16,29.453153123670546,32.81607437133789,3.3629212476673445,0.11417864951663051
train,1991,17,35.303771460558366,29.438955307006836,5.86481615355153,0.16612435190114402
train,1992,1,0.9379044713032487,1.4310498237609863,0.4931453524577376,0.5257948624255627
train,1992,2,0.17937582849210787,0.49971818923950195,0.3203423607473941,1.7858725082331957
train,1992,3,0.244600644604232,0.35097554326057434,0.10637489865634234,0.434892143591951
train,1992,4,0.7573441938510318,0.8463234901428223,0.08897929629179047,0.11748858314899162
train,1992,5,1.4255436977177975,1.5632905960083008,0.13774689829050324,0.096627622507069
train,1992,6,1.7931843624076842,2.1403870582580566,0.34720269585037244,0.19362353538706667
train,1992,7,2.796160617276061,3.5618674755096436,0.7657068582335826,0.2738422297712062
train,1992,8,3.861137692996556,4.519869804382324,0.6587321113857683,0.1706057032310516
train,1992,9,4.262836804577529,5.5131096839904785,1.2502728794129494,0.29329597559777215
train,1992,10,4.76758685569589,6.803465843200684,2.035878987504794,0.4270250441420022
train,1992,11,6.242992451884666,10.03111743927002,3.7881249873853537,0.6067803247529426
train,1992,12,10.032905904517138,12.349504470825195,2.3165985663080573,0.23090005910100472
train,1992,13,12.462886257835127,16.447038650512695,3.9841523926775686,0.31968135713125884
train,1992,14,16.932934397658784,22.068470001220703,5.1355356035619195,0.30328680682018566
train,1992,15,29.66192150826375,29.121076583862305,0.5408449244014442,0.018233644244886417
train,1992,16,33.760022506681665,31.62591552734375,2.134106979337915,0.06321402715046995
train,1992,17,33.77893915010913,27.20903778076172,6.569901369347413,0.19449697162339666
train,1993,1,0.8304510749240078,1.2413378953933716,0.41088682046936376,0.4947754694717784
train,1993,2,0.3566135770939969,0.44033530354499817,0.08372172645100129,0.2347687576367823
train,1993,3,0.2138115870913393,0.31046175956726074,0.09665017247592145,0.45203430642035747
train,1993,4,0.6572037295714196,0.7874471545219421,0.13024342495052255,0.19817815859818635
train,1993,5,1.3089470269138221,1.4359699487686157,0.12702292185479358,0.09704206453196627
train,1993,6,1.5587978550941506,2.010364294052124,0.45156643895797344,0.2896889019201334
train,1993,7,2.8294436146708053,3.2611117362976074,0.4316681216268021,0.1525628994295659
train,1993,8,3.8978228117537985,4.147566795349121,0.24974398359532257,0.06407268766608915
train,1993,9,4.8419720883738,4.982422828674316,0.1404507403005164,0.029006928940736306
train,1993,10,5.821117072366185,6.330934524536133,0.5098174521699477,0.08758069041250667
train,1993,11,9.4667679719653,9.023990631103516,0.44277734086178455,0.0467717537994984
train,1993,12,10.550003533255907,11.450347900390625,0.9003443671347178,0.08534066972551725
train,1993,13,14.309017542855496,15.307214736938477,0.9981971940829801,0.06976000910567833
train,1993,14,21.203205064185806,20.87017059326172,0.3330344709240869,0.015706798567288186
train,1993,15,22.39554845406113,27.351320266723633,4.955771812662501,0.22128378873273888
train,1993,16,35.044026184351985,30.610326766967773,4.4336994173842115,0.12651798038445253
train,1993,17,37.386231185143515,26.827978134155273,10.558253050988242,0.2824102006618838
train,1994,1,0.6339486548548733,1.0987107753753662,0.4647621205204929,0.7331226542726169
train,1994,2,0.303086404629948,0.4040902256965637,0.1010038210666157,0.3332509130180307
train,1994,3,0.18476521092796458,0.2811585068702698,0.0963932959423052,0.5217069569409626
train,1994,4,0.7328635970821471,0.7385736107826233,0.005710013700476191,0.007791373078431621
train,1994,5,1.565356776116413,1.3355144262313843,0.22984234988502883,0.14683064806165888
train,1994,6,2.0308937011197217,1.8790515661239624,0.15184213499575927,0.07476616570919847
train,1994,7,2.6276202300481524,2.906099796295166,0.27847956624701364,0.10598166472550122
train,1994,8,3.809247624442591,3.8860292434692383,0.07678161902664726,0.020156636322077537
train,1994,9,4.220655889925295,4.528387069702148,0.3077311797768534,0.07291074842451259
train,1994,10,4.549979026466544,5.7243194580078125,1.1743404315412684,0.25809798786105353
train,1994,11,7.562252700551338,8.231667518615723,0.6694148180643849,0.0885205565817037
train,1994,12,9.654552316458672,10.577728271484375,0.9231759550257035,0.09562079366971958
train,1994,13,12.258163937182177,14.246097564697266,1.9879336275150887,0.16217221744644894
train,1994,14,13.35642510829835,19.948631286621094,6.592206178322744,0.49356067397304626
train,1994,15,23.761781883517237,25.495983123779297,1.7342012402620597,0.07298279433601505
train,1994,16,26.1942644262486,30.06683349609375,3.8725690698451487,0.14784034423827527
train,1994,17,33.14099168997377,25.33572006225586,7.805271627717907,0.23551714145231872
train,1995,1,0.6285641917688823,0.9848113059997559,0.3562471142308735,0.5667632978387922
train,1995,2,0.1998819197559043,0.34944090247154236,0.14955898271563806,0.7482366734196428
train,1995,3,0.2093411145425607,0.24943089485168457,0.04008978030912386,0.19150457088438677
train,1995,4,0.573773337154664,0.6782582402229309,0.10448490306826685,0.18210135658485682
train,1995,5,1.3170665165628959,1.2454322576522827,0.07163425891061315,0.054389249145517925
train,1995,6,2.0004216761882523,1.7440879344940186,0.25633374169423373,0.128139854084436
train,1995,7,2.611692240899778,2.6044270992279053,0.007265141671872755,0.0027817755699143906
train,1995,8,4.440448041207357,3.718837261199951,0.7216107800074054,0.16250855168458117
train,1995,9,3.8788104464122912,4.362701416015625,0.4838909696033338,0.12475241476437302
train,1995,10,5.046836444647921,5.331776142120361,0.2849396974724403,0.05645907106313248
train,1995,11,7.210193847959018,7.641001224517822,0.4308073765588043,0.05974976341040993
train,1995,12,9.708303550098185,10.099722862243652,0.39141931214546766,0.04031799274977024
train,1995,13,12.483422244313166,13.446231842041016,0.9628095977278495,0.07712705529658592
train,1995,14,15.97388916711279,18.83148193359375,2.857592766480961,0.17889148576065145
train,1995,15,19.459663327762918,23.98149871826172,4.521835390498801,0.23236966202017015
train,1995,16,28.31335497868802,29.479581832885742,1.1662268541977205,0.04118999161616557
train,1995,17,35.82314296469903,25.312294006347656,10.510848958351374,0.29340945792245865
train,1996,1,0.5090382047055496,0.8616760969161987,0.3526378922106491,0.6927532922876346
train,1996,2,0.2220503388118085,0.3036858141422272,0.08163547533041868,0.3676440025576296
train,1996,3,0.18205447433981198,0.22948342561721802,0.04742895127740604,0.2605206570678262
train,1996,4,0.8982937751890697,0.6178798675537109,0.2804139076353588,0.3121628084042173
train,1996,5,1.1569011184107045,1.20018470287323,0.04328358446252545,0.03741338284982294
train,1996,6,1.7835479801478376,1.6530293226242065,0.130518657523631,0.07317922420721151
train,1996,7,2.371868965931946,2.309345006942749,0.06252395898919705,0.026360629481318756
train,1996,8,2.767484061021484,3.497141122817993,0.7296570617965092,0.2636535733206455
train,1996,9,4.117186352275819,3.999143123626709,0.11804322864911043,0.028670849106412703
train,1996,10,4.924093648150919,5.06105375289917,0.13696010474825115,0.027814277009060175
train,1996,11,7.596602857637469,7.1801652908325195,0.4164375668049498,0.05481892032650057
train,1996,12,7.407914986767613,9.42043399810791,2.012519011340297,0.27167145073004845
train,1996,13,13.713751295499877,12.326700210571289,1.3870510849285882,0.10114308295671391
train,1996,14,15.671195922130948,17.186269760131836,1.5150738380008875,0.09667889071957778
train,1996,15,19.639367304304297,22.2362117767334,2.596844472429101,0.1322264832767717
train,1996,16,30.187130903708923,28.00725555419922,2.179875349509704,0.07221207462421686
train,1996,17,36.12032212221696,25.798097610473633,10.322224511743329,0.28577332385953524
train,1997,1,0.3919908430939051,0.7636545896530151,0.37166374655911005,0.9481439505695963
train,1997,2,0.24344867444631227,0.2678612470626831,0.024412572616370837,0.10027810860664292
train,1997,3,0.15522442735768452,0.2063196301460266,0.05109520278834209,0.3291698584931736
train,1997,4,0.49534199649793215,0.6035707592964172,0.10822876279848509,0.21849300798931634
train,1997,5,1.0853352600618333,1.1593105792999268,0.07397531923809342,0.06815895692342176
train,1997,6,1.0560195997237702,1.5378495454788208,0.48182994575505056,0.4562698891958346
train,1997,7,1.916372162117157,2.1576969623565674,0.2413248002394104,0.12592794082996656
train,1997,8,2.7634604799010525,3.303135633468628,0.5396751535675754,0.19528962237473488
train,1997,9,3.7482359582274922,3.733631134033203,0.014604824194289101,0.0038964527199060587
train,1997,10,4.525235731261338,4.821353435516357,0.2961177042550194,0.06543696767205005
train,1997,11,6.395812218953254,6.884096145629883,0.4882839266766288,0.0763443187449405
train,1997,12,7.268811414726078,8.989349365234375,1.7205379505082972,0.23670141545045137
train,1997,13,10.153303851964834,11.736907958984375,1.583604107019541,0.15596934063122037
train,1997,14,14.45445347165972,16.0914363861084,1.6369829144486783,0.11325111099206436
train,1997,15,18.62891207153503,21.2020206451416,2.5731085736065715,0.1381244682311933
train,1997,16,27.400171111272677,26.614757537841797,0.7854135734308798,0.028664549949022945
train,1997,17,34.48731728906694,26.03035545349121,8.456961835575726,0.24521947487798595
train,1998,1,0.6223597253042479,0.6787804365158081,0.056420711211560226,0.09065610918811888
train,1998,2,0.19217981881286667,0.23542359471321106,0.043243775900344394,0.22501725814523535
train,1998,3,0.2314518356445084,0.19776275753974915,0.03368907810475927,0.14555545870181583
train,1998,4,0.5685665543702594,0.5651753544807434,0.0033911998895159723,0.00596447304795492
train,1998,5,1.2232490718597668,1.0831292867660522,0.1401197850937146,0.11454722371509254
train,1998,6,1.222774365629487,1.4685951471328735,0.2458207815033866,0.20103527552823408
train,1998,7,2.428585634390872,2.048412799835205,0.38017283455566675,0.1565408397266023
train,1998,8,3.2010755613886266,2.999358654022217,0.2017169073664098,0.0630153532767099
train,1998,9,3.6636059564999166,3.484121799468994,0.17948415703092246,0.04899111944952357
train,1998,10,5.928302037287942,4.424495220184326,1.5038068171036159,0.2536656883614719
train,1998,11,7.237710772960455,6.411202907562256,0.8265078653981988,0.11419465233204068
train,1998,12,8.148108338635383,8.465628623962402,0.3175202853270189,0.03896858904310508
train,1998,13,12.660323519959483,11.18127155303955,1.4790519669199327,0.1168257639378673
train,1998,14,15.318096932917378,15.129327774047852,0.18876915886952617,0.012323277473448014
train,1998,15,19.854635702889546,19.871768951416016,0.017133248526469913,0.0008629344190876069
train,1998,16,31.878352207974398,25.526687622070312,6.351664585904086,0.19924695431136533
train,1998,17,35.305237406872024,26.643098831176758,8.662138575695266,0.2453499597203946
train,1999,1,0.6234791150660731,0.6008599400520325,0.02261917501404065,0.0362789618247394
train,1999,2,0.11879097397669895,0.21674737334251404,0.09795639936581509,0.8246114674015955
train,1999,3,0.25509930760945915,0.17607341706752777,0.07902589054193138,0.3097848100105596
train,1999,4,0.5885994703674947,0.5292844772338867,0.059314993133607996,0.10077309973873004
train,1999,5,1.200743260077988,1.0290571451187134,0.17168611495927455,0.14298320104497658
train,1999,6,2.1337402526865747,1.3724799156188965,0.7612603370676783,0.35677273093987183
train,1999,7,2.1928338843237563,1.937715768814087,0.25511811550966934,0.11634174267980557
train,1999,8,2.524030727763378,2.7098679542541504,0.1858372264907726,0.07362716485443707
train,1999,9,5.016842256145629,3.2947354316711426,1.7221068244744862,0.34326509316982473
train,1999,10,4.523708130351425,4.200084686279297,0.32362344407212795,0.07153941738653145
train,1999,11,5.7962783985078214,6.16796875,0.37169035149217855,0.0641256899578532
train,1999,12,8.436591082606755,7.867892265319824,0.568698817286931,0.06740860280158865
train,1999,13,13.223525180236647,10.700751304626465,2.5227738756101825,0.1907792242404793
train,1999,14,16.561192301523246,14.196228981018066,2.364963320505179,0.14280151316686993
train,1999,15,21.73343852089403,18.823814392089844,2.909624128804186,0.13387776287708944
train,1999,16,27.706445083516968,24.410757064819336,3.295688018697632,0.11895023012743608
train,1999,17,41.49802621729734,26.883758544921875,14.614267672375462,0.3521677777118841
train,2000,1,0.6496610161626379,0.5453769564628601,0.10428405969977783,0.1605207286649174
train,2000,2,0.16483262894856557,0.21048283576965332,0.04565020682108775,0.27694884873222225
train,2000,3,0.17672510208399275,0.17576538026332855,0.0009597218206642,0.005430591406322341
train,2000,4,0.5573705486994555,0.5126103758811951,0.04476017281826039,0.08030595251690559
train,2000,5,1.0874481735426205,0.9988556504249573,0.08859252311766319,0.08146827156734335
train,2000,6,1.7494326492727692,1.2767128944396973,0.47271975483307194,0.2702131774145801
train,2000,7,1.6049534760016875,1.8606737852096558,0.2557203092079683,0.15933191399720054
train,2000,8,2.3017849295863044,2.456928014755249,0.1551430851689446,0.06740120815577708
train,2000,9,3.5912929103388853,3.181105375289917,0.4101875350489683,0.11421723186877217
train,2000,10,5.016934662954803,3.932230234146118,1.084704428808685,0.21620860180180518
train,2000,11,4.705498531884458,5.839337348937988,1.1338388170535305,0.2409604018299863
train,2000,12,7.715683493018516,7.429900646209717,0.2857828468087993,0.03703921332016158
train,2000,13,10.302268559536811,10.462912559509277,0.16064399997246603,0.015593070501325872
train,2000,14,14.835220347783615,13.683154106140137,1.1520662416434782,0.07765750791935622
train,2000,15,16.26777420329406,18.00975227355957,1.7419780702655103,0.10708152501358609
train,2000,16,26.81670902394558,24.195209503173828,2.621499520771753,0.09775619813866147
train,2000,17,37.560694101727286,27.399747848510742,10.160946253216544,0.27052072641940356
train,2001,1,0.5143021585962918,0.507148265838623,0.007153892757668756,0.013909902258976104
train,2001,2,0.2808031062439612,0.1886746883392334,0.09212841790472781,0.3280890269937354
train,2001,3,0.2743707991648151,0.16378168761730194,0.11058911154751316,0.40306443646242035
train,2001,4,0.5543841623532504,0.5112140774726868,0.04317008488056362,0.07787034300770307
train,2001,5,1.1509678488641104,0.9817168712615967,0.16925097760251373,0.14705100387417458
train,2001,6,1.6162446813428137,1.241355538368225,0.37488914297458864,0.23195073574063677
train,2001,7,1.9065300626919692,1.8194355964660645,0.08709446622590478,0.04568218877329636
train,2001,8,2.2334474911340716,2.3276216983795166,0.09417420724544501,0.04216540018032135
train,2001,9,3.7992808277999686,3.193772077560425,0.6055087502395438,0.15937457052628917
train,2001,10,5.325659219781244,3.869185209274292,1.4564740105069518,0.2734823897662953
train,2001,11,7.4377901418441,5.68962287902832,1.7481672628157794,0.2350385301919946
train,2001,12,7.49505287875709,7.2314229011535645,0.26362997760352513,0.03517386493038431
train,2001,13,13.506145296109732,10.34707260131836,3.159072694791373,0.23389891234925989
train,2001,14,14.046599594153596,13.22318172454834,0.8234178696052563,0.05862044148734164
train,2001,15,20.836092635006583,17.722335815429688,3.1137568195768957,0.14944053446687716
train,2001,16,22.589829870343802,23.56190299987793,0.9720731295341274,0.043031449776885375
train,2001,17,33.96210395233985,27.68307113647461,6.279032815865243,0.1848835049994733
train,2002,1,0.8499482475955904,0.47869065403938293,0.37125759355620747,0.4368002341389812
train,2002,2,0.27983286515740335,0.16782866418361664,0.11200420097378672,0.40025391910412367
train,2002,3,0.07387395773079879,0.1566927284002304,0.08281877066943162,1.1210820864655335
train,2002,4,0.7621103940557485,0.49193182587623596,0.2701785681795126,0.35451369025600044
train,2002,5,1.4393963341115477,0.9615477919578552,0.47784854215369243,0.331978434868189
train,2002,6,0.8982656415316972,1.2327059507369995,0.3344403092053023,0.37231782419580456
train,2002,7,2.2806283428557825,1.7402865886688232,0.5403417541869593,0.23692670306381933
train,2002,8,2.414093135713178,2.213726043701172,0.20036709201200598,0.08299890714561432
train,2002,9,3.615551486991707,3.1176860332489014,0.49786545374280555,0.13770111019962633
train,2002,10,5.842164348963224,3.931990146636963,1.9101742023262611,0.326963448514577
train,2002,11,5.887997462914358,5.613542079925537,0.2744553829888208,0.046612687032804544
train,2002,12,6.09055918760853,7.07828426361084,0.9877250760023095,0.16217313477746195
train,2002,13,12.099295530617018,10.184324264526367,1.9149712660906513,0.15827130275847032
train,2002,14,14.384721213037722,12.949577331542969,1.4351438814947528,0.0997686267422338
train,2002,15,18.593452583544472,17.188188552856445,1.405264030688027,0.07557843409521665
train,2002,16,24.045808388616233,23.400915145874023,0.64489324274221,0.026819362124148368
train,2002,17,33.36699891837177,27.841346740722656,5.525652177649114,0.16560231236758127
train,2003,1,0.6927447646411601,0.45444002747535706,0.23830473716580303,0.344000776806881
train,2003,2,0.18650109720926744,0.17024153470993042,0.01625956249933702,0.08718212784027463
train,2003,3,0.2673798091297081,0.15241648256778717,0.11496332656192093,0.42996263231574583
train,2003,4,0.49662205519457503,0.47656485438346863,0.0200572008111064,0.0403872534481129
train,2003,5,1.1110956792266773,0.9407241344451904,0.17037154478148686,0.15333651994750994
train,2003,6,1.1077547899317115,1.2128679752349854,0.10511318530327385,0.09488849541301352
train,2003,7,1.6296243084073994,1.6724796295166016,0.042855321109202205,0.026297669277563482
train,2003,8,2.0609786134614336,2.120795488357544,0.05981687489611032,0.02902353013533618
train,2003,9,3.8220656091285923,3.0590410232543945,0.7630245858741977,0.19963670535942554
train,2003,10,4.33281625383804,3.9733495712280273,0.35946668261001236,0.08296374956854245
train,2003,11,6.182891041159502,5.5842814445495605,0.5986095966099416,0.09681710265066958
train,2003,12,6.1405500504810355,6.835469722747803,0.6949196722667672,0.11316896150243344
train,2003,13,9.239668603886077,10.165315628051758,0.9256470241656807,0.10018184242844663
train,2003,14,14.43426694973868,12.831377983093262,1.602888966645418,0.1110474797387841
train,2003,15,20.17911661680936,16.348674774169922,3.8304418426394378,0.18982207771416815
train,2003,16,26.533724795657985,22.691394805908203,3.842329989749782,0.1448092953153114
train,2003,17,36.0244288008951,28.133609771728516,7.890819029166586,0.21904078126480392
train,2004,1,0.6534166673523504,0.4407109320163727,0.2127057353359777,0.32552848123317324
train,2004,2,0.07009429317966172,0.1600961983203888,0.09000190514072708,1.284011879665514
train,2004,3,0.09613653695524525,0.1489732563495636,0.052836719394318346,0.5496008184522602
train,2004,4,0.33713159620659505,0.4710041582584381,0.13387256205184306,0.3970928965358932
train,2004,5,1.262661613824277,0.9304242730140686,0.3322373408102084,0.26312460691957196
train,2004,6,1.2114186457830525,1.193286657333374,0.01813198844967845,0.014967565930061355
train,2004,7,1.4372022818761436,1.6069867610931396,0.16978447921699602,0.11813540888290192
train,2004,8,2.4598944536793463,2.0241830348968506,0.43571141878249575,0.17712606251484103
train,2004,9,2.819193066396024,2.916959285736084,0.09776621934005991,0.03467879532812798
train,2004,10,3.880687605519818,3.9202373027801514,0.03954969726033353,0.010191414842067828
train,2004,11,5.255583922464422,5.276976108551025,0.021392186086603537,0.004070372845757613
train,2004,12,5.629053605065596,6.493968486785889,0.864914881720293,0.15365191778273363
train,2004,13,10.231620554069178,9.88535213470459,0.34626841936458774,0.03384296920851319
train,2004,14,15.480566025786871,12.22708797454834,3.253478051238531,0.2101653160368177
train,2004,15,20.058728336950434,16.084962844848633,3.9737654921018013,0.19810655119055978
train,2004,16,21.44354622125159,21.777339935302734,0.33379371405114355,0.01556616198678567
train,2004,17,31.607332901233104,27.926921844482422,3.680411056750682,0.11644168358814548
train,2005,1,0.6390278911096468,0.44519034028053284,0.1938375508291139,0.30333191011775607
train,2005,2,0.3288836163102782,0.15197886526584625,0.17690475104443193,0.5378946906160174
train,2005,3,0.1666912337794545,0.14491984248161316,0.021771391297841336,0.13060909565595977
train,2005,4,0.33354457823288064,0.45661914348602295,0.12307456525314231,0.36898985408433993
train,2005,5,0.7621071609766292,0.9033052325248718,0.1411980715482426,0.18527325129331426
train,2005,6,0.8205033453744729,1.1163057088851929,0.29580236351072,0.3605132936726261
train,2005,7,1.339510710225322,1.5445811748504639,0.20507046462514178,0.15309356099921986
train,2005,8,1.6520360332659372,1.926810383796692,0.2747743505307547,0.16632467149483565
train,2005,9,2.763837944336302,2.8229756355285645,0.05913769119226231,0.021396945979928653
train,2005,10,3.963354988430374,3.9415524005889893,0.021802587841384558,0.0055010434101976915
train,2005,11,5.376902601324595,5.138009071350098,0.2388935299744972,0.04442958105947494
train,2005,12,4.950018018065584,6.166616439819336,1.2165984217537522,0.24577656431015185
train,2005,13,6.54608096468562,9.7650146484375,3.21893368375188,0.49173447458359987
train,2005,14,11.153931077811192,12.367218971252441,1.2132878934412492,0.10877670706202998
train,2005,15,17.14160740990313,15.7440185546875,1.3975888552156306,0.08153196032293492
train,2005,16,22.414235260621,21.527034759521484,0.8872005010995139,0.03958201075270118
train,2005,17,27.789982837807894,28.0128116607666,0.2228288229587072,0.008018314522150176
train,2006,1,0.771010598411171,0.44776639342308044,0.3232442049880906,0.41924742105203716
train,2006,2,0.16571032084122128,0.14930620789527893,0.01640411294594235,0.0989927052374806
train,2006,3,0.09458863167612469,0.1397475004196167,0.04515886874349201,0.477423850443681
train,2006,4,0.43058021190118656,0.4436192214488983,0.013039009547711755,0.030282417043990362
train,2006,5,0.8655184482552494,0.888538658618927,0.02302021036367763,0.026597018711797763
train,2006,6,1.188139516094539,1.039247989654541,0.14889152643999792,0.12531485101117154
train,2006,7,1.6685270743545713,1.468658208847046,0.19986886550752536,0.11978760703341894
train,2006,8,1.7913866075937228,1.8092907667160034,0.017904159122280605,0.009994581318390195
train,2006,9,2.0485260501874745,2.716766595840454,0.6682405456529796,0.3262055396325071
train,2006,10,2.653440287387996,3.856710910797119,1.2032706234091233,0.45347567425123786
train,2006,11,5.128661524932086,4.991368770599365,0.13729275433272115,0.026769704661785493
train,2006,12,5.83935675677048,5.7559494972229,0.08340725954757922,0.014283638253624057
train,2006,13,6.688316996499778,9.44013786315918,2.7518208666594015,0.4114369680891487
train,2006,14,11.125737355489349,12.153881072998047,1.0281437175086978,0.09241128786860384
train,2006,15,15.175208622987112,15.706391334533691,0.5311827115465793,0.035003321848367804
train,2006,16,21.21861658549237,21.1036376953125,0.11497889017987006,0.005418774108886921
train,2006,17,25.884230121443146,27.692235946655273,1.8080058252121276,0.06984970450074389
train,2007,1,0.5031416162518765,0.46512937545776367,0.038012240794112806,0.07554978472503862
train,2007,2,0.19121148970720486,0.1436534970998764,0.04755799260732846,0.24871932476392264
train,2007,3,0.21194668080900533,0.13385304808616638,0.07809363272283895,0.3684588615607723
train,2007,4,0.5496145827738296,0.4031760096549988,0.1464385731188308,0.26643866030538876
train,2007,5,0.914532376732467,0.8789995908737183,0.03553278585874875,0.03885350236113564
train,2007,6,1.2798034221943524,0.9760121703147888,0.3037912518795636,0.23737337048094884
train,2007,7,1.388464635805726,1.3977062702178955,0.00924163441216952,0.006656009936327937
train,2007,8,1.4931385194785014,1.7522488832473755,0.2591103637688741,0.1735340428155308
train,2007,9,2.6173442680160552,2.5234358310699463,0.09390843694610895,0.03587928347586295
train,2007,10,3.287385194013159,3.6926004886627197,0.40521529464956085,0.1232637098285281
train,2007,11,4.456859057645594,4.781693935394287,0.32483487774869335,0.07288426076462459
train,2007,12,6.960777848606742,5.543667793273926,1.4171100553328166,0.20358501393867345
train,2007,13,8.787200136795326,8.813815116882324,0.026614980086998585,0.003028835086565126
train,2007,14,12.641378951360437,11.853104591369629,0.7882743599908082,0.062356675092467936
train,2007,15,14.547632196311119,15.545435905456543,0.9978037091454244,0.06858873634421218
train,2007,16,23.004459030975486,20.4357852935791,2.5686737373963844,0.1116598192523265
train,2007,17,26.651335164844365,27.14362144470215,0.49228627985778317,0.01847135525529456
train,2008,1,0.8390200246112546,0.4972717761993408,0.34174824841191376,0.4073183456733939
train,2008,2,0.14498983983697344,0.13860656321048737,0.0063832766264860785,0.044025682307252754
train,2008,3,0.09408289173176014,0.13282470405101776,0.03874181231925762,0.411783817501089
train,2008,4,0.4929344015221817,0.39302971959114075,0.09990468193104096,0.20267338133092877
train,2008,5,1.0423899917731367,0.8606995940208435,0.18169039775229323,0.17430174808476248
train,2008,6,1.2579490227594423,0.9783577919006348,0.27959123085880755,0.22225958747141658
train,2008,7,1.8232003547426985,1.3559352159500122,0.4672651387926863,0.25628842029178595
train,2008,8,1.9090397121168101,1.6755671501159668,0.23347256200084332,0.12229843125779634
train,2008,9,2.216382669549813,2.3629374504089355,0.14655478085912277,0.06612341039863145
train,2008,10,3.2368769686184766,3.518125295639038,0.28124832702056146,0.08688879118581806
train,2008,11,4.157301061466397,4.658421516418457,0.5011204549520603,0.12053985206815415
train,2008,12,6.700454984403813,5.388157367706299,1.3122976166975144,0.19585201598277477
train,2008,13,6.834548490741842,8.521421432495117,1.6868729417532755,0.24681556419390194
train,2008,14,10.010449683700443,11.631108283996582,1.6206586002961387,0.16189668311652583
train,2008,15,14.32471371233219,15.316282272338867,0.9915685600066766,0.06922082911527669
train,2008,16,20.433681455777965,19.990625381469727,0.4430560743082381,0.02168263586114263
train,2008,17,24.146147736298634,26.50879669189453,2.3626489555958976,0.09784786299654981
train,2009,1,0.5646538979598538,0.5008469820022583,0.06380691595759547,0.11300181613555259
train,2009,2,0.2200173764834671,0.13645493984222412,0.08356243664124297,0.37979925938778
train,2009,3,0.1884474194010387,0.12338709086179733,0.06506032853924137,0.3452439345982231
train,2009,4,0.2921036354488207,0.38032111525535583,0.08821747980653516,0.30200746961155056
train,2009,5,0.9801031121452518,0.8306699991226196,0.14943311302263218,0.15246672637881967
train,2009,6,1.1569570224328318,0.9713886976242065,0.18556832480862528,0.1603934469564432
train,2009,7,1.403402677373354,1.2872393131256104,0.11616336424774354,0.08277265400766887
train,2009,8,1.4361478411620476,1.5730998516082764,0.13695201044622873,0.09536066310228879
train,2009,9,2.0694950225195563,2.208462953567505,0.13896793104794858,0.06715064763900305
train,2009,10,3.0087505749534307,3.208043098449707,0.19929252349627635,0.06623763536772893
train,2009,11,4.1021221043976555,4.407220840454102,0.3050987360564461,0.07437582994647879
train,2009,12,5.771718353724849,5.205847263336182,0.5658710903886677,0.09804204843491328
train,2009,13,6.195687509931323,7.972898960113525,1.777211450182202,0.28684652790076154
train,2009,14,9.506066732588462,11.229574203491211,1.7235074709027494,0.18130605637283007
train,2009,15,13.122885106462741,14.882515907287598,1.7596308008248567,0.13408871498525443
train,2009,16,17.622471588353733,19.169158935546875,1.5466873471931422,0.0877679013093273
train,2009,17,24.613210196815093,25.675865173339844,1.062654976524751,0.0431741722443915
train,2010,1,0.336508768124233,0.5023706555366516,0.16586188741241858,0.4928902397892124
train,2010,2,0.22255644155000165,0.14498840272426605,0.0775680388257356,0.34853198714520195
train,2010,3,0.2365080438750802,0.11501456052064896,0.12149348335443125,0.5136970454082673
train,2010,4,0.337210856744398,0.36786237359046936,0.03065151684607137,0.09089718267645806
train,2010,5,0.5235719966470445,0.8054524064064026,0.28188040975935813,0.5383794617817266
train,2010,6,1.1738788478770399,0.9054053425788879,0.26847350529815195,0.22870631478151054
train,2010,7,1.3082763116949638,1.2361328601837158,0.07214345151124801,0.055143894960328343
train,2010,8,1.743102866652289,1.5021363496780396,0.24096651697424942,0.13823998662620451
train,2010,9,1.5846151779264475,2.085167646408081,0.5005524684816336,0.31588266694271916
train,2010,10,2.9463976605602595,2.982612133026123,0.03621447246586351,0.012291101418728731
train,2010,11,3.4405702462098215,4.25658655166626,0.8160163054564382,0.23717472600803183
train,2010,12,4.466277156462946,5.027710914611816,0.56143375814887,0.12570508691703536
train,2010,13,5.880224036535791,7.3806281089782715,1.50040407244248,0.2551610386134464
train,2010,14,7.886887017526724,10.673161506652832,2.786274489126108,0.3532793715611654
train,2010,15,11.151379983272937,14.10977840423584,2.9583984209629026,0.26529437839982434
train,2010,16,16.542745916009597,18.553781509399414,2.011035593389817,0.1215660086662803
train,2010,17,19.30223848347785,24.28485679626465,4.982618312786798,0.25813681232109503
train,2011,1,0.36534208414611086,0.49989357590675354,0.13455149176064268,0.36828905729476097
train,2011,2,0.1249955626575256,0.14699773490428925,0.02200217224676365,0.17602362658961915
train,2011,3,0.07141590360757427,0.11159049719572067,0.0401745935881464,0.5625440771335839
train,2011,4,0.358448634310703,0.35468053817749023,0.0037680961332127727,0.010512234592407676
train,2011,5,0.7747501688955367,0.7886375784873962,0.013887409591859523,0.017925016540027504
train,2011,6,0.8881879605566836,0.8648638129234314,0.02332414763325219,0.026260373557199776
train,2011,7,1.2167300380228139,1.231896162033081,0.015166124010267179,0.012464658170928091
train,2011,8,1.3605321857697847,1.44855797290802,0.08802578713823528,0.06469952571417181
train,2011,9,1.413969118224716,1.979332447052002,0.5653633288272859,0.3998413554722595
train,2011,10,2.607179520604867,2.7321064472198486,0.1249269266149815,0.04791650349644909
train,2011,11,3.835108862304417,4.170910358428955,0.3358014961245379,0.08755983420055408
train,2011,12,3.670013369334418,4.873981952667236,1.2039685833328182,0.32805563963131773
train,2011,13,4.977389870204472,7.0368170738220215,2.05942720361755,0.41375645816801054
train,2011,14,6.74153061508827,10.139638900756836,3.398108285668566,0.5040559006084954
train,2011,15,10.399191118339035,13.772821426391602,3.373630308052567,0.3244127614986156
train,2011,16,14.058296239932947,17.861709594726562,3.8034133547936158,0.2705458250331682
train,2011,17,18.886522329521558,23.055503845214844,4.168981515693286,0.22073844209934418
train,2012,1,0.31536497582858874,0.49754881858825684,0.1821838427596681,0.5776920607002134
train,2012,2,0.025271664070845485,0.1397964209318161,0.11452475686097062,4.531745774056871
train,2012,3,0.04802836363042548,0.10437566787004471,0.05634730423961923,1.1732089119678142
train,2012,4,0.28539287897201476,0.33660441637039185,0.05121153739837708,0.17944223970360304
train,2012,5,0.6875696323412385,0.7531722784042358,0.06560264606299737,0.09541236694750299
train,2012,6,0.7449926149158006,0.833133339881897,0.08814072496609637,0.11831087074056401
train,2012,7,1.5185820850191574,1.1886049509048462,0.3299771341143112,0.2172929190784778
train,2012,8,1.4480459629993951,1.3930832147598267,0.05496274823956848,0.037956494230116836
train,2012,9,1.9716899908368288,1.8481155633926392,0.12357442744418967,0.06267436971249181
train,2012,10,2.359666857942694,2.4723753929138184,0.11270853497112432,0.047764596341935715
train,2012,11,2.8200524529756246,3.811655282974243,0.9916028299986186,0.35162566886015223
train,2012,12,4.240937772316169,4.621974945068359,0.3810371727521904,0.08984738593417248
train,2012,13,5.559657059665466,6.388558387756348,0.8289013280908817,0.14909216867067138
train,2012,14,7.917983461742373,9.541019439697266,1.6230359779548929,0.20498097600187898
train,2012,15,10.37119220472251,12.906005859375,2.53481365465249,0.24440909054775992
train,2012,16,16.64341735685374,17.282798767089844,0.6393814102361048,0.03841647400452708
train,2012,17,20.25561795521524,21.938264846801758,1.6826468915865185,0.08307062738380698
train,2013,1,0.5815562604134922,0.4557320475578308,0.12582421285566137,0.2163577652246109
train,2013,2,0.05106775005196137,0.1275322586297989,0.07646450857783751,1.4973150079754378
train,2013,3,0.048530838071763005,0.1115674078464508,0.0630365697746878,1.298897201819926
train,2013,4,0.3324184702149488,0.30473893880844116,0.02767953140650764,0.0832671282932209
train,2013,5,0.5778954004300049,0.6939845681190491,0.1160891676890442,0.20088266423726994
train,2013,6,1.1786634504687241,0.8488625288009644,0.32980092166775976,0.2798092377737908
train,2013,7,1.0827220099534347,1.1208651065826416,0.038143096629206896,0.03522889188408769
train,2013,8,1.1936786756267725,1.3264095783233643,0.1327309026965917,0.11119483442793902
train,2013,9,1.5971185204294023,1.7117397785186768,0.11462125808927448,0.07176753423307969
train,2013,10,2.4814687459011444,2.238825559616089,0.24264318628505555,0.09778208437472863
train,2013,11,3.3776104955471182,3.5525078773498535,0.17489738180273529,0.0517813945785815
train,2013,12,3.7942246064221603,4.425313949584961,0.6310893431628006,0.16632893637726223
train,2013,13,6.091886787878637,5.822521209716797,0.2693655781618398,0.04421710178491287
train,2013,14,7.255368354226873,8.888162612915039,1.6327942586881656,0.22504636277173964
train,2013,15,12.036828064327592,12.167681694030762,0.13085362970316972,0.010871105660382187
train,2013,16,15.871928572979956,16.52198028564453,0.6500517126645757,0.04095606338420458
train,2013,17,20.534640407835823,20.81941795349121,0.2847775456553876,0.01386815352007359
train,2014,1,0.2921597859053089,0.42437437176704407,0.13221458586173518,0.4525420411696713
train,2014,2,0.07732516779561414,0.11578813195228577,0.03846296415667162,0.49741843765330707
train,2014,3,0.09816835037658606,0.09666023403406143,0.0015081163425246236,0.015362551542568844
train,2014,4,0.28529530917452645,0.2886338531970978,0.0033385440225713325,0.011702064195234669
train,2014,5,0.8438986130278087,0.6531609892845154,0.19073762374329328,0.2260195961914467
train,2014,6,0.9508135976124253,0.8296810984611511,0.12113249915127422,0.1273987871600921
train,2014,7,1.1263785140121492,1.091772198677063,0.03460631533508618,0.030723522248118973
train,2014,8,1.2994885862668748,1.2706782817840576,0.028810304482817184,0.022170494444710934
train,2014,9,1.357422595586914,1.5753471851348877,0.21792458954797378,0.16054292175207852
train,2014,10,2.1167702178897425,2.1510627269744873,0.03429250908474479,0.01620039284137113
train,2014,11,3.1001491559262653,3.2434699535369873,0.14332079761072203,0.04623029099638733
train,2014,12,4.736504947068381,4.176216125488281,0.5602888215800998,0.11829161540869233
train,2014,13,5.43904119864514,5.48261022567749,0.04356902703235033,0.00801042416137523
train,2014,14,7.112493569120402,8.233073234558105,1.1205796654377034,0.15755088627463282
train,2014,15,11.415588373832817,11.362432479858398,0.05315589397441833,0.00465643050832661
train,2014,16,19.618429650094765,15.52183723449707,4.096592415597694,0.20881347226370373
train,2014,17,20.569390283857587,19.4737606048584,1.0956296789991882,0.05326505374634082
train,2015,1,0.23985404082102582,0.3975181579589844,0.15766411713795855,0.6573335875335407
train,2015,2,0.15591425651377286,0.11462287604808807,0.041291380465684785,0.26483389902046856
train,2015,3,0.07445327101760003,0.09272552281618118,0.01827225179858115,0.24541906015138468
train,2015,4,0.2863328328076342,0.2865937054157257,0.00026087260809148916,0.0009110817140060185
train,2015,5,0.5401695886976877,0.6049151420593262,0.06474555336163845,0.11986153000137556
train,2015,6,1.1003958204282853,0.8068793416023254,0.2935164788259599,0.266737180727798
train,2015,7,1.0866037484969842,1.0770375728607178,0.009566175636266383,0.008803738850974642
train,2015,8,1.0469257501223006,1.1895145177841187,0.14258876766181805,0.1361975934253454
train,2015,9,1.5299420082436068,1.4866974353790283,0.0432445728645785,0.028265498059103274
train,2015,10,2.253256924452169,2.059016227722168,0.194240696730001,0.08620441576015138
train,2015,11,3.070973612374885,2.9764320850372314,0.09454152733765353,0.03078552253156961
train,2015,12,4.253820972061449,3.9842169284820557,0.2696040435793936,0.06337926427794094
train,2015,13,5.629530910720235,5.054166316986084,0.5753645937341512,0.1022047134759293
train,2015,14,7.501585562402959,7.501032829284668,0.0005527331182912931,7.368217208125321e-05
train,2015,15,9.538374470222784,10.617912292480469,1.0795378222576844,0.113178385439543
train,2015,16,18.176319702660475,15.059525489807129,3.116794212853346,0.1714755387140868
train,2015,17,20.61558371297388,18.502487182617188,2.1130965303566924,0.10249996118357628
train,2016,1,0.26660652023570175,0.37154537439346313,0.10493885415776139,0.39360948136074597
train,2016,2,0.052247313704365785,0.09387797117233276,0.04163065746796698,0.7967999599506974
train,2016,3,0.10023068091211913,0.08260165899991989,0.01762902191219924,0.17588448718092853
train,2016,4,0.40752697528924214,0.28472596406936646,0.12280101121987569,0.3013322274738166
train,2016,5,0.6803984024245509,0.5968917608261108,0.08350664159844001,0.12273197776589034
train,2016,6,0.6600783803471962,0.8269983530044556,0.16691997265725933,0.2528790180481412
train,2016,7,1.2742850411395847,1.0578932762145996,0.21639176492498513,0.16981425500474961
train,2016,8,1.2983740955819734,1.1497020721435547,0.14867202343841868,0.11450630749966137
train,2016,9,1.8997203266275497,1.3951972723007202,0.5045230543268295,0.26557754173331977
train,2016,10,1.8646345668066902,1.9623321294784546,0.09769756267176444,0.052395018525815254
train,2016,11,3.088293952004191,2.7051970958709717,0.38309685613321953,0.12404805439083266
train,2016,12,3.8896680364999447,3.899074077606201,0.009406041106256424,0.002418211790309458
train,2016,13,5.903327766550417,4.9703497886657715,0.9329779778846454,0.15804272010288
train,2016,14,8.208230458055576,7.138489246368408,1.0697412116871678,0.13032543581146544
train,2016,15,11.53999163856746,10.074527740478516,1.4654638980889452,0.12699003118781604
train,2016,16,16.920090341196644,14.634299278259277,2.285791062937367,0.13509331314690684
train,2016,17,19.58703614729912,17.871286392211914,1.7157497550872058,0.0875961907755863
train,2017,1,0.23923661192046916,0.33265429735183716,0.093417685431368,0.3904823959889254
train,2017,2,0.026171152533066493,0.0848463848233223,0.0586752322902558,2.2419812124773397
train,2017,3,0.1515172941839581,0.08041748404502869,0.07109981013892941,0.4692521109315576
train,2017,4,0.2891898659195287,0.2730904221534729,0.01609944376605582,0.05567084349518685
train,2017,5,0.505558495284584,0.5789827108383179,0.07342421555373391,0.14523386757106602
train,2017,6,1.191305849907377,0.8045357465744019,0.3867701033329751,0.32466062628897646
train,2017,7,1.259722961726258,1.0151901245117188,0.24453283721453922,0.1941163610126231
train,2017,8,0.9037347743283892,1.1006404161453247,0.19690564181693548,0.21787989951260656
train,2017,9,1.8058075452090734,1.3515301942825317,0.45427735092654165,0.2515646543462053
train,2017,10,1.6532396638225082,1.923925757408142,0.2706860935856339,0.1637307037260455
train,2017,11,2.3079805939130114,2.473158121109009,0.16517752719599743,0.07156798789017524
train,2017,12,3.0854844020310117,3.7374823093414307,0.651997907310419,0.21131136066707443
train,2017,13,4.926006613561133,4.89406156539917,0.03194504816196275,0.006484978739982323
train,2017,14,8.143220455769791,6.8283610343933105,1.3148594213764806,0.16146675980566014
train,2017,15,10.826119947609312,9.7194242477417,1.106695699867613,0.10222459248771743
train,2017,16,14.928618015798257,14.387341499328613,0.5412765164696438,0.0362576439357481
train,2017,17,21.288286872483177,17.427804946899414,3.8604819255837626,0.1813430056024642
train,2018,1,0.3153281817467552,0.3101714253425598,0.005156756404195384,0.016353617287275957
train,2018,2,0.04921904146901119,0.07554400712251663,0.026324965653505443,0.5348532776597256
train,2018,3,0.14011633392151038,0.07203346490859985,0.06808286901291052,0.4859024433979476
train,2018,4,0.3997185981069327,0.2549797594547272,0.14473883865220555,0.36210183698563586
train,2018,5,0.701853571079373,0.5516005158424377,0.15025305523693522,0.21408034585568697
train,2018,6,1.0446771869141647,0.7756656408309937,0.269011546083171,0.25750686379735854
train,2018,7,1.4692380445075421,0.9909189343452454,0.4783191101622968,0.3255558974599611
train,2018,8,1.6341075775384035,1.0639091730117798,0.5701984045266237,0.34893565904957957
train,2018,9,2.090184254881866,1.28434419631958,0.805840058562286,0.3855354171192172
train,2018,10,1.8057568974496208,1.8346694707870483,0.028912573337427583,0.01601133207811447
train,2018,11,2.574267620861864,2.29936146736145,0.2749061535004138,0.1067900443887293
train,2018,12,4.650268130232876,3.468050241470337,1.1822178887625387,0.25422574691474437
train,2018,13,5.711624245741077,4.612393379211426,1.099230866529651,0.19245503892331675
train,2018,14,8.595047004989754,6.45269250869751,2.142354496292244,0.24925454102208816
train,2018,15,10.586396659722707,9.413079261779785,1.1733173979429221,0.11083255574645588
train,2018,16,13.817181418358354,13.984843254089355,0.16766183573100157,0.012134300813928928
train,2018,17,18.80595874638697,16.95176887512207,1.8541898712649,0.09859587039778185
valid,2019,1,0.3668709264224634,0.2684223909769268,0.09844853544553661,0.26834651741223475
valid,2019,2,0.0738912252199618,0.06698222107796332,0.006909004141998479,0.09350236271408449
valid,2019,3,0.1396821671967605,0.07385643415331124,0.06582573304344926,0.47125366368531424
valid,2019,4,0.3474033222874517,0.242942824603982,0.10446049768346968,0.3006894033003384
valid,2019,5,0.7070214060157622,0.5155152997163156,0.19150610629944664,0.27086323648722227
valid,2019,6,1.2002355462259469,0.7476739689114807,0.4525615773144661,0.3770606350871176
valid,2019,7,1.591692815573346,0.9463077350864211,0.645385080486925,0.40547087614644056
valid,2019,8,1.32643273895391,1.0050126346837704,0.32142010427013945,0.2423191880225942
valid,2019,9,1.589411341641981,1.2518450511370414,0.3375662905049397,0.2123844732075436
valid,2019,10,2.400561229717945,1.734087584961771,0.6664736447561739,0.27763242882757205
valid,2019,11,2.727041900261759,2.2194289007053336,0.5076129995564256,0.18614052079930105
valid,2019,12,3.7650140164923984,3.20997838685131,0.5550356296410883,0.1474192731314262
valid,2019,13,5.364521760405418,4.487160230802077,0.8773615296033404,0.16354888073692356
valid,2019,14,8.600868114288335,6.301125172638561,2.2997429416497743,0.2673849791777438
valid,2019,15,9.211813160323429,9.121599652993758,0.09021350732967015,0.009793241108951557
valid,2019,16,14.446849554879211,13.594730760911803,0.8521187939674082,0.058983018458827835
valid,2019,17,18.87613232839488,16.655242189777102,2.2208901386177793,0.11765599541156181
valid,2020,1,0.1820220465102733,0.2445066775540297,0.0624846310437564,0.3432805654115448
valid,2020,2,0.1228525980130312,0.055498662563399456,0.06735393544963174,0.5482499885101261
valid,2020,3,0.1393788118653182,0.06926574204567798,0.07011306981964022,0.5030396577557819
valid,2020,4,0.41085290781145495,0.24641156105785117,0.16444134675360378,0.4002438430560349
valid,2020,5,0.6644573079305959,0.48498193658340205,0.17947537134719382,0.27010820590699314
valid,2020,6,1.2925385816782655,0.7310582916882429,0.5614802899900226,0.43440118380106507
valid,2020,7,1.0744159273565903,0.9325625467877384,0.14185338056885188,0.1320283671871143
valid,2020,8,1.3227498012999754,0.9766012819293385,0.34614851937063695,0.2616885816427162
valid,2020,9,1.5278955530599927,1.2287561254027894,0.29913942765720325,0.1957852597043731
valid,2020,10,1.700187516514842,1.6419927083545596,0.05819480816028233,0.03422846456344986
valid,2020,11,2.367479428424905,2.1281349521600763,0.2393444762648289,0.10109675015168548
valid,2020,12,3.378834977699689,2.975077178306687,0.40375779939300216,0.11949615830831756
valid,2020,13,4.980758796842102,4.396049804042254,0.5847089927998486,0.11739355721671324
valid,2020,14,6.87269618939678,6.1430809385831795,0.7296152508136009,0.1061614293294599
valid,2020,15,8.419280151547044,8.867863308616894,0.44858315706984975,0.053280464480965066
valid,2020,16,10.808974537144268,13.31791695129905,2.5089424141547827,0.23211659954723265
valid,2020,17,14.119935291422372,16.173503589128803,2.0535682977064305,0.1454375147847734
valid,2021,1,0.3129253013405459,0.23844398419266863,0.07448131714787729,0.23801628321061774
valid,2021,2,0.0493226885106989,0.04573426509475315,0.0035884234159457504,0.07275401086651244
valid,2021,3,0.0933804032819476,0.062333055803863995,0.03104734747808361,0.332482473694277
valid,2021,4,0.4770033288018017,0.24411680745046796,0.23288652135133373,0.4882282937853701
valid,2021,5,1.0163138702451755,0.49221033390363084,0.5241035363415447,0.5156906263756829
valid,2021,6,1.2585813690335377,0.7056864997557522,0.5528948692777855,0.43930005868584654
valid,2021,7,1.978967739180385,0.9229301108002367,1.0560376283801483,0.5336305425660886
valid,2021,8,1.641140796581447,0.9340988854986828,0.7070419110827643,0.43082343242890925
valid,2021,9,2.403536526667854,1.2362083311767973,1.1673281954910568,0.485671086142759
valid,2021,10,1.7852061020444812,1.5544815351897834,0.23072456685469778,0.12924253764892166
valid,2021,11,2.607542098223938,2.0559025295981006,0.5516395686258373,0.21155538351666928
valid,2021,12,4.204017873304137,2.8435465105127524,1.3604713627913845,0.32361217382784385
valid,2021,13,5.706446366654147,4.287287065781824,1.4191593008723231,0.2486940575074866
valid,2021,14,7.420009331403735,6.069392710787835,1.3506166206158996,0.1820235744043471
valid,2021,15,8.600999627290017,8.711965554300733,0.1109659270107155,0.012901515151636565
valid,2021,16,9.887376960317884,12.980877811843834,3.093500851525951,0.31287376459308985
valid,2021,17,15.414272502052142,16.0283479999216,0.6140754978694574,0.03983811093177859
valid,2022,1,0.4469723799990902,0.22912998864976672,0.21784239134932346,0.4873732720336758
valid,2022,2,0.024827295128264003,0.04089591202095024,0.01606861689268624,0.6472157683317711
valid,2022,3,0.11781349464042838,0.06369972197714485,0.05411377266328353,0.45931726945187107
valid,2022,4,0.5670935141741621,0.2357392864631125,0.3313542277110496,0.5843026228099338
valid,2022,5,1.2799008413663953,0.4691582764598832,0.8107425649065121,0.6334417000932251
valid,2022,6,1.44480368328619,0.7003708510531279,0.744432832233062,0.5152484319110694
valid,2022,7,1.848749966443922,0.9030994051921087,0.9456505612518132,0.5115080883924311
valid,2022,8,1.9271934254215248,0.9039513915319071,1.0232420338896178,0.5309493174849735
valid,2022,9,2.0722612514776126,1.232429182998993,0.8398320684786196,0.40527325783820806
valid,2022,10,2.135149450130141,1.4833298926251417,0.6518195575049992,0.30528053081481693
valid,2022,11,2.71004766431832,1.9546429307383089,0.7554047335800109,0.27874223155766714
valid,2022,12,4.140904235454882,2.764887892369179,1.3760163430857033,0.33229851859498855
valid,2022,13,6.751371457285795,4.243774885441714,2.507596571844081,0.3714203236644041
valid,2022,14,8.853739670157953,6.068318863769322,2.7854208063886308,0.3146038747645517
valid,2022,15,11.404432779730316,8.589413745501892,2.815019034228424,0.2468355146282641
valid,2022,16,12.799137360795223,12.904209712248283,0.10507235145306026,0.008209330714341502
valid,2022,17,19.795935357945663,15.796286641277986,3.999648716667677,0.20204393701771217
valid,2023,1,0.3186098415393953,0.2229891389908316,0.09562070254856372,0.3001184837425694
valid,2023,2,0.1501543211035141,0.0449108477330713,0.10524347337044279,0.7009020625999077
valid,2023,3,0.1189274174078818,0.06725345869339565,0.05167395871448616,0.43449996510751615
valid,2023,4,0.4545694227513814,0.23296934879986944,0.22160007395151196,0.48749445708367556
valid,2023,5,1.1208915122732015,0.4530940327699646,0.6677974795032369,0.5957735179458428
valid,2023,6,2.1329688225762498,0.701514403582622,1.4314544189936278,0.6711089275388529
valid,2023,7,2.0955744672248455,0.8577327193099871,1.2378417479148585,0.5906932763661378
valid,2023,8,2.1494608297965976,0.8671785851546658,1.2822822446419317,0.5965599497631584
valid,2023,9,2.7059547770249144,1.1732631848589434,1.532691592165971,0.5664143411334227
valid,2023,10,2.4274078621717816,1.4238119274953493,1.0035959346764323,0.4134434720739966
valid,2023,11,3.174217275893948,1.9003363790233934,1.2738808968705548,0.4013212663620807
valid,2023,12,4.816564735009296,2.587734688042063,2.2288300469672326,0.46274267441408495
valid,2023,13,6.016609355168794,4.113518748237843,1.9030906069309506,0.31630616092695346
valid,2023,14,7.849123152742266,5.874087187993773,1.9750359647484927,0.2516250447743604
valid,2023,15,12.964215784156238,8.437393178396462,4.526822605759776,0.34917828283078445
valid,2023,16,15.638413630572552,12.522249787348507,3.1161638432240455,0.19926342382528203
valid,2023,17,22.3240017786008,15.377013989774072,6.946987788826727,0.3111891791500221
