age,age_label,year,obs_x100k,pred_x100k,phase,err_abs,error_pct
1,0–4,1979,4.902390601753039,3.3237729114314387,train,1.5786176903216003,32.2009774120631
1,0–4,1980,4.247332661298663,3.204829421445986,train,1.0425032398526772,24.544892594636604
1,0–4,1981,4.42056195919306,3.5096436007857448,train,0.9109183584073155,20.60639273504486
1,0–4,1982,3.948396590826327,2.894431957580723,train,1.053964633245604,26.69348453228779
1,0–4,1983,2.7878779908867948,2.825074400966578,train,0.03719641007978325,1.3342194386330177
1,0–4,1984,2.2064843643326215,2.4231893581079347,train,0.21670499377531316,9.821279374479424
1,0–4,1985,2.403795746918155,2.4258366657548187,train,0.022040918836663703,0.9169214507897271
1,0–4,1986,1.829664813029856,1.9953536561769394,train,0.16568884314708332,9.055693806162717
1,0–4,1987,1.515381501081351,1.7726643384801104,train,0.25728283739875946,16.978090151896847
1,0–4,1988,1.4045806887712553,1.5384567971136192,train,0.13387610834236385,9.531393206002308
1,0–4,1989,1.143998583431319,1.344395045127548,train,0.20039646169622882,17.51719491602498
1,0–4,1990,1.0341928789418138,1.1476757020969457,train,0.11348282315513192,10.973081082442528
1,0–4,1991,0.9250214154629014,0.9517104337239226,train,0.026689018261021213,2.885232472987172
1,0–4,1992,0.9379044713032496,1.0255686791310645,train,0.08766420782781492,9.346816281406845
1,0–4,1993,0.8304510749240078,1.0468554633012046,train,0.21640438837719678,26.05865594153145
1,0–4,1994,0.6339486548548727,0.8511961022185114,train,0.21724744736363866,34.268934195210534
1,0–4,1995,0.6285641917688821,0.8674224329818849,train,0.2388582412130028,38.00061224308956
1,0–4,1996,0.5090382047055492,0.8519330729044511,train,0.3428948681989019,67.36132279054534
1,0–4,1997,0.39199084309390525,0.6005715664072891,train,0.2085807233133839,53.210611163030755
1,0–4,1998,0.6223597253042474,0.7124592709045545,train,0.09009954560030708,14.477084865390498
1,0–4,1999,0.6234791150660726,0.806734471692345,train,0.18325535662627246,29.392380947171286
1,0–4,2000,0.6496610161626379,0.7407825466878449,train,0.091121530525207,14.026011759707524
1,0–4,2001,0.5143021585962918,0.8085852093147937,train,0.2942830507185019,57.21987469811559
1,0–4,2002,0.8499482475955908,0.7065588402456244,train,0.1433894073499664,16.870369196665695
1,0–4,2003,0.6927447646411605,0.594248002097607,train,0.09849676254355355,14.218333731410377
1,0–4,2004,0.6534166673523508,0.7204776389282923,train,0.06706097157594149,10.263125342007733
1,0–4,2005,0.6390278911096473,0.5240622421071865,train,0.11496564900246076,17.990709107051234
1,0–4,2006,0.771010598411171,0.5398847848858351,train,0.2311258135253359,29.976995647221855
1,0–4,2007,0.5031416162518767,0.5445641225180371,train,0.0414225062661604,8.2327728274069
1,0–4,2008,0.8390200246112541,0.6167439619883043,train,0.22227606262294985,26.49234298382065
1,0–4,2009,0.5646538979598541,0.5487041634649797,train,0.015949734494874357,2.824692179138796
1,0–4,2010,0.3365087681242328,0.42899698856279617,train,0.09248822043856336,27.484639093985937
1,0–4,2011,0.3653420841461107,0.2513417362890529,train,0.11400034785705782,31.203727356924432
1,0–4,2012,0.3153649758285886,0.27097805054536644,train,0.044386925283222134,14.07477959992232
1,0–4,2013,0.5815562604134918,0.32285575453288085,train,0.258700505880611,44.48417521920795
1,0–4,2014,0.2921597859053089,0.3581746192557883,train,0.06601483335047942,22.595455136277824
1,0–4,2015,0.23985404082102568,0.24997054968432564,train,0.010116508863299956,4.217777123400099
1,0–4,2016,0.2666065202357015,0.24843239678427048,train,0.018174123451431046,6.816833825130632
1,0–4,2017,0.23923661192046922,0.24475538361669125,train,0.00551877169622203,2.3068257203277343
1,0–4,2018,0.3153281817467552,0.32325527203791693,train,0.007927090291161731,2.5139174834452622
1,0–4,2019,0.3668709264224634,0.3414167162201342,test,0.025454210202329186,6.938192254847107
1,0–4,2020,0.1820220465102733,0.3234391263769817,test,0.1414170798667084,77.69228100549175
1,0–4,2021,0.3129253013405459,0.30640816193678805,test,0.006517139403757866,2.0826501966568327
1,0–4,2022,0.4469723799990902,0.2902739775275451,test,0.1566984024715451,35.05773723017607
1,0–4,2023,0.3186098415393953,0.2749893524280351,test,0.04362048911136018,13.690879384203397
2,5–9,1979,1.207790306392834,1.2732647410770948,train,0.06547443468426084,5.421010115556042
2,5–9,1980,1.1236845498105703,1.3037014537395935,train,0.18001690392902314,16.020234856781666
2,5–9,1981,1.3014232246073103,1.4276740781827892,train,0.12625085357547894,9.700983599211064
2,5–9,1982,1.030616980327583,1.249331587937795,train,0.218714607610212,21.221715902710358
2,5–9,1983,0.6414605707307955,0.7482424728481331,train,0.10678190211733751,16.646682117294333
2,5–9,1984,0.9479013320886144,1.0764883641898582,train,0.12858703210124378,13.565444814589927
2,5–9,1985,0.928305033157368,1.0206181297269106,train,0.09231309656954256,9.944263283326773
2,5–9,1986,0.6877785331114468,0.7649906736507304,train,0.0772121405392836,11.226308589479085
2,5–9,1987,0.6738037759424561,0.6856290475733153,train,0.011825271630859224,1.755002280050909
2,5–9,1988,0.4504504504504504,0.5142291345180894,train,0.06377868406763898,14.158867863015857
2,5–9,1989,0.2616409966324187,0.28397902825930577,train,0.022338031626887078,8.537664935694286
2,5–9,1990,0.4148893412335179,0.4338646806659044,train,0.018975339432386495,4.57359048462668
2,5–9,1991,0.43809690703583637,0.44695493010766263,train,0.00885802307182626,2.021932346375062
2,5–9,1992,0.1793758284921078,0.218525941754879,train,0.03915011326277121,21.82574630700242
2,5–9,1993,0.3566135770939967,0.3598346165575491,train,0.0032210394635524,0.9032296217660253
2,5–9,1994,0.3030864046299479,0.2869817998358967,train,0.01610460479405118,5.313535859094054
2,5–9,1995,0.19988191975590422,0.20966877947514534,train,0.00978685971924112,4.89632065331013
2,5–9,1996,0.22205033881180858,0.22582552748539,train,0.0037751886735814255,1.7001499271662728
2,5–9,1997,0.2434486744463125,0.2248538080681466,train,0.018594866378165903,7.638105411934215
2,5–9,1998,0.19217981881286678,0.1735648482115042,train,0.01861497060136258,9.686225492536614
2,5–9,1999,0.1187909739766989,0.12920062834586435,train,0.010409654369165453,8.763001110848142
2,5–9,2000,0.1648326289485656,0.1641313558236313,train,0.0007012731249342874,0.42544557434263386
2,5–9,2001,0.2808031062439612,0.2872200049500341,train,0.006416898706072871,2.2851950578131714
2,5–9,2002,0.2798328651574036,0.2509778469521488,train,0.028855018205254768,10.311518694926725
2,5–9,2003,0.1865010972092675,0.21359191789289517,train,0.02709082068362767,14.525823756001738
2,5–9,2004,0.0700942931796617,0.08135607072285116,train,0.011261777543189452,16.066611178065386
2,5–9,2005,0.3288836163102782,0.3423901779245083,train,0.01350656161423014,4.106790653106801
2,5–9,2006,0.1657103208412213,0.18122467233125966,train,0.015514351490038353,9.362332660561162
2,5–9,2007,0.191211489707205,0.23047228557515897,train,0.039260795867953974,20.532655191417923
2,5–9,2008,0.1449898398369734,0.14304802657065743,train,0.001941813266315956,1.339275406124547
2,5–9,2009,0.2200173764834671,0.24127296018871555,train,0.021255583705248465,9.66086590294639
2,5–9,2010,0.22255644155000173,0.24139109433701067,train,0.018834652787008938,8.462865714348402
2,5–9,2011,0.1249955626575256,0.14238227328177344,train,0.017386710624247848,13.909862281980015
2,5–9,2012,0.025271664070845502,0.0333439386887231,train,0.0080722746178776,31.94199873521637
2,5–9,2013,0.0510677500519614,0.06397577887705704,train,0.012908028825095633,25.276282608812256
2,5–9,2014,0.0773251677956141,0.10059576933940147,train,0.023270601543787364,30.094472740487575
2,5–9,2015,0.1559142565137728,0.15644902338768787,train,0.0005347668739150713,0.34298779718571293
2,5–9,2016,0.052247313704365805,0.05362812720836609,train,0.0013808135040002875,2.6428411455054506
2,5–9,2017,0.0261711525330665,0.029102899442176755,train,0.002931746909110255,11.202207871457235
2,5–9,2018,0.0492190414690112,0.054298515233906226,train,0.005079473764895023,10.320139550245225
2,5–9,2019,0.0738912252199618,0.0711729173491875,test,0.002718307870774303,3.678796586038945
2,5–9,2020,0.1228525980130312,0.09943939071102924,test,0.023413207302001957,19.057966767229846
2,5–9,2021,0.0493226885106989,0.0942288388427456,test,0.0449061503320467,91.045625629888
2,5–9,2022,0.024827295128264003,0.08929131610887198,test,0.06446402098060797,259.6497953062174
2,5–9,2023,0.1501543211035141,0.08461251598101713,test,0.06554180512249697,43.64962968818823
3,10–14,1979,0.9103304000138606,0.7005703149663222,train,0.2097600850475384,23.042192707652585
3,10–14,1980,0.5582206511085674,0.6732546179416418,train,0.11503396683307432,20.607257471508618
3,10–14,1981,1.031644060397749,0.7382255917067302,train,0.29341846869101884,28.44183182500869
3,10–14,1982,0.8593560163811036,0.6744098913296468,train,0.1849461250514568,21.52147905245335
3,10–14,1983,0.5964869898731422,0.5787957102069367,train,0.01769127966620554,2.9659120762999427
3,10–14,1984,0.6601180951272183,0.5325658995365712,train,0.12755219559064712,19.322632803463023
3,10–14,1985,0.4240761349943386,0.5172504984074972,train,0.09317436341315855,21.971140492119986
3,10–14,1986,0.4829953925258274,0.4388467108897175,train,0.04414868163610991,9.140600991084844
3,10–14,1987,0.2693247221242179,0.4219134825227457,train,0.1525887603985278,56.656054147213
3,10–14,1988,0.47199951384050065,0.401105433921497,train,0.07089407991900365,15.019947656759742
3,10–14,1989,0.20263453847812773,0.30812859993037706,train,0.10549406145224932,52.06124397378401
3,10–14,1990,0.3683451019593409,0.27160342364693907,train,0.09674167831240182,26.263869886637035
3,10–14,1991,0.305007981504316,0.2525030843200684,train,0.05250489718424761,17.214269910344836
3,10–14,1992,0.2446006446042321,0.23932202229429808,train,0.005278622309934006,2.1580573994295493
3,10–14,1993,0.2138115870913392,0.27215383530183435,train,0.058342248210495135,27.28675700142089
3,10–14,1994,0.1847652109279647,0.22810159341225078,train,0.04333638248428609,23.454838855558073
3,10–14,1995,0.2093411145425608,0.2259143982444979,train,0.016573283701937114,7.916879461615567
3,10–14,1996,0.1820544743398119,0.2177499918589917,train,0.03569551751917979,19.607053135399845
3,10–14,1997,0.1552244273576844,0.17494797077475613,train,0.01972354341707172,12.70646879026499
3,10–14,1998,0.2314518356445085,0.21827161449697044,train,0.013180221147538057,5.694584841306605
3,10–14,1999,0.2550993076094593,0.23176956196806936,train,0.023329745641389954,9.145358276356555
3,10–14,2000,0.1767251020839929,0.1951926697960843,train,0.018467567712091404,10.449883742782756
3,10–14,2001,0.2743707991648152,0.20409719105979748,train,0.07027360810501773,25.612641111565303
3,10–14,2002,0.0738739577307988,0.17825528741271077,train,0.10438132968191197,141.29651759322803
3,10–14,2003,0.2673798091297079,0.1843311798151351,train,0.08304862931457277,31.06017226389943
3,10–14,2004,0.0961365369552453,0.14805203824265864,train,0.051915501287413346,54.00184251652597
3,10–14,2005,0.1666912337794546,0.14088816399985624,train,0.02580306977959837,15.479560139159943
3,10–14,2006,0.0945886316761247,0.11591578981248768,train,0.021327158136362975,22.547274189765243
3,10–14,2007,0.2119466808090052,0.14123969674167206,train,0.07070698406733314,33.36074138903379
3,10–14,2008,0.0940828917317602,0.1306458702891882,train,0.036562978557428,38.862515686351074
3,10–14,2009,0.1884474194010387,0.1179925239959987,train,0.07045489540504,37.387031156475295
3,10–14,2010,0.2365080438750802,0.09468909372968404,train,0.14181895014539617,59.96368995394621
3,10–14,2011,0.0714159036075743,0.08007957279594914,train,0.008663669188374842,12.131288341573237
3,10–14,2012,0.0480283636304255,0.0763542581884021,train,0.028325894557976593,58.97743003684685
3,10–14,2013,0.048530838071763,0.09372695317435183,train,0.04519611510258883,93.12865159212153
3,10–14,2014,0.09816835037658599,0.08477678664321471,train,0.013391563733371276,13.641426877399459
3,10–14,2015,0.0744532710176,0.07809199639424708,train,0.00363872537664707,4.887260595692179
3,10–14,2016,0.10023068091211919,0.08345448174979875,train,0.01677619916232044,16.737588739948368
3,10–14,2017,0.1515172941839581,0.08448358760846604,train,0.06703370657549206,44.241620691896735
3,10–14,2018,0.1401163339215105,0.10738147252034028,train,0.03273486140117021,23.36263052636492
3,10–14,2019,0.1396821671967605,0.09659730184232053,test,0.04308486535443996,30.84492904076247
3,10–14,2020,0.1393788118653182,0.088099003791319,test,0.05127980807399919,36.79168116567882
3,10–14,2021,0.0933804032819476,0.07972612855629042,test,0.013654274725657181,14.622205779546938
3,10–14,2022,0.11781349464042838,0.0756433140077052,test,0.04217018063272318,35.794015584910966
3,10–14,2023,0.1189274174078818,0.0717695824152349,test,0.047157834992646905,39.652618395732155
4,15–19,1979,1.5202285410240006,1.5120774193847033,train,0.00815112163929732,0.5361773851322947
4,15–19,1980,1.335331569039437,1.4716365600565757,train,0.13630499101713878,10.207576468456368
4,15–19,1981,1.711484642634366,1.5805791247387877,train,0.13090551789557825,7.64865279153687
4,15–19,1982,1.3588195541984809,1.4753906873997105,train,0.11657113320122958,8.578853081783235
4,15–19,1983,1.2299359203385505,1.3141067243638904,train,0.08417080402533994,6.843511327173142
4,15–19,1984,1.3762376415355702,1.1989149035551312,train,0.17732273798043896,12.884601658081873
4,15–19,1985,1.5365782451252057,1.2370939302266246,train,0.29948431489858107,19.490339385494686
4,15–19,1986,0.8452199941619447,1.0747414256706065,train,0.22952143150866178,27.155229773786598
4,15–19,1987,1.1211302447306122,1.036050233768743,train,0.08508001096186923,7.588771363697575
4,15–19,1988,1.1264199360497913,0.9959288886195228,train,0.13049104743026851,11.584582557006556
4,15–19,1989,0.7642186704734946,0.8047360656792429,train,0.040517395205748374,5.30180650789971
4,15–19,1990,0.6124126240288666,0.7182884349301878,train,0.10587581090132114,17.28831293594147
4,15–19,1991,0.763520341861652,0.7229646230699659,train,0.04055571879168607,5.31167495718597
4,15–19,1992,0.7573441938510316,0.6868679254910586,train,0.070476268359973,9.305711845707446
4,15–19,1993,0.6572037295714196,0.7108138001309312,train,0.05361007055951161,8.15729858904973
4,15–19,1994,0.7328635970821475,0.6606380658647643,train,0.07222553121738329,9.855248849164417
4,15–19,1995,0.5737733371546638,0.6428591835093859,train,0.06908584635472204,12.040616369055774
4,15–19,1996,0.8982937751890697,0.6110851813724386,train,0.2872085938166311,31.972679957197798
4,15–19,1997,0.4953419964979321,0.53095985475613,train,0.035617858258197854,7.190558949173726
4,15–19,1998,0.5685665543702597,0.6338730905347612,train,0.06530653616450144,11.486172667478566
4,15–19,1999,0.5885994703674947,0.6297227128780413,train,0.041123242510546554,6.9866258093761235
4,15–19,2000,0.5573705486994555,0.5474351002883989,train,0.009935448411056536,1.7825571218715242
4,15–19,2001,0.5543841623532499,0.5933376996921625,train,0.0389535373389126,7.026452049705501
4,15–19,2002,0.7621103940557492,0.5533770395314933,train,0.2087333545242559,27.38886074147767
4,15–19,2003,0.4966220551945752,0.5581575457956391,train,0.06153549060106395,12.390809058400459
4,15–19,2004,0.3371315962065953,0.4676755331359341,train,0.1305439369293388,38.72195261382178
4,15–19,2005,0.3335445782328808,0.4248177210346193,train,0.09127314280173848,27.364600943389217
4,15–19,2006,0.4305802119011863,0.43145404589870584,train,0.0008738339975195575,0.20294337114593028
4,15–19,2007,0.5496145827738299,0.4534631997306861,train,0.0961513830431438,17.494328945545963
4,15–19,2008,0.4929344015221815,0.43950422072099554,train,0.053430180801185945,10.839207131048987
4,15–19,2009,0.2921036354488209,0.39186495819766876,train,0.09976132274884786,34.15271521546226
4,15–19,2010,0.3372108567443977,0.3578053244281592,train,0.020594467683761497,6.107296746786503
4,15–19,2011,0.3584486343107033,0.3150183466850711,train,0.04343028762563217,12.116181641798862
4,15–19,2012,0.2853928789720148,0.2931232249319126,train,0.0077303459598978,2.7086681306634235
4,15–19,2013,0.3324184702149489,0.304626029736375,train,0.027792440478573932,8.360678773535883
4,15–19,2014,0.2852953091745265,0.30902354927182074,train,0.02372824009729424,8.317080349462994
4,15–19,2015,0.2863328328076342,0.29913026401779913,train,0.012797431210164911,4.469424999110233
4,15–19,2016,0.4075269752892423,0.3236589691426052,train,0.08386800614663709,20.579743484983236
4,15–19,2017,0.2891898659195285,0.2900255404412742,train,0.0008356745217457107,0.28897088737481896
4,15–19,2018,0.3997185981069327,0.34151171648965356,train,0.05820688161727916,14.561964815484432
4,15–19,2019,0.3474033222874517,0.332420661589797,test,0.014982660697654693,4.312756884131811
4,15–19,2020,0.41085290781145495,0.31638163296959987,test,0.09447127484185508,22.99394090821648
4,15–19,2021,0.4770033288018017,0.30195511542166237,test,0.17504821338013932,36.6974825563268
4,15–19,2022,0.5670935141741621,0.28773351388510343,test,0.27936000028905866,49.26171668457196
4,15–19,2023,0.4545694227513814,0.2768178113877561,test,0.17775161136362533,39.10329258130576
5,20–24,1979,3.357188019315022,3.0605693816912005,train,0.29661863762382135,8.835329922461161
5,20–24,1980,3.83592795258793,2.975477219543296,train,0.860450733044634,22.431358035912176
5,20–24,1981,3.1638828013440174,3.203348653242222,train,0.03946585189820473,1.247386656719384
5,20–24,1982,3.1476601594495155,3.003803065195543,train,0.1438570942539723,4.5702867198703885
5,20–24,1983,2.665127111571882,2.686542788062239,train,0.021415676490356805,0.8035517854803526
5,20–24,1984,2.6021684520252837,2.454210485372756,train,0.1479579666525277,5.685948829998731
5,20–24,1985,1.9183726061507507,2.506789357067755,train,0.5884167509170042,30.672703990371975
5,20–24,1986,1.8555022876141765,2.1947817845700746,train,0.3392794969558981,18.285048701941893
5,20–24,1987,2.2990719827010366,2.1369571556794233,train,0.16211482702161328,7.0513158457594125
5,20–24,1988,1.8497337924783657,2.0471181753266063,train,0.19738438284824067,10.670961608144447
5,20–24,1989,1.5054780968298933,1.6573906814512203,train,0.15191258462132695,10.090653921914337
5,20–24,1990,1.3524425265716535,1.4739339109245333,train,0.12149138435287976,8.98310885423367
5,20–24,1991,1.3568650742621506,1.465290796890975,train,0.10842572262882433,7.990899366894319
5,20–24,1992,1.4255436977177975,1.404616882907979,train,0.020926814809818506,1.4679883081326073
5,20–24,1993,1.3089470269138208,1.4725972684596875,train,0.16365024154586671,12.50243426059145
5,20–24,1994,1.5653567761164124,1.350604695233,train,0.21475208088341247,13.719050133491214
5,20–24,1995,1.3170665165628954,1.30989899008114,train,0.0071675264817554485,0.5442038341738658
5,20–24,1996,1.1569011184107054,1.2563970734841168,train,0.09949595507341136,8.600212541076464
5,20–24,1997,1.0853352600618331,1.085709925439138,train,0.0003746653773049058,0.03452070443961809
5,20–24,1998,1.2232490718597668,1.2861603705371663,train,0.06291129867739942,5.142967211228063
5,20–24,1999,1.2007432600779882,1.2884098661983627,train,0.08766660612037458,7.301028374265506
5,20–24,2000,1.0874481735426211,1.1156157234606283,train,0.028167549918007184,2.5902429746370985
5,20–24,2001,1.15096784886411,1.1845004286914516,train,0.03353257982734159,2.91342454617085
5,20–24,2002,1.439396334111548,1.1115589061934894,train,0.3278374279180587,22.776036047112267
5,20–24,2003,1.1110956792266773,1.144764259649687,train,0.033668580423009686,3.0302143237964008
5,20–24,2004,1.262661613824278,0.9724365079113928,train,0.2902251059128853,22.98518484567436
5,20–24,2005,0.7621071609766294,0.8805618158133418,train,0.11845465483671236,15.54304445649276
5,20–24,2006,0.86551844825525,0.8749970420894314,train,0.00947859383418137,1.095134812353074
5,20–24,2007,0.9145323767324672,0.9386362638339928,train,0.024103887101525556,2.6356515870598627
5,20–24,2008,1.0423899917731374,0.928962057215686,train,0.11342793455745137,10.88152567202866
5,20–24,2009,0.9801031121452524,0.8214667022387132,train,0.15863640990653916,16.1856857651758
5,20–24,2010,0.5235719966470449,0.7464727472031925,train,0.22290075055614755,42.573084882996795
5,20–24,2011,0.7747501688955368,0.6641477377373968,train,0.11060243115814006,14.27588345231495
5,20–24,2012,0.6875696323412382,0.6307781244656095,train,0.0567915078756287,8.259746388485535
5,20–24,2013,0.5778954004300044,0.6510554236833004,train,0.07316002325329596,12.659734477702806
5,20–24,2014,0.8438986130278089,0.633755400769887,train,0.21014321225792187,24.901476197946668
5,20–24,2015,0.5401695886976879,0.6044662869868439,train,0.06429669828915596,11.90305778675377
5,20–24,2016,0.6803984024245511,0.669259449605489,train,0.011138952819062076,1.6371221301180623
5,20–24,2017,0.5055584952845837,0.614796493696178,train,0.1092379984115942,21.60739052562119
5,20–24,2018,0.7018535710793733,0.7076922289090533,train,0.005838657829679961,0.8318911622406864
5,20–24,2019,0.7070214060157622,0.6635705964883972,test,0.04345080952736502,6.145614426615583
5,20–24,2020,0.6644573079305959,0.6323228295363029,test,0.032134478394292953,4.836199107264462
5,20–24,2021,1.0163138702451755,0.6149492811598286,test,0.4013645890853469,39.49218847013489
5,20–24,2022,1.2799008413663953,0.5965468320958215,test,0.6833540092705738,53.391168064319686
5,20–24,2023,1.1208915122732015,0.579520942773418,test,0.5413705694997835,48.29821294675234
6,25–29,1979,4.63600539958276,4.208044402242593,train,0.42796099734016657,9.231244583508962
6,25–29,1980,4.800042980201364,4.259902467500661,train,0.5401405127007033,11.252826587774516
6,25–29,1981,4.94333910624429,4.379842736000836,train,0.5634963702434534,11.399104090020051
6,25–29,1982,3.7938238197702754,4.209107769681932,train,0.4152839499116565,10.946316161218126
6,25–29,1983,3.551928597455143,3.812461013922433,train,0.26053241646729,7.33495646995703
6,25–29,1984,3.747908705580521,3.528840432803529,train,0.2190682727769917,5.845080283060411
6,25–29,1985,3.0329819941968945,3.598523934835709,train,0.5655419406388145,18.646399540811146
6,25–29,1986,3.990094409261082,3.1613014075733927,train,0.8287930016876892,20.7712629496697
6,25–29,1987,2.6410915102993764,2.8516467915424286,train,0.21055528124305223,7.972282687743186
6,25–29,1988,2.8107411444515287,3.006665520691552,train,0.19592437624002335,6.970559228720967
6,25–29,1989,2.64529535894649,2.4134847500099075,train,0.23181060893658234,8.763127646695104
6,25–29,1990,1.9052161533423075,2.1109432630345464,train,0.20572710969223884,10.798098122952252
6,25–29,1991,1.715347472759149,2.0873503149807777,train,0.3720028422216288,21.686733920052916
6,25–29,1992,1.793184362407683,1.9306287375681632,train,0.13744437516048014,7.66482119975302
6,25–29,1993,1.558797855094152,1.8877616664607608,train,0.3289638113666089,21.103686426790688
6,25–29,1994,2.0308937011197203,1.9379754990797184,train,0.0929182020400019,4.575237098267233
6,25–29,1995,2.0004216761882505,1.9195382830045047,train,0.08088339318374582,4.043317173900403
6,25–29,1996,1.783547980147837,1.6098614388595942,train,0.1736865412882429,9.738260098494584
6,25–29,1997,1.056019599723771,1.5231516337164033,train,0.46713203399263237,44.235167047545595
6,25–29,1998,1.2227743656294858,1.7741711693158557,train,0.5513968036863699,45.09391259625484
6,25–29,1999,2.133740252686573,1.6766770680363539,train,0.4570631846502191,21.42075091261624
6,25–29,2000,1.7494326492727703,1.491609947394297,train,0.25782270187847334,14.737503726459481
6,25–29,2001,1.6162446813428146,1.661063911110867,train,0.044819229768052304,2.7730473167475744
6,25–29,2002,0.8982656415316969,1.426829149672222,train,0.5285635081405252,58.842672334570636
6,25–29,2003,1.1077547899317115,1.3758088859987407,train,0.26805409606702923,24.197963168685884
6,25–29,2004,1.2114186457830518,1.265005487135048,train,0.053586841351996206,4.423478335795144
6,25–29,2005,0.8205033453744732,1.2532466141920122,train,0.432743268817539,52.7411949332196
6,25–29,2006,1.1881395160945378,1.2381307086630233,train,0.0499911925684855,4.207518720765096
6,25–29,2007,1.279803422194351,1.299664329134743,train,0.019860906940391887,1.5518716856014008
6,25–29,2008,1.2579490227594428,1.085687997630473,train,0.1722610251289698,13.69380014709159
6,25–29,2009,1.1569570224328325,1.3148303966487942,train,0.1578733742159617,13.64556946843089
6,25–29,2010,1.17387884787704,1.059935811281322,train,0.11394303659571814,9.706541420503838
6,25–29,2011,0.8881879605566828,0.9755322817644958,train,0.08734432120781299,9.833990673896194
6,25–29,2012,0.7449926149158007,0.8456989649579006,train,0.10070635004209993,13.517764877908462
6,25–29,2013,1.1786634504687243,0.9883227011755018,train,0.19034074929322253,16.148863292361266
6,25–29,2014,0.9508135976124256,0.9967693522067597,train,0.0459557545943341,4.83330851701458
6,25–29,2015,1.1003958204282849,0.9135505912227709,train,0.18684522920551394,16.97981996449168
6,25–29,2016,0.6600783803471959,0.7707954560383096,train,0.11071707569111366,16.77332253070876
6,25–29,2017,1.191305849907376,0.7879434585509991,train,0.40336239135637697,33.858844174041316
6,25–29,2018,1.044677186914165,0.9795069019915186,train,0.06517028492264632,6.238317993250194
6,25–29,2019,1.2002355462259469,1.0309789104664915,test,0.16925663575945538,14.101951595390632
6,25–29,2020,1.2925385816782655,0.7928657491992733,test,0.4996728324789922,38.6582528028064
6,25–29,2021,1.2585813690335377,0.6987979700021555,test,0.5597833990313822,44.47733081105744
6,25–29,2022,1.44480368328619,0.7315512120891776,test,0.7132524711970123,49.3667395403317
6,25–29,2023,2.1329688225762498,0.749699537631448,test,1.3832692849448018,64.85182860169783
7,30–34,1979,4.884856168740695,5.6300332871118135,train,0.7451771183711182,15.254842571203547
7,30–34,1980,5.312783415529427,5.771710490810091,train,0.45892707528066357,8.638166463537846
7,30–34,1981,5.19557171031986,6.317521328005269,train,1.1219496176854094,21.594343803529902
7,30–34,1982,5.282078060058737,5.78422907821225,train,0.5021510181535129,9.506694381338413
7,30–34,1983,5.699226951011004,5.214276626370002,train,0.48495032464100163,8.509054452638964
7,30–34,1984,5.2815365498834055,4.779758187641752,train,0.5017783622416534,9.500613268552135
7,30–34,1985,5.533763503411953,4.915790424170282,train,0.6179730792416711,11.167320013958806
7,30–34,1986,5.119405725260913,4.3189901157030794,train,0.8004156095578336,15.634932109567073
7,30–34,1987,4.7282391313330185,4.139420135444401,train,0.5888189958886176,12.453240615235416
7,30–34,1988,4.2372271256584675,3.8388110829325996,train,0.39841604272586784,9.402753992422669
7,30–34,1989,3.3407240223908046,3.246110976208487,train,0.09461304618231736,2.832112007702064
7,30–34,1990,2.657323158994962,2.858343804024349,train,0.201020645029387,7.564779780319075
7,30–34,1991,3.0261628591186693,2.826672814525548,train,0.19949004459312114,6.5921780776603685
7,30–34,1992,2.7961606172760605,2.7106500143841052,train,0.08551060289195522,3.0581434544077513
7,30–34,1993,2.829443614670806,2.74701711809927,train,0.08242649657153622,2.913169788722798
7,30–34,1994,2.627620230048151,2.4426183540656172,train,0.18500187598253381,7.040662644736286
7,30–34,1995,2.611692240899779,2.541417580872924,train,0.0702746600268549,2.6907710995321525
7,30–34,1996,2.3718689659319443,2.416917971332499,train,0.04504900540055479,1.8993041372694184
7,30–34,1997,1.9163721621171552,1.9581421439934976,train,0.0417699818763424,2.1796383135828936
7,30–34,1998,2.428585634390873,2.4479393572050725,train,0.019353722814199337,0.7969133367229831
7,30–34,1999,2.1928338843237576,2.420626497165782,train,0.22779261284202423,10.388046922773295
7,30–34,2000,1.6049534760016875,2.0217527127766175,train,0.41679923677493,25.969552576269926
7,30–34,2001,1.9065300626919677,2.2061168335468127,train,0.299586770854845,15.713718693312224
7,30–34,2002,2.280628342855783,2.120693630408605,train,0.15993471244717794,7.012747734552359
7,30–34,2003,1.6296243084073982,2.06118808744548,train,0.43156377903808196,26.482409277500363
7,30–34,2004,1.437202281876144,1.6778769916286274,train,0.24067470975248328,16.746056751197415
7,30–34,2005,1.3395107102253223,1.5834374624236145,train,0.24392675219829218,18.210138249455333
7,30–34,2006,1.668527074354572,1.649930932306267,train,0.018596142048304953,1.1145244409952657
7,30–34,2007,1.388464635805726,1.793615626440092,train,0.405150990634366,29.17978464746831
7,30–34,2008,1.8232003547426974,1.6812167496798078,train,0.14198360506288954,7.787602974821012
7,30–34,2009,1.4034026773733532,1.4047799151996423,train,0.0013772378262890683,0.09813561342684227
7,30–34,2010,1.3082763116949625,1.474310290804809,train,0.1660339791098464,12.691048337849814
7,30–34,2011,1.2167300380228137,1.2432343013561566,train,0.026504263333342992,2.1783191427091273
7,30–34,2012,1.518582085019158,1.1738585592297779,train,0.34472352578938015,22.700355100332374
7,30–34,2013,1.0827220099534345,1.1625055683115844,train,0.07978355835814988,7.368794355772004
7,30–34,2014,1.1263785140121487,1.2161784120619894,train,0.08979989804984068,7.972444159110808
7,30–34,2015,1.086603748496984,1.2111922761089646,train,0.12458852761198069,11.465865802903267
7,30–34,2016,1.2742850411395847,1.2798640264221377,train,0.005578985282552962,0.43781297766500593
7,30–34,2017,1.259722961726257,1.0204401112701769,train,0.23928285045608022,18.994878852424804
7,30–34,2018,1.4692380445075417,1.2359710442752991,train,0.23326700023224256,15.876732916375632
7,30–34,2019,1.591692815573346,1.2442951584836504,test,0.3473976570896957,21.825672245970342
7,30–34,2020,1.0744159273565903,1.2511085147584668,test,0.17669258740187654,16.445454958639463
7,30–34,2021,1.978967739180385,1.0747783010236298,test,0.9041894381567552,45.689953416382465
7,30–34,2022,1.848749966443922,0.9886244754197102,test,0.8601254910242118,46.52470624130242
7,30–34,2023,2.0955744672248455,0.9913450982283876,test,1.104229368996458,52.69339678769713
8,35–39,1979,8.023557714067834,8.3723285249966,train,0.34877081092876594,4.346834949753778
8,35–39,1980,7.222197191161621,8.15947331235442,train,0.9372761211927987,12.977714349032428
8,35–39,1981,7.931035806068266,8.643470418163886,train,0.7124346120956204,8.982869697177714
8,35–39,1982,7.592681642562474,7.9026300257964675,train,0.3099483832339933,4.082199120486079
8,35–39,1983,6.077241742547782,6.976625421521162,train,0.89938367897338,14.799208540227141
8,35–39,1984,5.291702208307857,6.210948570783186,train,0.9192463624753291,17.371468126685823
8,35–39,1985,6.226332224747034,6.358475176665728,train,0.13214295191869407,2.1223241412252594
8,35–39,1986,5.737371288029029,5.448151119759582,train,0.28922016826944663,5.040987479281702
8,35–39,1987,6.215871470403572,5.208068683700376,train,1.0078027867031958,16.21337879172336
8,35–39,1988,5.445535568423154,4.966333564710577,train,0.4792020037125777,8.799905862176539
8,35–39,1989,4.917471679501592,3.93235135362682,train,0.9851203258747718,20.033065568658614
8,35–39,1990,3.7151662019573752,3.3259700178800844,train,0.38919618407729084,10.475875449993023
8,35–39,1991,3.8158974831884738,3.3383706271233144,train,0.4775268560651593,12.514142693009383
8,35–39,1992,3.8611376929965537,3.216424934478642,train,0.6447127585179118,16.69748166938752
8,35–39,1993,3.8978228117538,3.362115309051737,train,0.535707502702063,13.743762314865846
8,35–39,1994,3.80924762444259,3.0636276350325535,train,0.7456199894100366,19.573943805219113
8,35–39,1995,4.4404480412073575,3.0547450870729,train,1.3857029541344574,31.206376952846515
8,35–39,1996,2.767484061021486,2.7780477213541372,train,0.010563660332651104,0.3817062754374826
8,35–39,1997,2.763460479901054,2.3304586610827753,train,0.4330018188182785,15.668826168043562
8,35–39,1998,3.2010755613886266,2.990426436024899,train,0.21064912536372749,6.580573351800164
8,35–39,1999,2.5240307277633782,2.9121171131859205,train,0.38808638542254226,15.375660096120844
8,35–39,2000,2.301784929586306,2.4465770450080093,train,0.14479211542170312,6.290427639897973
8,35–39,2001,2.2334474911340725,2.7100759929185942,train,0.47662850178452176,21.340483878692183
8,35–39,2002,2.4140931357131756,2.5089104613328477,train,0.09481732561967204,3.927658142802388
8,35–39,2003,2.0609786134614336,2.5401921351299848,train,0.47921352166855113,23.2517464537736
8,35–39,2004,2.459894453679345,2.117709258118346,train,0.34218519556099913,13.910564132098493
8,35–39,2005,1.652036033265937,1.9111177696768331,train,0.25908173641089616,15.682571759570719
8,35–39,2006,1.7913866075937217,1.859656600641003,train,0.06826999304728121,3.8110139239560805
8,35–39,2007,1.4931385194785012,2.013187652715034,train,0.5200491332365327,34.82926241954878
8,35–39,2008,1.9090397121168112,1.9106349662303808,train,0.001595254113569533,0.08356317071061128
8,35–39,2009,1.4361478411620487,1.692238664706435,train,0.25609082354438617,17.831786965412427
8,35–39,2010,1.743102866652289,1.562493888011104,train,0.18060897864118508,10.361349412961102
8,35–39,2011,1.3605321857697856,1.2580967457415309,train,0.10243544002825478,7.529071425112745
8,35–39,2012,1.448045962999395,1.2014432506445807,train,0.24660271235481424,17.030033483468735
8,35–39,2013,1.1936786756267723,1.2356476752326289,train,0.04196899960585654,3.515937786508552
8,35–39,2014,1.2994885862668748,1.2357215495392213,train,0.06376703672765349,4.907087095765974
8,35–39,2015,1.0469257501223,1.1663924166504966,train,0.11946666652819671,11.411188091824165
8,35–39,2016,1.298374095581973,1.2877781614905928,train,0.010595934091380155,0.8160925366144737
8,35–39,2017,0.9037347743283896,1.1708030841474728,train,0.26706830981908325,29.55162481354721
8,35–39,2018,1.6341075775384046,1.4765134261931445,train,0.15759415134526011,9.644049970238655
8,35–39,2019,1.32643273895391,1.3643541856101218,test,0.03792144665621189,2.8589046050023317
8,35–39,2020,1.3227498012999754,1.2698403764701578,test,0.05290942482981764,3.9999571179537647
8,35–39,2021,1.641140796581447,1.1827299532043802,test,0.45841084337706683,27.93245066675281
8,35–39,2022,1.9271934254215248,1.2066002247522924,test,0.7205932006692324,37.3908083726272
8,35–39,2023,2.1494608297965976,1.1832197545418937,test,0.9662410752547039,44.95271846131473
9,40–44,1979,8.199255015689275,9.14131721005655,train,0.942062194367276,11.489607196808002
9,40–44,1980,9.70474321329662,9.585668228617633,train,0.1190749846789867,1.2269771807649705
9,40–44,1981,9.622214642663804,10.348134266306197,train,0.7259196236423922,7.5442052645941535
9,40–44,1982,9.80958008153358,10.082372166791183,train,0.2727920852576027,2.780874237125915
9,40–44,1983,9.211835366078338,9.022886273269247,train,0.1889490928090911,2.0511557718983693
9,40–44,1984,6.1278002622128485,7.974668744930364,train,1.8468684827175155,30.139175620756625
9,40–44,1985,8.47640744839987,8.277951254535282,train,0.19845619386458857,2.341277186976802
9,40–44,1986,7.16419189589291,7.219579686239126,train,0.05538779034621655,0.7731198598682048
9,40–44,1987,6.709270534561129,6.953471719078012,train,0.244201184516883,3.639757604928012
9,40–44,1988,5.782381022847245,6.629261574026326,train,0.8468805511790807,14.645879402151133
9,40–44,1989,5.157186239187899,5.207294988953565,train,0.05010874976566626,0.9716296337119847
9,40–44,1990,3.9360780917893408,4.413568092451167,train,0.47749000066182656,12.131110956814368
9,40–44,1991,4.639193696956689,4.620103409927103,train,0.01909028702958615,0.41150010705759876
9,40–44,1992,4.262836804577531,4.400627769312452,train,0.13779096473492114,3.232377195086569
9,40–44,1993,4.8419720883738,4.527673460222719,train,0.31429862815108134,6.4911284578808885
9,40–44,1994,4.220655889925294,4.078374270564529,train,0.142281619360765,3.371078407514605
9,40–44,1995,3.8788104464122943,3.92005524085871,train,0.0412447944464156,1.0633361701024853
9,40–44,1996,4.117186352275822,3.5939407537157813,train,0.5232455985600408,12.708815044789285
9,40–44,1997,3.748235958227491,3.2263662794857773,train,0.5218696787417136,13.923074335707014
9,40–44,1998,3.663605956499913,3.9535279199747637,train,0.28992196347485066,7.913568405479731
9,40–44,1999,5.016842256145631,3.706089010190678,train,1.3107532459549533,26.12705720115638
9,40–44,2000,3.5912929103388835,3.265599676577797,train,0.3256932337610867,9.068968805731679
9,40–44,2001,3.7992808277999712,3.5080190794582307,train,0.29126174834174057,7.666233730618958
9,40–44,2002,3.6155514869917074,3.1981639386529146,train,0.41738754833879277,11.544229140160219
9,40–44,2003,3.822065609128592,3.3155500777661984,train,0.5065155313623935,13.252402840826063
9,40–44,2004,2.819193066396024,2.773867738081341,train,0.045325328314683055,1.607741195697025
9,40–44,2005,2.763837944336304,2.363884301864828,train,0.399953642471476,14.47095128319903
9,40–44,2006,2.0485260501874754,2.293751289253752,train,0.24522523906627658,11.97081379774664
9,40–44,2007,2.617344268016053,2.6408572837601536,train,0.023513015744100585,0.8983539548629362
9,40–44,2008,2.216382669549811,2.618100868599511,train,0.4017181990497001,18.124947671211334
9,40–44,2009,2.069495022519555,2.3013225144364884,train,0.23182749191693341,11.202128509335076
9,40–44,2010,1.5846151779264483,2.0210661154969043,train,0.43645093757045594,27.543023924684025
9,40–44,2011,1.413969118224717,1.6706324705949238,train,0.2566633523702069,18.15197722935108
9,40–44,2012,1.9716899908368306,1.7975543564367988,train,0.17413563440003177,8.831795830445161
9,40–44,2013,1.5971185204294025,1.7488836069723426,train,0.15176508654294008,9.50243107206198
9,40–44,2014,1.3574225955869148,1.7313417963806037,train,0.3739192007936889,27.54626319094208
9,40–44,2015,1.5299420082436055,1.6332719880438746,train,0.10332997980026914,6.75384944288793
9,40–44,2016,1.899720326627551,1.9254342773534296,train,0.025713950725878565,1.3535650677343045
9,40–44,2017,1.8058075452090734,1.750072871086349,train,0.05573467412272448,3.0864127393083636
9,40–44,2018,2.090184254881865,1.9594582759111792,train,0.13072597897068605,6.254280150917821
9,40–44,2019,1.589411341641981,1.6512717029983612,test,0.06186036135638018,3.8920296927335243
9,40–44,2020,1.5278955530599927,1.6761049599162987,test,0.14820940685630601,9.700231574041801
9,40–44,2021,2.403536526667854,1.6802493226130406,test,0.7232872040548135,30.092623766260946
9,40–44,2022,2.0722612514776126,1.6822986799830837,test,0.38996257149452895,18.818214702247058
9,40–44,2023,2.7059547770249144,1.4392478635947723,test,1.266706913430142,46.811828644927836
10,45–49,1979,10.448622429144692,11.69151805929442,train,1.2428956301497287,11.895306185845882
10,45–49,1980,11.7063314661581,11.412637798375481,train,0.29369366778261785,2.508844625078818
10,45–49,1981,11.034093540171336,12.27722407936895,train,1.2431305391976153,11.26626790566715
10,45–49,1982,10.04740954663954,11.466601940768019,train,1.419192394128478,14.124958155041481
10,45–49,1983,11.2760759255779,10.189393958008615,train,1.0866819675692838,9.637057915726931
10,45–49,1984,8.403945051920086,9.274035129517708,train,0.8700900775976219,10.353352767327156
10,45–49,1985,7.623332819464232,9.491911384794092,train,1.8685785653298597,24.511307712539086
10,45–49,1986,7.508740256171813,8.331739747573508,train,0.8229994914016947,10.960553479330036
10,45–49,1987,9.531475896979964,8.010425351355016,train,1.5210505456249486,15.958184882016976
10,45–49,1988,7.829645518613238,7.674763273807533,train,0.15488224480570523,1.9781514301957501
10,45–49,1989,8.312010405738432,6.175516310771432,train,2.1364940949670004,25.703698511878798
10,45–49,1990,5.70885971669603,5.472730567430309,train,0.2361291492657207,4.136187627367013
10,45–49,1991,4.459436201842444,5.4703741599384825,train,1.0109379580960383,22.669636078174253
10,45–49,1992,4.76758685569589,5.268092374650732,train,0.5005055189548422,10.498089161330801
10,45–49,1993,5.821117072366188,5.4588928286175635,train,0.3622242437486243,6.222589912650324
10,45–49,1994,4.549979026466542,4.985829912576898,train,0.43585088611035605,9.579184509974159
10,45–49,1995,5.04683644464792,4.904995229854903,train,0.14184121479301748,2.810497553243231
10,45–49,1996,4.924093648150916,4.648758660772055,train,0.2753349873788613,5.591587143803702
10,45–49,1997,4.5252357312613345,4.003755094292098,train,0.5214806369692369,11.52383362852752
10,45–49,1998,5.928302037287942,4.80575635277034,train,1.1225456845176023,18.935365935422894
10,45–49,1999,4.523708130351429,4.797775142822747,train,0.2740670124713178,6.058459223584493
10,45–49,2000,5.016934662954804,4.113269829083657,train,0.9036648338711473,18.012290264488303
10,45–49,2001,5.325659219781241,4.428294314973053,train,0.897364904808188,16.84983713330889
10,45–49,2002,5.842164348963226,4.173506230730709,train,1.6686581182325169,28.562327564931373
10,45–49,2003,4.332816253838041,4.259706887248443,train,0.07310936658959744,1.6873405726549475
10,45–49,2004,3.88068760551982,3.555582006987247,train,0.32510559853257304,8.377525623813385
10,45–49,2005,3.9633549884303774,3.209806909017237,train,0.7535480794131404,19.01288382223796
10,45–49,2006,2.653440287387994,3.2044435852696327,train,0.5510032978816386,20.765618902396245
10,45–49,2007,3.2873851940131567,3.506565186670409,train,0.2191799926572524,6.6673048554338425
10,45–49,2008,3.2368769686184775,3.342361580404781,train,0.10548461178630353,3.258839084987686
10,45–49,2009,3.0087505749534302,2.9828608274994255,train,0.02588974745400474,0.8604816786584399
10,45–49,2010,2.9463976605602578,2.692668759218363,train,0.25372890134189463,8.611495479318569
10,45–49,2011,2.607179520604866,2.4076081538583964,train,0.19957136674646936,7.654684503665049
10,45–49,2012,2.3596668579426923,2.247727509134191,train,0.1119393488085012,4.743862398698817
10,45–49,2013,2.4814687459011453,2.3115935199784725,train,0.1698752259226728,6.845753193678957
10,45–49,2014,2.1167702178897425,2.268808514737788,train,0.15203829684804537,7.182560278064376
10,45–49,2015,2.253256924452168,2.228701824049034,train,0.024555100403134134,1.0897603436458623
10,45–49,2016,1.8646345668066904,2.444063091213036,train,0.5794285244063457,31.07464243777564
10,45–49,2017,1.6532396638225082,2.210951513189128,train,0.55771184936662,33.7344827595726
10,45–49,2018,1.805756897449621,2.53186995956971,train,0.7261130621200889,40.211008643833615
10,45–49,2019,2.400561229717945,2.4355281033088176,test,0.034966873590872805,1.45661244370681
10,45–49,2020,1.700187516514842,2.345252702467811,test,0.645065185952969,37.940825919911866
10,45–49,2021,1.7852061020444812,2.253696872985209,test,0.468490770940728,26.242951466735175
10,45–49,2022,2.135149450130141,2.166012677152692,test,0.030863227022551065,1.445483219953053
10,45–49,2023,2.4274078621717816,2.0817686931348662,test,0.3456391690369154,14.239023215804982
11,50–54,1979,16.455734075337343,16.914498023258076,train,0.4587639479207333,2.787866805700849
11,50–54,1980,16.470357807394745,16.600713279486204,train,0.13035547209145903,0.7914550103637272
11,50–54,1981,14.776688641148654,17.924653531084235,train,3.147964889935581,21.30358814741106
11,50–54,1982,18.3265455299461,16.86558566461771,train,1.4609598653283875,7.971823511098354
11,50–54,1983,15.3887075421992,14.880120980794137,train,0.5085865614050622,3.3049335690499455
11,50–54,1984,13.726303476633952,13.572837182402806,train,0.153466294231146,1.1180453243831379
11,50–54,1985,12.787145181311882,13.945746797145098,train,1.1586016158332164,9.060674602541354
11,50–54,1986,11.474170581383689,12.108448800777076,train,0.6342782193933871,5.527878593878273
11,50–54,1987,13.352841740415077,11.636967757838242,train,1.7158739825768343,12.850253271432063
11,50–54,1988,9.95255329499275,11.131261362438366,train,1.1787080674456156,11.843273102979895
11,50–54,1989,10.304671755168297,8.848331452909367,train,1.4563403022589299,14.132816035877163
11,50–54,1990,7.309120534528463,7.783306018094706,train,0.47418548356624246,6.487586041660945
11,50–54,1991,6.690265056137406,7.772198301246827,train,1.081933245109421,16.17175457221825
11,50–54,1992,6.242992451884666,7.43337960084393,train,1.190387148959264,19.06757309309102
11,50–54,1993,9.466767971965307,7.774634489997046,train,1.692133481968261,17.87445817811644
11,50–54,1994,7.562252700551335,7.052766754218623,train,0.5094859463327124,6.737224561347542
11,50–54,1995,7.210193847959021,6.920025664200973,train,0.2901681837580474,4.024415846186784
11,50–54,1996,7.596602857637472,6.530477200532835,train,1.066125657104637,14.034242372335887
11,50–54,1997,6.395812218953251,5.5537038861224,train,0.8421083328308514,13.166558116502552
11,50–54,1998,7.237710772960454,6.714522629457435,train,0.5231881435030186,7.228641208731501
11,50–54,1999,5.796278398507816,6.761533596240728,train,0.9652551977329118,16.653016493848973
11,50–54,2000,4.705498531884458,5.742074173238499,train,1.036575641354041,22.029029109885055
11,50–54,2001,7.4377901418441,6.151681384180614,train,1.2861087576634853,17.291544035747854
11,50–54,2002,5.8879974629143605,5.815044316422099,train,0.07295314649226192,1.239014570773143
11,50–54,2003,6.182891041159507,5.931608682993635,train,0.25128235816587186,4.064156338727064
11,50–54,2004,5.2555839224644245,4.87763649827976,train,0.3779474241846641,7.191349805473922
11,50–54,2005,5.3769026013245975,4.386967053756574,train,0.9899355475680238,18.410888590843243
11,50–54,2006,5.128661524932083,4.389748454367096,train,0.7389130705649869,14.407522644512442
11,50–54,2007,4.456859057645596,4.79180216928446,train,0.3349431116388635,7.515227816421062
11,50–54,2008,4.157301061466397,4.536935820539349,train,0.3796347590729523,9.131760088095339
11,50–54,2009,4.1021221043976555,4.0504007952562,train,0.05172130914145523,1.2608427498052217
11,50–54,2010,3.44057024620982,3.6584224211248975,train,0.21785217491507725,6.33186243341685
11,50–54,2011,3.83510886230442,3.246046353831848,train,0.5890625084725718,15.359733703064144
11,50–54,2012,2.8200524529756255,3.0072579895300198,train,0.18720553655439431,6.63837072806434
11,50–54,2013,3.377610495547117,3.0706251553352644,train,0.30698534021185253,9.08883190103085
11,50–54,2014,3.1001491559262644,3.079166022719061,train,0.02098313320720324,0.6768426985873165
11,50–54,2015,3.0709736123748863,2.9937909875962037,train,0.07718262477868265,2.5132949520525107
11,50–54,2016,3.088293952004191,3.3054679032426018,train,0.21717395123841055,7.032165804601356
11,50–54,2017,2.3079805939130127,2.9565159731377055,train,0.6485353792246928,28.09968943998565
11,50–54,2018,2.574267620861865,3.448117805789918,train,0.8738501849280529,33.94558428371514
11,50–54,2019,2.727041900261759,3.3147469321662446,test,0.5877050319044854,21.55100850661934
11,50–54,2020,2.367479428424905,3.1624044344422604,test,0.7949250060173552,33.57684955878254
11,50–54,2021,2.607542098223938,2.9736423527415754,test,0.3661002545176375,14.040051539992298
11,50–54,2022,2.71004766431832,2.878509301954163,test,0.16846163763584343,6.216187259504085
11,50–54,2023,3.174217275893948,2.781008857457937,test,0.3932084184360112,12.387570990245862
12,55–59,1979,17.85788078610096,19.93098169190647,train,2.0731009058055108,11.608885346681417
12,55–59,1980,19.26534806062163,19.136170805291904,train,0.12917725532972568,0.6705160733314961
12,55–59,1981,18.859690783668334,20.983641208184004,train,2.1239504245156695,11.261851792156198
12,55–59,1982,19.877870364480632,19.508101812005517,train,0.3697685524751151,1.8602020523076108
12,55–59,1983,19.251928699015856,17.833831887486237,train,1.4180968115296189,7.3659986679781895
12,55–59,1984,15.109544195416772,16.192209312423557,train,1.0826651170067851,7.165438632723239
12,55–59,1985,17.863501270226816,16.892905004435217,train,0.970596265791599,5.43340440997027
12,55–59,1986,14.15439662243611,14.912290788228615,train,0.7578941657925053,5.354478795593227
12,55–59,1987,14.63378941977025,14.215832810910333,train,0.41795660885991737,2.856106486644245
12,55–59,1988,14.790857278087838,13.68016016378652,train,1.1106971143013187,7.509349143316929
12,55–59,1989,12.2016744122325,11.007024019966066,train,1.1946503922664338,9.790872563103022
12,55–59,1990,9.758749033306716,9.762349929717631,train,0.003600896410915766,0.03689915990897878
12,55–59,1991,9.482170427584046,9.750660804249534,train,0.26849037666548803,2.831528696050831
12,55–59,1992,10.032905904517138,9.377512560518834,train,0.6553933439983037,6.532437862326851
12,55–59,1993,10.5500035332559,9.593961075453256,train,0.9560424578026439,9.062010783114816
12,55–59,1994,9.654552316458672,8.914912448719399,train,0.7396398677392728,7.66104779895766
12,55–59,1995,9.708303550098178,8.740778905935308,train,0.9675246441628698,9.96594965505673
12,55–59,1996,7.407914986767612,8.243976138154126,train,0.8360611513865139,11.286052187152904
12,55–59,1997,7.268811414726074,7.0722929823725185,train,0.19651843235355582,2.7035841369529
12,55–59,1998,8.148108338635383,8.438357163426767,train,0.2902488247913837,3.5621620715955475
12,55–59,1999,8.436591082606755,8.332627435472139,train,0.10396364713461637,1.2322944909461402
12,55–59,2000,7.715683493018512,7.2851891804613675,train,0.4304943125571441,5.57947086537018
12,55–59,2001,7.495052878757088,7.8618849047719435,train,0.36683202601485565,4.8943220541452375
12,55–59,2002,6.090559187608535,7.223722567370307,train,1.133163379761772,18.60524370352125
12,55–59,2003,6.140550050481034,7.496446441379401,train,1.3558963908983674,22.08102498557357
12,55–59,2004,5.629053605065599,6.222994527775926,train,0.5939409227103267,10.551346005584985
12,55–59,2005,4.950018018065586,5.552628611507012,train,0.6026105934414252,12.17390706947202
12,55–59,2006,5.8393567567704805,5.5708573413331655,train,0.26849941543731504,4.598099184914531
12,55–59,2007,6.960777848606745,6.145687939720789,train,0.8150899088859562,11.709753228931202
12,55–59,2008,6.70045498440381,5.74776471851025,train,0.9526902658935601,14.218292162413926
12,55–59,2009,5.771718353724852,5.070482020759378,train,0.7012363329654736,12.149524456835662
12,55–59,2010,4.466277156462948,4.649388938266865,train,0.18311178180391696,4.09987502766021
12,55–59,2011,3.670013369334417,4.222650178618607,train,0.55263680928419,15.058168831259996
12,55–59,2012,4.240937772316168,3.928654779527804,train,0.31228299278836413,7.3635363109280485
12,55–59,2013,3.794224606422163,4.019877347061133,train,0.2256527406389699,5.947268916474439
12,55–59,2014,4.736504947068385,3.8384721801939707,train,0.8980327668744139,18.9598190418917
12,55–59,2015,4.253820972061447,3.9978064432527294,train,0.2560145288087172,6.01846035576457
12,55–59,2016,3.8896680364999456,4.28450109998619,train,0.39483306348624403,10.15081646508652
12,55–59,2017,3.0854844020310095,3.891452952762816,train,0.8059685507318064,26.121297200571824
12,55–59,2018,4.650268130232872,4.39553784377434,train,0.2547302864585319,5.477754815952425
12,55–59,2019,3.7650140164923984,4.332684652202601,test,0.5676706357102024,15.07751719445288
12,55–59,2020,3.378834977699689,4.186378642858519,test,0.8075436651588297,23.900062314040724
12,55–59,2021,4.204017873304137,3.968384414105719,test,0.23563345919841794,5.6049585491705445
12,55–59,2022,4.140904235454882,3.6270076845084636,test,0.5138965509464186,12.410249591052583
12,55–59,2023,4.816564735009296,3.5661931023607067,test,1.250371632648589,25.959822019212947
13,60–64,1979,25.13175693156031,30.050901843747535,train,4.919144912187225,19.573422286325677
13,60–64,1980,28.463134835994698,26.9254210380783,train,1.5377137979163962,5.4024751903707795
13,60–64,1981,28.224767320978714,28.16690358317226,train,0.057863737806453486,0.2050105042440684
13,60–64,1982,24.884864888819195,27.15322919656733,train,2.2683643077481364,9.115437507427721
13,60–64,1983,24.809586424194308,23.833735148404187,train,0.9758512757901201,3.9333637373272374
13,60–64,1984,22.5584118878031,22.884820411347754,train,0.32640852354465366,1.4469481502868404
13,60–64,1985,27.93727691147941,23.364459674591807,train,4.572817236887605,16.368156608021582
13,60–64,1986,20.709775013806517,21.17998329831246,train,0.47020828450594365,2.270465440558729
13,60–64,1987,19.01926853622234,20.607677655105228,train,1.5884091188828862,8.351578378830652
13,60–64,1988,17.860381658357205,19.392366744060183,train,1.5319850857029778,8.577560743144218
13,60–64,1989,14.546793966683838,15.60088784609163,train,1.0540938794077928,7.246228150491152
13,60–64,1990,12.919930025658982,13.811015829629959,train,0.8910858039709773,6.896986301019284
13,60–64,1991,13.928957298334424,13.857380704743823,train,0.07157659359060098,0.5138690000805721
13,60–64,1992,12.46288625783512,13.319424001720005,train,0.8565377438848856,6.872707703212814
13,60–64,1993,14.309017542855507,13.782278428619538,train,0.5267391142359692,3.6811689737494944
13,60–64,1994,12.258163937182164,12.21645837461977,train,0.041705562562395215,0.3402268298590094
13,60–64,1995,12.483422244313171,12.451752942912945,train,0.0316693014002265,0.2536908612111832
13,60–64,1996,13.71375129549987,11.697047015421296,train,2.0167042800785744,14.705708428155251
13,60–64,1997,10.153303851964829,9.924122176364591,train,0.2291816756002376,2.25721281409191
13,60–64,1998,12.660323519959483,11.967827925923865,train,0.6924955940356181,5.469809621719953
13,60–64,1999,13.223525180236647,11.748142708190185,train,1.4753824720464621,11.15725536070752
13,60–64,2000,10.302268559536811,9.781590870017704,train,0.5206776895191076,5.05401006108617
13,60–64,2001,13.50614529610973,11.038750883568088,train,2.4673944125416423,18.26867961543656
13,60–64,2002,12.099295530617026,10.398633141098427,train,1.7006623895185982,14.0558794122774
13,60–64,2003,9.239668603886074,10.113577415565135,train,0.8739088116790619,9.458226795185146
13,60–64,2004,10.231620554069178,8.657238652598622,train,1.5743819014705558,15.387414859168272
13,60–64,2005,6.546080964685617,7.72372492024291,train,1.1776439555572935,17.990060952658126
13,60–64,2006,6.688316996499781,7.542727869601165,train,0.8544108731013837,12.77467670190461
13,60–64,2007,8.787200136795333,8.375095940241094,train,0.4121041965542389,4.689823722446046
13,60–64,2008,6.834548490741844,8.088587219495219,train,1.2540387287533745,18.34852339480961
13,60–64,2009,6.195687509931323,6.921163523532762,train,0.7254760136014387,11.709370629789563
13,60–64,2010,5.880224036535791,6.086662241691044,train,0.20643820515525224,3.5107200656400654
13,60–64,2011,4.97738987020447,5.596905833269652,train,0.6195159630651821,12.446603123731848
13,60–64,2012,5.559657059665463,5.383234440166304,train,0.17642261949915916,3.1732644227119815
13,60–64,2013,6.091886787878637,5.5308947532168995,train,0.5609920346617372,9.208838808002374
13,60–64,2014,5.439041198645141,5.345535918946469,train,0.09350527969867173,1.719150053909571
13,60–64,2015,5.629530910720235,4.9781235965897785,train,0.6514073141304566,11.571253883516137
13,60–64,2016,5.9033277665504205,6.152496696755514,train,0.24916893020509345,4.220821544365883
13,60–64,2017,4.926006613561137,5.292937488554568,train,0.3669308749934306,7.448850636604541
13,60–64,2018,5.711624245741076,6.151450809132877,train,0.4398265633918008,7.7005514450598085
13,60–64,2019,5.364521760405418,5.728804550875238,test,0.3642827904698205,6.790592092635863
13,60–64,2020,4.980758796842102,5.780167192328427,test,0.7994083954863243,16.049931909836
13,60–64,2021,5.706446366654147,5.606232958730192,test,0.10021340792395517,1.7561438675662726
13,60–64,2022,6.751371457285795,5.235565568907621,test,1.515805888378174,22.45182179603494
13,60–64,2023,6.016609355168794,4.548907847574106,test,1.467701507594688,24.39416323969586
14,65–69,1979,31.9888399836448,34.89182692359896,train,2.902986939954161,9.074999097930387
14,65–69,1980,30.251834890139296,36.994759800379924,train,6.742924910240628,22.289308845985108
14,65–69,1981,32.512468757549556,35.963519278308546,train,3.45105052075899,10.614544673595846
14,65–69,1982,31.617706794074316,32.4221624681369,train,0.8044556740625808,2.54432011563011
14,65–69,1983,28.464053966134195,30.155400816042086,train,1.691346849907891,5.942044839853846
14,65–69,1984,29.397783282043584,27.297442807828425,train,2.100340474215159,7.144553907566441
14,65–69,1985,37.38240972764244,29.864075871224546,train,7.518333856417893,20.1119561611847
14,65–69,1986,28.63033662515931,26.23747473338726,train,2.39286189177205,8.35778469216212
14,65–69,1987,26.149672263850196,26.41410259383835,train,0.26443032998815497,1.0112185243472764
14,65–69,1988,27.08554021738929,25.75692263998164,train,1.3286175774076519,4.905265195909443
14,65–69,1989,21.34039180242025,20.49240709220024,train,0.8479847102200111,3.9736135965593644
14,65–69,1990,20.91478865692487,18.441977615266264,train,2.4728110416586055,11.823265739000712
14,65–69,1991,18.2940925049103,18.52279563840818,train,0.22870313349788063,1.2501474639230923
14,65–69,1992,16.932934397658784,17.95882433173265,train,1.0258899340738665,6.058547856984022
14,65–69,1993,21.203205064185788,18.56719377609597,train,2.6360112880898185,12.43213599128129
14,65–69,1994,13.356425108298348,16.952795556842954,train,3.596370448544606,26.926145427268416
14,65–69,1995,15.973889167112784,16.18726001441361,train,0.21337084730082623,1.3357476383404265
14,65–69,1996,15.671195922130948,16.03672110161588,train,0.3655251794849299,2.332465124558447
14,65–69,1997,14.454453471659724,13.779334017814605,train,0.6751194538451184,4.670667453244071
14,65–69,1998,15.318096932917392,16.287559326013085,train,0.9694623930956929,6.3288696849306
14,65–69,1999,16.56119230152324,16.183934651941687,train,0.3772576495815514,2.2779618925556018
14,65–69,2000,14.835220347783604,13.66810938101805,train,1.167110966765554,7.867163004019158
14,65–69,2001,14.046599594153601,14.312766644549802,train,0.26616705039620037,1.894886008617936
14,65–69,2002,14.384721213037722,14.22400846380966,train,0.1607127492280611,1.1172461867554142
14,65–69,2003,14.43426694973868,14.541750443710852,train,0.10748349397217183,0.744641167760291
14,65–69,2004,15.48056602578687,11.535169337757441,train,3.945396688029428,25.486126808653854
14,65–69,2005,11.153931077811189,10.868415260261697,train,0.2855158175494914,2.5597774951064167
14,65–69,2006,11.12573735548934,10.750438477057036,train,0.3752988784323037,3.3732494884676973
14,65–69,2007,12.641378951360437,11.431173080836073,train,1.210205870524364,9.573369133073289
14,65–69,2008,10.010449683700434,11.06037068749453,train,1.0499210037940951,10.488250148278896
14,65–69,2009,9.506066732588463,10.089405342449862,train,0.5833386098613982,6.136487637537943
14,65–69,2010,7.886887017526728,8.745475899465623,train,0.8585888819388945,10.886283523916156
14,65–69,2011,6.741530615088265,7.652771294862026,train,0.9112406797737611,13.516821799107568
14,65–69,2012,7.91798346174237,7.442105136936291,train,0.4758783248060787,6.010094957957397
14,65–69,2013,7.255368354226871,7.9673900550640155,train,0.7120217008371448,9.813722282237144
14,65–69,2014,7.112493569120398,7.784112054952725,train,0.6716184858323277,9.4427991998225
14,65–69,2015,7.501585562402962,7.528146619936562,train,0.026561057533600163,0.35407257989192265
14,65–69,2016,8.20823045805558,7.730252953039956,train,0.4779775050156232,5.823149184932238
14,65–69,2017,8.143220455769786,8.04963418962959,train,0.09358626614019627,1.1492537460887087
14,65–69,2018,8.595047004989755,8.685960496912465,train,0.09091349192270926,1.0577428124585064
14,65–69,2019,8.600868114288335,8.448949828111624,test,0.151918286176711,1.7663134018336382
14,65–69,2020,6.87269618939678,7.850848767871082,test,0.9781525784743019,14.232443156492195
14,65–69,2021,7.420009331403735,8.016708862658112,test,0.5966995312543766,8.041762545081484
14,65–69,2022,8.853739670157953,7.81423335566808,test,1.0395063144898735,11.740872820030956
14,65–69,2023,7.849123152742266,7.284845614899468,test,0.5642775378427975,7.189051908883028
15,70–74,1979,40.05798223190856,46.07235700017327,train,6.014374768264709,15.014173039085085
15,70–74,1980,45.5125008784582,49.2957119002672,train,3.7832110218090023,8.312465693573118
15,70–74,1981,47.849869396075654,50.09253229136499,train,2.2426628952893353,4.686873597764228
15,70–74,1982,46.4358866709922,50.0988801660907,train,3.6629934950985046,7.888281580691173
15,70–74,1983,47.96573352438156,46.05544145328591,train,1.910292071095654,3.9826182792026508
15,70–74,1984,44.90899324603964,41.167515898173846,train,3.7414773478657963,8.331242981483989
15,70–74,1985,46.36188764873239,42.2857501935375,train,4.076137455194889,8.792000632239867
15,70–74,1986,33.64859190375947,35.943866453447335,train,2.2952745496878677,6.821309361927335
15,70–74,1987,36.62727439214884,34.75464208965007,train,1.872632302498772,5.112671727766279
15,70–74,1988,31.382722765027093,32.486645852018896,train,1.1039230869918022,3.5176141192631447
15,70–74,1989,28.74606632776567,26.336404888416634,train,2.409661439349037,8.382578026063893
15,70–74,1990,22.331235329956137,23.853137261236462,train,1.5219019312803255,6.815126475510187
15,70–74,1991,26.386702969788395,23.668226510449248,train,2.718476459339147,10.30244840536418
15,70–74,1992,29.661921508263767,22.799294873842133,train,6.862626634421634,23.136149937251087
15,70–74,1993,22.39554845406113,23.481783047536616,train,1.086234593475485,4.8502254620092184
15,70–74,1994,23.761781883517244,21.615336548500704,train,2.1464453350165407,9.033183393142155
15,70–74,1995,19.45966332776292,21.33810191711085,train,1.8784385893479296,9.6529860651185
15,70–74,1996,19.639367304304297,20.701239000834537,train,1.0618716965302397,5.406852879102234
15,70–74,1997,18.628912071535023,17.561021626084084,train,1.0678904454509386,5.732435911180638
15,70–74,1998,19.85463570288956,20.877469029654304,train,1.0228333267647436,5.151609639535641
15,70–74,1999,21.733438520894047,20.971448092598507,train,0.7619904282955403,3.5060739586282197
15,70–74,2000,16.26777420329406,18.24909468457234,train,1.9813204812782814,12.179419609088772
15,70–74,2001,20.836092635006572,19.784355988353234,train,1.0517366466533389,5.047667358160634
15,70–74,2002,18.59345258354448,19.03920827991491,train,0.4457556963704299,2.3973799076182933
15,70–74,2003,20.179116616809356,18.77866584979769,train,1.400450767011666,6.940099478116302
15,70–74,2004,20.05872833695044,15.881339961668035,train,4.177388375282407,20.825788679670115
15,70–74,2005,17.14160740990312,14.994722555116308,train,2.146884854786812,12.524408029240625
15,70–74,2006,15.175208622987116,14.60028393586927,train,0.5749246871178464,3.7885784729638674
15,70–74,2007,14.547632196311117,15.944480708167085,train,1.3968485118559677,9.60189598558981
15,70–74,2008,14.3247137123322,15.509037866591632,train,1.184324154259432,8.26769859449158
15,70–74,2009,13.122885106462752,13.862368852835926,train,0.7394837463731747,5.635069882681471
15,70–74,2010,11.15137998327293,12.479135790420099,train,1.3277558071471685,11.906650200592233
15,70–74,2011,10.399191118339036,11.576720148090486,train,1.1775290297514491,11.323275208154119
15,70–74,2012,10.371192204722512,11.0364293106566,train,0.6652371059340876,6.414278057937954
15,70–74,2013,12.036828064327588,11.064413948841445,train,0.9724141154861439,8.078657519151543
15,70–74,2014,11.415588373832811,10.600630098401933,train,0.8149582754308788,7.138994931693167
15,70–74,2015,9.538374470222784,10.459975348829758,train,0.9216008786069736,9.662032891286225
15,70–74,2016,11.53999163856746,11.49909506784992,train,0.040896570717540826,0.35438995103654686
15,70–74,2017,10.826119947609312,10.914239664666257,train,0.08811971705694432,0.8139547454063027
15,70–74,2018,10.586396659722707,11.340823274594445,train,0.754426614871738,7.126377738537324
15,70–74,2019,9.211813160323429,11.325543454272376,test,2.1137302939489473,22.945865891560636
15,70–74,2020,8.419280151547044,10.855219350150888,test,2.435939198603844,28.932867831417152
15,70–74,2021,8.600999627290017,10.709973574508885,test,2.1089739472188676,24.52010276255945
15,70–74,2022,11.404432779730316,9.95459642913439,test,1.449836350595925,12.712919428775043
15,70–74,2023,12.964215784156238,9.52863019472707,test,3.4355855894291683,26.500527657275256
16,75–79,1979,37.44803492621789,49.43085705586714,train,11.98282212964925,31.998533843654126
16,75–79,1980,54.84075089643535,54.02988507090935,train,0.8108658255260011,1.4785826456995272
16,75–79,1981,48.26501204304868,50.05481611722064,train,1.7898040741719612,3.7082847354841504
16,75–79,1982,43.31737349253236,51.374819193343505,train,8.057445700811144,18.60095627035235
16,75–79,1983,38.16899206268912,43.270274818760186,train,5.101282756071065,13.364992053478039
16,75–79,1984,38.250146853242384,39.16917434830336,train,0.9190274950609734,2.4026770369982757
16,75–79,1985,49.346051636794954,41.296682930935454,train,8.0493687058595,16.312082606133934
16,75–79,1986,47.09917931901696,37.40343491471731,train,9.695744404299653,20.58580328677799
16,75–79,1987,41.99934001037126,38.678827058204,train,3.320512952167263,7.906107456325027
16,75–79,1988,43.01586261143157,37.41125164997096,train,5.604610961460615,13.02917254522562
16,75–79,1989,31.763460256460533,33.45941931778066,train,1.6959590613201243,5.3393397558919125
16,75–79,1990,36.19104347072107,31.198727129825112,train,4.992316340895957,13.794342086142924
16,75–79,1991,29.453153123670525,30.652371373268398,train,1.1992182495978732,4.071612450329133
16,75–79,1992,33.76002250668167,30.168325936057965,train,3.591696570623707,10.638904550234972
16,75–79,1993,35.04402618435199,31.068830375745836,train,3.9751958086061556,11.343433507595018
16,75–79,1994,26.19426442624859,29.290441085391972,train,3.0961766591433815,11.820055752513452
16,75–79,1995,28.313354978688043,28.932959350293906,train,0.6196043716058632,2.1883820270407734
16,75–79,1996,30.187130903708915,27.778582344526924,train,2.408548559181991,7.978726321705739
16,75–79,1997,27.400171111272655,24.346330773069695,train,3.05384033820296,11.145333092268848
16,75–79,1998,31.87835220797437,28.751973033334348,train,3.1263791746400216,9.80721699240765
16,75–79,1999,27.706445083516975,28.52995652243583,train,0.8235114389188531,2.9722739111297027
16,75–79,2000,26.8167090239456,25.392393519852856,train,1.4243155040927427,5.31129864899127
16,75–79,2001,22.589829870343788,26.628423990414063,train,4.038594120070275,17.877930658398594
16,75–79,2002,24.045808388616223,25.09539988650645,train,1.0495914978902263,4.364966571001724
16,75–79,2003,26.533724795657964,24.872084962520212,train,1.6616398331377518,6.262369290155847
16,75–79,2004,21.44354622125159,22.95736354854768,train,1.5138173272960884,7.059547481917064
16,75–79,2005,22.414235260621016,21.428946463273935,train,0.9852887973470814,4.395817148747919
16,75–79,2006,21.21861658549236,20.31635492170598,train,0.9022616637863798,4.2522171987559085
16,75–79,2007,23.004459030975504,22.40296748456471,train,0.601491546410795,2.614673727388619
16,75–79,2008,20.43368145577795,21.50139215781488,train,1.0677107020369299,5.225248834125373
16,75–79,2009,17.622471588353747,19.419607023425527,train,1.7971354350717803,10.197976067440292
16,75–79,2010,16.5427459160096,18.289424580933893,train,1.7466786649242927,10.558577601279039
16,75–79,2011,14.058296239932941,17.179671266378175,train,3.121375026445234,22.203081889673733
16,75–79,2012,16.643417356853742,15.727966170803859,train,0.915451186049884,5.5003799185081546
16,75–79,2013,15.871928572979964,15.694780193009665,train,0.17714837997029953,1.1161112473242425
16,75–79,2014,19.618429650094768,16.038878907241457,train,3.5795507428533107,18.24585762824304
16,75–79,2015,18.17631970266048,16.416701774198966,train,1.7596179284615125,9.680826246712398
16,75–79,2016,16.920090341196644,17.431137618378784,train,0.5110472771821399,3.020357851978212
16,75–79,2017,14.928618015798246,16.023067723418595,train,1.094449707620349,7.331219182258833
16,75–79,2018,13.817181418358343,16.658013982985686,train,2.840832564627343,20.56014521784335
16,75–79,2019,14.446849554879211,18.32804514565405,test,3.881195590774837,26.865342343542437
16,75–79,2020,10.808974537144268,16.974843983548247,test,6.165869446403979,57.04398160265259
16,75–79,2021,9.887376960317884,16.66798791562517,test,6.780610955307285,68.57846102682915
16,75–79,2022,12.799137360795223,15.706051100850091,test,2.9069137400548684,22.71179422574975
16,75–79,2023,15.638413630572552,16.11164183908188,test,0.4732282085093278,3.0260627432451535
17,≥80,1979,50.671518263462936,51.731657183790325,train,1.0601389203273897,2.0921791109855308
17,≥80,1980,46.75424684408834,44.507501702573876,train,2.2467451415144666,4.8054354270890105
17,≥80,1981,65.51477139712433,68.09855320797415,train,2.583781810849814,3.943815655232867
17,≥80,1982,40.50476452951837,41.20001725468912,train,0.6952527251707536,1.7164714651385748
17,≥80,1983,57.306819912316556,50.49084450626058,train,6.815975406055976,11.893829419404
17,≥80,1984,34.84792751631076,34.6287331901406,train,0.219194326170161,0.6290024738704071
17,≥80,1985,29.984483030031956,30.996757598037323,train,1.0122745680053669,3.375994733647699
17,≥80,1986,32.10255838818626,32.98713002421473,train,0.8845716360284683,2.755455267247456
17,≥80,1987,28.6206528875994,31.349545434826094,train,2.7288925472266925,9.534697052313058
17,≥80,1988,32.397153762782146,38.211191855096835,train,5.814038092314689,17.946138524656003
17,≥80,1989,30.573466511353455,33.483401227124205,train,2.909934715770749,9.517843567690125
17,≥80,1990,33.88150258189599,36.250971159623894,train,2.3694685777279076,6.993398749068447
17,≥80,1991,35.30377146055837,38.18675670505901,train,2.882985244500638,8.16622452850832
17,≥80,1992,33.778939150109146,35.15963465508217,train,1.3806955049730263,4.087444839038307
17,≥80,1993,37.38623118514353,37.18347500253215,train,0.20275618261138106,0.5423284888152939
17,≥80,1994,33.14099168997377,35.97394932669458,train,2.8329576367208134,8.548198144528897
17,≥80,1995,35.82314296469903,36.230239279175706,train,0.40709631447667505,1.1364059118928715
17,≥80,1996,36.12032212221696,35.06750262444729,train,1.0528194977696685,2.9147566685793707
17,≥80,1997,34.487317289066944,31.938350623214134,train,2.5489666658528094,7.391026227084571
17,≥80,1998,35.30523740687202,31.979686394157135,train,3.3255510127148824,9.419426852707065
17,≥80,1999,41.49802621729732,36.73347185248046,train,4.76455436481686,11.481399958321115
17,≥80,2000,37.56069410172729,32.9393752898223,train,4.621318811904992,12.30360333434965
17,≥80,2001,33.962103952339845,33.26540421230763,train,0.6966997400322157,2.0514033553690245
17,≥80,2002,33.366998918371785,31.694753410382294,train,1.6722455079894907,5.011674894947644
17,≥80,2003,36.0244288008951,30.036486620431667,train,5.987942180463435,16.62189347555915
17,≥80,2004,31.60733290123309,25.018522392011718,train,6.588810509221371,20.845828813870984
17,≥80,2005,27.789982837807894,27.95116220085758,train,0.16117936304968694,0.5799908693372945
17,≥80,2006,25.884230121443135,28.161927153198953,train,2.2776970317558174,8.799554868231978
17,≥80,2007,26.651335164844372,24.51361001229592,train,2.1377251525484517,8.021080892668795
17,≥80,2008,24.146147736298648,27.126294838646587,train,2.9801471023479387,12.342122374526497
17,≥80,2009,24.613210196815082,24.765897371751347,train,0.15268717493626482,0.6203464469499487
17,≥80,2010,19.30223848347786,21.55708433873429,train,2.254845855256427,11.681784251015797
17,≥80,2011,18.886522329521565,21.13764670814047,train,2.251124378618904,11.919210637842873
17,≥80,2012,20.255617955215225,21.53864917268224,train,1.2830312174670162,6.334199333260397
17,≥80,2013,20.534640407835813,18.946875846176944,train,1.5877645616588687,7.732127420419759
17,≥80,2014,20.569390283857587,17.25468863683895,train,3.3147016470186372,16.11472970893038
17,≥80,2015,20.615583712973876,19.418098622700192,train,1.197485090273684,5.808640235202645
17,≥80,2016,19.58703614729912,23.247471601758157,train,3.660435454459037,18.688051765114956
17,≥80,2017,21.28828687248316,21.67992923016625,train,0.3916423576830894,1.8397081927213177
17,≥80,2018,18.805958746386953,22.14205773925129,train,3.3360989928643363,17.739584765946994
17,≥80,2019,18.87613232839488,17.688346213286714,test,1.1877861151081675,6.2925290755745085
17,≥80,2020,14.119935291422372,27.054774969540944,test,12.934839678118571,91.60693311375351
17,≥80,2021,15.414272502052142,22.13348145745863,test,6.719208955406486,43.59082762103719
17,≥80,2022,19.795935357945663,22.391644962269158,test,2.5957096043234955,13.112336231597329
17,≥80,2023,22.3240017786008,19.503709990161084,test,2.8202917884397145,12.633450832024087
